-- phpMyAdmin SQL Dump
-- version 4.9.2
-- https://www.phpmyadmin.net/
--
-- Host: 127.0.0.1:3306
-- Generation Time: Jul 31, 2020 at 01:33 PM
-- Server version: 10.4.10-MariaDB
-- PHP Version: 7.4.0

SET SQL_MODE = "NO_AUTO_VALUE_ON_ZERO";
SET AUTOCOMMIT = 0;
START TRANSACTION;
SET time_zone = "+00:00";


/*!40101 SET @OLD_CHARACTER_SET_CLIENT=@@CHARACTER_SET_CLIENT */;
/*!40101 SET @OLD_CHARACTER_SET_RESULTS=@@CHARACTER_SET_RESULTS */;
/*!40101 SET @OLD_COLLATION_CONNECTION=@@COLLATION_CONNECTION */;
/*!40101 SET NAMES utf8mb4 */;

--
-- Database: `ecommerce-jagai`
--

-- --------------------------------------------------------

--
-- Table structure for table `alturas`
--

DROP TABLE IF EXISTS `alturas`;
CREATE TABLE IF NOT EXISTS `alturas` (
  `id` int(10) UNSIGNED NOT NULL AUTO_INCREMENT,
  `nombre` varchar(50) COLLATE utf8_unicode_ci NOT NULL,
  PRIMARY KEY (`id`),
  UNIQUE KEY `nombre_unique` (`nombre`),
  UNIQUE KEY `alturas_nombre_unique` (`nombre`)
) ENGINE=InnoDB AUTO_INCREMENT=81 DEFAULT CHARSET=utf8 COLLATE=utf8_unicode_ci;

--
-- Dumping data for table `alturas`
--

INSERT INTO `alturas` (`id`, `nombre`) VALUES
(40, '00'),
(3, '10'),
(33, '11'),
(4, '12'),
(34, '13'),
(5, '14'),
(35, '15'),
(37, '16'),
(36, '17'),
(6, '18'),
(39, '19'),
(28, '2'),
(7, '20'),
(8, '21'),
(9, '22'),
(10, '23'),
(11, '24'),
(12, '25'),
(13, '26'),
(14, '27'),
(15, '28'),
(16, '29'),
(17, '30'),
(18, '31'),
(19, '32'),
(20, '33'),
(21, '34'),
(22, '35'),
(23, '36'),
(24, '37'),
(25, '38'),
(26, '39'),
(29, '4'),
(27, '40'),
(41, '41'),
(42, '42'),
(43, '43'),
(44, '44'),
(45, '45'),
(46, '46'),
(47, '47'),
(48, '48'),
(49, '49'),
(30, '5'),
(50, '50'),
(51, '51'),
(52, '52'),
(53, '53'),
(54, '54'),
(55, '55'),
(56, '56'),
(57, '57'),
(58, '58'),
(59, '59'),
(1, '6'),
(60, '60'),
(61, '61'),
(62, '62'),
(63, '63'),
(64, '64'),
(65, '65'),
(66, '66'),
(67, '67'),
(68, '68'),
(69, '69'),
(31, '7'),
(70, '70'),
(71, '71'),
(72, '72'),
(73, '73'),
(74, '74'),
(75, '75'),
(76, '76'),
(77, '77'),
(78, '78'),
(79, '79'),
(2, '8'),
(80, '80'),
(32, '9');

-- --------------------------------------------------------

--
-- Table structure for table `bookeditems`
--

DROP TABLE IF EXISTS `bookeditems`;
CREATE TABLE IF NOT EXISTS `bookeditems` (
  `id` int(10) UNSIGNED NOT NULL AUTO_INCREMENT,
  `bookingId` int(11) NOT NULL,
  `itemid` varchar(255) COLLATE utf8mb4_unicode_ci NOT NULL,
  `itemqty` varchar(255) COLLATE utf8mb4_unicode_ci NOT NULL,
  `itemPrice` varchar(50) COLLATE utf8mb4_unicode_ci NOT NULL,
  `created_at` timestamp NULL DEFAULT NULL,
  `updated_at` timestamp NULL DEFAULT NULL,
  PRIMARY KEY (`id`)
) ENGINE=MyISAM AUTO_INCREMENT=73 DEFAULT CHARSET=utf8mb4 COLLATE=utf8mb4_unicode_ci;

--
-- Dumping data for table `bookeditems`
--

INSERT INTO `bookeditems` (`id`, `bookingId`, `itemid`, `itemqty`, `itemPrice`, `created_at`, `updated_at`) VALUES
(1, 1, '31', '1', '3275', '2019-07-15 23:12:18', '2019-07-15 23:12:18'),
(2, 2, '31', '1', '3275', '2019-07-15 23:12:59', '2019-07-15 23:12:59'),
(3, 3, '11926', '1', '3148', '2019-07-15 23:15:27', '2019-07-15 23:15:27'),
(4, 3, '11515', '1', '4270.57', '2019-07-15 23:15:27', '2019-07-15 23:15:27'),
(5, 4, '298', '1', '3285', '2019-07-15 23:19:31', '2019-07-15 23:19:31'),
(6, 4, '1812', '1', '3407', '2019-07-15 23:19:31', '2019-07-15 23:19:31'),
(7, 5, '3368', '1', '11167', '2019-07-15 23:22:04', '2019-07-15 23:22:04'),
(8, 6, '3368', '1', '11167', '2019-07-15 23:22:33', '2019-07-15 23:22:33'),
(9, 7, '31', '1', '3275', '2019-07-21 22:44:55', '2019-07-21 22:44:55'),
(10, 8, '31', '1', '3275', '2019-07-21 22:47:52', '2019-07-21 22:47:52'),
(11, 9, '31', '1', '3275', '2019-07-21 22:48:28', '2019-07-21 22:48:28'),
(12, 10, '31', '1', '3275', '2019-07-21 22:50:46', '2019-07-21 22:50:46'),
(13, 11, '31', '1', '3275', '2019-07-21 22:52:48', '2019-07-21 22:52:48'),
(14, 12, '3475', '1', '22359.24', '2019-07-21 22:59:01', '2019-07-21 22:59:01'),
(15, 13, '3475', '1', '22359.24', '2019-07-21 22:59:29', '2019-07-21 22:59:29'),
(16, 14, '3732', '1', '15860', '2020-02-03 00:02:13', '2020-02-03 00:02:13'),
(17, 19, '11940', '1', '39922.8', '2020-02-19 22:53:47', '2020-02-19 22:53:47'),
(18, 20, '11940', '1', '39922.8', '2020-02-19 23:02:46', '2020-02-19 23:02:46'),
(19, 21, '405', '1', '32336.85', '2020-02-19 23:09:31', '2020-02-19 23:09:31'),
(20, 22, '31', '1', '3275', '2020-02-19 23:57:17', '2020-02-19 23:57:17'),
(21, 23, '31', '1', '3275', '2020-02-27 22:47:49', '2020-02-27 22:47:49'),
(22, 24, '31', '1', '3275', '2020-02-27 23:42:35', '2020-02-27 23:42:35'),
(23, 25, '31', '1', '3275', '2020-02-27 23:45:03', '2020-02-27 23:45:03'),
(24, 26, '31', '1', '3275', '2020-02-28 00:01:47', '2020-02-28 00:01:47'),
(25, 27, '31', '1', '3275', '2020-02-28 00:04:02', '2020-02-28 00:04:02'),
(26, 28, '31', '1', '3275', '2020-02-28 00:05:02', '2020-02-28 00:05:02'),
(27, 29, '31', '1', '3275', '2020-02-28 00:12:58', '2020-02-28 00:12:58'),
(28, 30, '31', '1', '3275', '2020-02-28 00:14:10', '2020-02-28 00:14:10'),
(29, 31, '31', '1', '3275', '2020-02-28 00:14:56', '2020-02-28 00:14:56'),
(30, 32, '31', '1', '3275', '2020-02-28 00:16:22', '2020-02-28 00:16:22'),
(31, 33, '11926', '1', '3148', '2020-02-28 00:18:50', '2020-02-28 00:18:50'),
(32, 34, '2770', '1', '8217.34', '2020-02-28 21:22:52', '2020-02-28 21:22:52'),
(33, 35, '31', '1', '3275', '2020-03-18 04:09:33', '2020-03-18 04:09:33'),
(34, 36, '31', '1', '3275', '2020-03-18 04:15:16', '2020-03-18 04:15:16'),
(35, 37, '31', '1', '3275', '2020-03-19 02:05:13', '2020-03-19 02:05:13'),
(36, 37, '297', '2', '2953', '2020-03-19 02:05:13', '2020-03-19 02:05:13'),
(37, 38, '31', '1', '3275', '2020-03-19 02:06:55', '2020-03-19 02:06:55'),
(38, 38, '297', '2', '2953', '2020-03-19 02:06:55', '2020-03-19 02:06:55'),
(39, 39, '31', '1', '3275', '2020-03-19 02:08:11', '2020-03-19 02:08:11'),
(40, 39, '297', '2', '2953', '2020-03-19 02:08:11', '2020-03-19 02:08:11'),
(41, 40, '31', '1', '3275', '2020-03-19 02:08:52', '2020-03-19 02:08:52'),
(42, 40, '297', '2', '2953', '2020-03-19 02:08:52', '2020-03-19 02:08:52'),
(43, 41, '31', '1', '3275', '2020-03-19 02:10:16', '2020-03-19 02:10:16'),
(44, 41, '297', '2', '2953', '2020-03-19 02:10:16', '2020-03-19 02:10:16'),
(45, 42, '31', '1', '3275', '2020-03-19 02:14:00', '2020-03-19 02:14:00'),
(46, 42, '297', '2', '2953', '2020-03-19 02:14:00', '2020-03-19 02:14:00'),
(47, 43, '31', '1', '3275', '2020-03-19 02:15:36', '2020-03-19 02:15:36'),
(48, 43, '297', '2', '2953', '2020-03-19 02:15:36', '2020-03-19 02:15:36'),
(49, 44, '31', '1', '3275', '2020-03-19 02:17:16', '2020-03-19 02:17:16'),
(50, 44, '297', '2', '2953', '2020-03-19 02:17:16', '2020-03-19 02:17:16'),
(51, 45, '31', '1', '3275', '2020-03-19 02:17:50', '2020-03-19 02:17:50'),
(52, 45, '297', '2', '2953', '2020-03-19 02:17:50', '2020-03-19 02:17:50'),
(53, 46, '31', '1', '3275', '2020-03-19 02:18:15', '2020-03-19 02:18:15'),
(54, 46, '297', '2', '2953', '2020-03-19 02:18:15', '2020-03-19 02:18:15'),
(55, 47, '31', '1', '3275', '2020-03-19 02:19:43', '2020-03-19 02:19:43'),
(56, 47, '297', '2', '2953', '2020-03-19 02:19:43', '2020-03-19 02:19:43'),
(57, 48, '31', '1', '3275', '2020-03-19 02:20:42', '2020-03-19 02:20:42'),
(58, 48, '297', '2', '2953', '2020-03-19 02:20:42', '2020-03-19 02:20:42'),
(59, 49, '31', '1', '3275', '2020-03-19 02:22:04', '2020-03-19 02:22:04'),
(60, 49, '297', '2', '2953', '2020-03-19 02:22:04', '2020-03-19 02:22:04'),
(61, 50, '31', '1', '3275', '2020-03-19 02:23:19', '2020-03-19 02:23:19'),
(62, 50, '297', '2', '2953', '2020-03-19 02:23:19', '2020-03-19 02:23:19'),
(63, 51, '31', '1', '3275', '2020-03-19 02:28:15', '2020-03-19 02:28:15'),
(64, 51, '297', '2', '2953', '2020-03-19 02:28:15', '2020-03-19 02:28:15'),
(65, 52, '31', '1', '3275', '2020-03-19 02:40:46', '2020-03-19 02:40:46'),
(66, 52, '297', '2', '2953', '2020-03-19 02:40:46', '2020-03-19 02:40:46'),
(67, 53, '31', '1', '3275', '2020-03-19 02:50:26', '2020-03-19 02:50:26'),
(68, 53, '297', '2', '2953', '2020-03-19 02:50:26', '2020-03-19 02:50:26'),
(69, 54, '31', '1', '3275', '2020-03-19 02:52:10', '2020-03-19 02:52:10'),
(70, 54, '297', '2', '2953', '2020-03-19 02:52:10', '2020-03-19 02:52:10'),
(71, 55, '31', '1', '3275', '2020-03-19 02:56:15', '2020-03-19 02:56:15'),
(72, 55, '297', '2', '2953', '2020-03-19 02:56:15', '2020-03-19 02:56:15');

-- --------------------------------------------------------

--
-- Table structure for table `bookings`
--

DROP TABLE IF EXISTS `bookings`;
CREATE TABLE IF NOT EXISTS `bookings` (
  `id` int(10) UNSIGNED NOT NULL AUTO_INCREMENT,
  `created_by` int(10) UNSIGNED DEFAULT NULL COMMENT 'who''s create this order.',
  `userId` int(11) DEFAULT NULL,
  `email` varchar(250) COLLATE utf8mb4_unicode_ci NOT NULL,
  `country` varchar(50) COLLATE utf8mb4_unicode_ci NOT NULL,
  `firstname` varchar(50) COLLATE utf8mb4_unicode_ci NOT NULL,
  `lastname` varchar(50) COLLATE utf8mb4_unicode_ci NOT NULL,
  `companyname` varchar(50) COLLATE utf8mb4_unicode_ci NOT NULL,
  `address1` text COLLATE utf8mb4_unicode_ci NOT NULL,
  `address2` text COLLATE utf8mb4_unicode_ci DEFAULT NULL,
  `city` varchar(50) COLLATE utf8mb4_unicode_ci NOT NULL,
  `state` varchar(50) COLLATE utf8mb4_unicode_ci NOT NULL,
  `postcode` varchar(10) COLLATE utf8mb4_unicode_ci NOT NULL,
  `phone` varchar(15) COLLATE utf8mb4_unicode_ci NOT NULL,
  `shipping_email` varchar(250) COLLATE utf8mb4_unicode_ci NOT NULL,
  `shipping_country` varchar(50) COLLATE utf8mb4_unicode_ci NOT NULL,
  `shipping_firstname` varchar(50) COLLATE utf8mb4_unicode_ci NOT NULL,
  `shipping_lastname` varchar(50) COLLATE utf8mb4_unicode_ci NOT NULL,
  `shipping_companyname` varchar(100) COLLATE utf8mb4_unicode_ci NOT NULL,
  `shipping_address1` text COLLATE utf8mb4_unicode_ci NOT NULL,
  `shipping_address2` text COLLATE utf8mb4_unicode_ci DEFAULT NULL,
  `shipping_city` varchar(50) COLLATE utf8mb4_unicode_ci NOT NULL,
  `shipping_state` varchar(50) COLLATE utf8mb4_unicode_ci NOT NULL,
  `shipping_postcode` varchar(10) COLLATE utf8mb4_unicode_ci NOT NULL,
  `shipping_phone` varchar(15) COLLATE utf8mb4_unicode_ci NOT NULL,
  `orderNote` text COLLATE utf8mb4_unicode_ci DEFAULT NULL,
  `tranjectionid` varchar(100) COLLATE utf8mb4_unicode_ci DEFAULT NULL,
  `amount` varchar(255) COLLATE utf8mb4_unicode_ci NOT NULL,
  `installments` int(11) DEFAULT NULL,
  `interestAmount` decimal(9,2) DEFAULT NULL,
  `payableAmount` decimal(9,2) DEFAULT NULL,
  `paymentThrough` varchar(255) COLLATE utf8mb4_unicode_ci DEFAULT NULL,
  `orderstatus` varchar(255) COLLATE utf8mb4_unicode_ci NOT NULL DEFAULT 'pending',
  `due_condition` int(11) DEFAULT NULL,
  `deliveryStatus` enum('Process','Cancel','Delivered','Return') COLLATE utf8mb4_unicode_ci NOT NULL COMMENT 'Order Delivery Status',
  `address_validation_code` varchar(255) COLLATE utf8mb4_unicode_ci DEFAULT NULL,
  `ip_address` varchar(255) COLLATE utf8mb4_unicode_ci DEFAULT NULL,
  `created_at` timestamp NULL DEFAULT NULL,
  `updated_at` timestamp NULL DEFAULT NULL,
  PRIMARY KEY (`id`)
) ENGINE=MyISAM AUTO_INCREMENT=56 DEFAULT CHARSET=utf8mb4 COLLATE=utf8mb4_unicode_ci;

--
-- Dumping data for table `bookings`
--

INSERT INTO `bookings` (`id`, `created_by`, `userId`, `email`, `country`, `firstname`, `lastname`, `companyname`, `address1`, `address2`, `city`, `state`, `postcode`, `phone`, `shipping_email`, `shipping_country`, `shipping_firstname`, `shipping_lastname`, `shipping_companyname`, `shipping_address1`, `shipping_address2`, `shipping_city`, `shipping_state`, `shipping_postcode`, `shipping_phone`, `orderNote`, `tranjectionid`, `amount`, `installments`, `interestAmount`, `payableAmount`, `paymentThrough`, `orderstatus`, `due_condition`, `deliveryStatus`, `address_validation_code`, `ip_address`, `created_at`, `updated_at`) VALUES
(1, NULL, 2, 'ashok@nrt.co.in', 'Argentina', 'Ashok', 'Sahu', 'NRT', 'Arera', 'Colony', 'Bhopal', 'Madhya Pradesh', '462016', '9713753131', 'ashok@nrt.co.in', 'Argentina', 'Ashok', 'Sahu', 'NRT', 'Arera', 'Colony', 'Bhopal', 'Madhya Pradesh', '462016', '9713753131', NULL, '13235977', '3275.00', 11, '688.00', '3963.00', 'TodoPago', 'pending', NULL, 'Process', NULL, NULL, '2019-07-15 23:12:18', '2019-07-15 23:12:18'),
(2, NULL, 2, 'ashok@nrt.co.in', 'Argentina', 'Ashok', 'Sahu', 'NRT', 'Arera', 'Colony', 'Bhopal', 'Madhya Pradesh', '462016', '9713753131', 'ashok@nrt.co.in', 'Argentina', 'Ashok', 'Sahu', 'NRT', 'Arera', 'Colony', 'Bhopal', 'Madhya Pradesh', '462016', '9713753131', NULL, 'OrderNum-1563262985-2', '3275.00', 9, '622.00', '3897.00', 'Prisma', 'approved', NULL, 'Process', NULL, NULL, '2019-07-15 23:12:59', '2019-07-15 23:13:07'),
(3, NULL, 2, 'ashok@nrt.co.in', 'Argentina', 'Ashok', 'Sahu', 'NRT', 'Arera', 'Colony', 'Bhopal', 'Madhya Pradesh', '462016', '9713753131', 'ashok@nrt.co.in', 'Argentina', 'Ashok', 'Sahu', 'NRT', 'Arera', 'Colony', 'Bhopal', 'Madhya Pradesh', '462016', '9713753131', NULL, 'OrderNum-1563263134-3', '7418.57', 4, '1039.00', '8458.00', 'Prisma', 'approved', NULL, 'Process', NULL, NULL, '2019-07-15 23:15:27', '2019-07-15 23:15:37'),
(4, NULL, 2, 'ashok@nrt.co.in', 'Argentina', 'Ashok', 'Sahu', 'NRT', 'Arera', 'Colony', 'Bhopal', 'Madhya Pradesh', '462016', '9713753131', 'ashok@nrt.co.in', 'Argentina', 'Ashok', 'Sahu', 'NRT', 'Arera', 'Colony', 'Bhopal', 'Madhya Pradesh', '462016', '9713753131', NULL, 'OrderNum-1563263377-4', '6692.00', 8, '1205.00', '7897.00', 'Prisma', 'approved', NULL, 'Process', NULL, NULL, '2019-07-15 23:19:31', '2019-07-15 23:19:39'),
(5, NULL, 2, 'ashok@nrt.co.in', 'Argentina', 'Ashok', 'Sahu', 'NRT', 'Arera', 'Colony', 'Bhopal', 'Madhya Pradesh', '462016', '9713753131', 'ashok@nrt.co.in', 'Argentina', 'Ashok', 'Sahu', 'NRT', 'Arera', 'Colony', 'Bhopal', 'Madhya Pradesh', '462016', '9713753131', NULL, NULL, '11167.00', 1, '0.00', '11167.00', 'Prisma', 'pending', NULL, 'Process', NULL, NULL, '2019-07-15 23:22:04', '2019-07-15 23:22:04'),
(6, NULL, 2, 'ashok@nrt.co.in', 'Argentina', 'Ashok', 'Sahu', 'NRT', 'Arera', 'Colony', 'Bhopal', 'Madhya Pradesh', '462016', '9713753131', 'ashok@nrt.co.in', 'Argentina', 'Ashok', 'Sahu', 'NRT', 'Arera', 'Colony', 'Bhopal', 'Madhya Pradesh', '462016', '9713753131', NULL, NULL, '11167.00', 1, '0.00', '11167.00', 'Prisma', 'pending', NULL, 'Process', NULL, NULL, '2019-07-15 23:22:33', '2019-07-15 23:22:33'),
(7, NULL, 2, 'ashok@nrt.co.in', 'Argentina', 'Ashok', 'Sahu', 'NRT', 'Arera', 'Colony', 'Bhopal', 'Madhya Pradesh', '462016', '9713753131', 'ashok@nrt.co.in', 'Argentina', 'Ashok', 'Sahu', 'NRT', 'Arera', 'Colony', 'Bhopal', 'Madhya Pradesh', '462016', '9713753131', NULL, NULL, '3275.00', 1, '0.00', '3275.00', 'Prisma', 'pending', NULL, 'Process', NULL, NULL, '2019-07-21 22:44:55', '2019-07-21 22:44:55'),
(8, NULL, 2, 'ashok@nrt.co.in', 'Argentina', 'Ashok', 'Sahu', 'NRT', 'Arera', 'Colony', 'Bhopal', 'Madhya Pradesh', '462016', '9713753131', 'ashok@nrt.co.in', 'Argentina', 'Ashok', 'Sahu', 'NRT', 'Arera', 'Colony', 'Bhopal', 'Madhya Pradesh', '462016', '9713753131', NULL, NULL, '3275.00', 1, '0.00', '3275.00', 'Prisma', 'pending', NULL, 'Process', NULL, NULL, '2019-07-21 22:47:52', '2019-07-21 22:47:52'),
(9, NULL, 2, 'ashok@nrt.co.in', 'Argentina', 'Ashok', 'Sahu', 'NRT', 'Arera', 'Colony', 'Bhopal', 'Madhya Pradesh', '462016', '9713753131', 'ashok@nrt.co.in', 'Argentina', 'Ashok', 'Sahu', 'NRT', 'Arera', 'Colony', 'Bhopal', 'Madhya Pradesh', '462016', '9713753131', NULL, NULL, '3275.00', 1, '0.00', '3275.00', 'Prisma', 'pending', NULL, 'Process', NULL, NULL, '2019-07-21 22:48:28', '2019-07-21 22:48:28'),
(10, NULL, 2, 'ashok@nrt.co.in', 'Argentina', 'Ashok', 'Sahu', 'NRT', 'Arera', 'Colony', 'Bhopal', 'Madhya Pradesh', '462016', '9713753131', 'ashok@nrt.co.in', 'Argentina', 'Ashok', 'Sahu', 'NRT', 'Arera', 'Colony', 'Bhopal', 'Madhya Pradesh', '462016', '9713753131', NULL, 'OrderNum-1563780053-10', '3275.00', 1, '0.00', '3275.00', 'Prisma', 'approved', NULL, 'Process', NULL, NULL, '2019-07-21 22:50:46', '2019-07-21 22:50:55'),
(11, NULL, 2, 'ashok@nrt.co.in', 'Argentina', 'Ashok', 'Sahu', 'NRT', 'Arera', 'Colony', 'Bhopal', 'Madhya Pradesh', '462016', '9713753131', 'ashok@nrt.co.in', 'Argentina', 'Ashok', 'Sahu', 'NRT', 'Arera', 'Colony', 'Bhopal', 'Madhya Pradesh', '462016', '9713753131', NULL, 'OrderNum-1563780174-11', '3275.00', 1, '0.00', '3275.00', 'Prisma', 'approved', NULL, 'Process', NULL, NULL, '2019-07-21 22:52:48', '2019-07-21 22:52:56'),
(12, NULL, 2, 'ashok@nrt.co.in', 'Argentina', 'Ashok', 'Sahu', 'NRT', 'Arera', 'Colony', 'Bhopal', 'Madhya Pradesh', '462016', '9713753131', 'ashok@nrt.co.in', 'Argentina', 'Ashok', 'Sahu', 'NRT', 'Arera', 'Colony', 'Bhopal', 'Madhya Pradesh', '462016', '9713753131', NULL, NULL, '22359.24', 1, '0.00', '22359.24', 'MercadoPago', 'pending', NULL, 'Process', NULL, NULL, '2019-07-21 22:59:01', '2019-07-21 22:59:01'),
(13, NULL, 2, 'ashok@nrt.co.in', 'Argentina', 'Ashok', 'Sahu', 'NRT', 'Arera', 'Colony', 'Bhopal', 'Madhya Pradesh', '462016', '9713753131', 'ashok@nrt.co.in', 'Argentina', 'Ashok', 'Sahu', 'NRT', 'Arera', 'Colony', 'Bhopal', 'Madhya Pradesh', '462016', '9713753131', NULL, NULL, '22359.24', 1, '0.00', '22359.24', 'MercadoPago', 'pending', NULL, 'Process', NULL, NULL, '2019-07-21 22:59:29', '2019-07-21 22:59:29'),
(14, NULL, 2, 'ashok@nrt.co.in', 'Argentina', 'Ashok', 'Sahu', 'NRT', 'Arera', 'Colony', 'Bhopal', 'Madhya Pradesh', '462016', '9713753131', 'ashok@nrt.co.in', 'Argentina', 'Ashok', 'Sahu', 'NRT', 'Arera', 'Colony', 'Bhopal', 'Madhya Pradesh', '462016', '9713753131', NULL, 'OrderNum-1580718740-14', '15860.00', 3, '2062.00', '17922.00', 'Prisma', 'approved', NULL, 'Process', 'VTE0011', '127.0.0.1', '2020-02-03 00:02:13', '2020-02-03 00:02:22'),
(15, NULL, 2, 'ashok@nrt.co.in', 'Argentina', 'Ashok', 'Sahu', 'NRT', 'Arera', 'Colony', 'Bhopal', 'Madhya Pradesh', '462016', '9713753131', 'ashok@nrt.co.in', 'Argentina', 'Ashok', 'Sahu', 'NRT', 'Arera', 'Colony', 'Bhopal', 'Madhya Pradesh', '462016', '9713753131', NULL, 'OrderNum-1580718786-15', '15860.00', 3, '0.00', '15860.00', 'Prisma', 'approved', NULL, 'Process', 'VTE0011', '127.0.0.1', '2020-02-03 00:03:02', '2020-02-03 00:03:08'),
(16, NULL, 2, 'ashok@nrt.co.in', 'Argentina', 'Ashok', 'Sahu', 'NRT', 'Arera', 'Colony', 'Bhopal', 'Madhya Pradesh', '462016', '9713753131', 'ashok@nrt.co.in', 'Argentina', 'Ashok', 'Sahu', 'NRT', 'Arera', 'Colony', 'Bhopal', 'Madhya Pradesh', '462016', '9713753131', NULL, 'OrderNum-1580718827-16', '15860.00', 3, '0.00', '15860.00', 'Prisma', 'approved', NULL, 'Process', 'VTE0011', '127.0.0.1', '2020-02-03 00:03:42', '2020-02-03 00:03:49'),
(17, NULL, 2, 'ashok@nrt.co.in', 'Argentina', 'Ashok', 'Sahu', 'NRT', 'Arera', 'Colony', 'Bhopal', 'Madhya Pradesh', '462016', '9713753131', 'ashok@nrt.co.in', 'Argentina', 'Ashok', 'Sahu', 'NRT', 'Arera', 'Colony', 'Bhopal', 'Madhya Pradesh', '462016', '9713753131', NULL, 'OrderNum-1580718842-17', '15860.00', 3, '0.00', '15860.00', 'Prisma', 'approved', NULL, 'Process', 'VTE0011', '127.0.0.1', '2020-02-03 00:04:00', '2020-02-03 00:04:05'),
(18, NULL, 2, 'ashok@nrt.co.in', 'Argentina', 'Ashok', 'Sahu', 'NRT', 'Arera', 'Colony', 'Bhopal', 'Madhya Pradesh', '462016', '9713753131', 'ashok@nrt.co.in', 'Argentina', 'Ashok', 'Sahu', 'NRT', 'Arera', 'Colony', 'Bhopal', 'Madhya Pradesh', '462016', '9713753131', NULL, NULL, '15860.00', 3, '0.00', '15860.00', 'Prisma', 'pending', NULL, 'Process', NULL, '127.0.0.1', '2020-02-03 00:15:31', '2020-02-03 00:15:31'),
(19, NULL, 1, 'jagaiberlinsky@gmail.com', 'Argentina', 'Ashok', 'Sahu', 'NRT', 'E-5/190, Arera Colony Bhopal', 'Colony', 'Bhopal', 'Madhya Pradesh', '462016', '9713753131', 'jagaiberlinsky@gmail.com', 'Argentina', 'Ashok', 'Sahu', 'NRT', 'E-5/190, Arera Colony Bhopal', 'Colony', 'Bhopal', 'Madhya Pradesh', '462016', '9713753131', 'zcx', 'OrderNum-1582183424-33617', '39922.80', 1, '0.00', '39922.80', 'Prisma', 'approved', NULL, 'Process', 'VTE0011', '127.0.0.1', '2020-02-19 22:53:47', '2020-02-19 22:53:47'),
(20, NULL, NULL, 'jagaiberlinsky@gmail.com', 'Argentina', 'Ashok', 'Sahu', 'NRT', 'E-5/190, Arera Colony Bhopal', 'Colony', 'Bhopal', 'Madhya Pradesh', '462016', '9713753131', 'jagaiberlinsky@gmail.com', 'Argentina', 'Ashok', 'Sahu', 'NRT', 'E-5/190, Arera Colony Bhopal', 'Colony', 'Bhopal', 'Madhya Pradesh', '462016', '9713753131', 'zcx', 'OrderNum-1582183964-386604', '39922.80', 1, '0.00', '39922.80', 'Prisma', 'approved', NULL, 'Process', 'VTE0011', '127.0.0.1', '2020-02-19 23:02:46', '2020-02-19 23:02:46'),
(21, NULL, 1, 'ashok@nrt.co.in', 'Argentina', 'Ashok', 'Sahu', 'NRT', 'E-5/190, Arera Colony Bhopal, Colony', 'Colony', 'Bhopal', 'OK', '74075', '9713753131', 'ashok@nrt.co.in', 'Argentina', 'Ashok', 'Sahu', 'NRT', 'E-5/190, Arera Colony Bhopal, Colony', 'Colony', 'Bhopal', 'OK', '74075', '9713753131', NULL, 'OrderNum-1582184369-609274', '32336.85', 1, '0.00', '32336.85', 'Prisma', 'approved', NULL, 'Process', 'VTE0011', '127.0.0.1', '2020-02-19 23:09:31', '2020-02-19 23:09:31'),
(22, NULL, 2, 'ashok@nrt.co.in', 'Argentina', 'Ashok', 'Sahu', 'NRT', 'Arera', 'Colony', 'Bhopal', 'Madhya Pradesh', '462016', '9713753131', 'ashok@nrt.co.in', 'Argentina', 'Ashok', 'Sahu', 'NRT', 'Arera', 'Colony', 'Bhopal', 'Madhya Pradesh', '462016', '9713753131', NULL, '110271-a2bf17ef-6824-4ec2-8dc3-e73652461d11', '3275.00', 1, '0.00', '3275.00', 'MercadoPago', 'approved', NULL, 'Process', NULL, '127.0.0.1', '2020-02-19 23:57:17', '2020-02-19 23:57:17'),
(23, NULL, 2, 'ashok@nrt.co.in', 'Argentina', 'Ashok', 'Sahu', 'NRT', 'Arera', 'Colony', 'Bhopal', 'Madhya Pradesh', '462016', '9713753131', 'ashok@nrt.co.in', 'Argentina', 'Ashok', 'Sahu', 'NRT', 'Arera', 'Colony', 'Bhopal', 'Madhya Pradesh', '462016', '9713753131', NULL, NULL, '3275.00', 1, '0.00', '3275.00', 'Prisma', 'pending', NULL, 'Process', NULL, '127.0.0.1', '2020-02-27 22:47:49', '2020-02-27 22:47:49'),
(24, NULL, 2, 'ashok@nrt.co.in', 'Argentina', 'Ashok', 'Sahu', 'NRT', 'Arera', 'Colony', 'Bhopal', 'Madhya Pradesh', '462016', '9713753131', 'ashok@nrt.co.in', 'Argentina', 'Ashok', 'Sahu', 'NRT', 'Arera', 'Colony', 'Bhopal', 'Madhya Pradesh', '462016', '9713753131', NULL, NULL, '3275.00', 1, '0.00', '3275.00', 'Prisma', 'pending', NULL, 'Process', NULL, '127.0.0.1', '2020-02-27 23:42:35', '2020-02-27 23:42:35'),
(25, NULL, 2, 'ashok@nrt.co.in', 'Argentina', 'Ashok', 'Sahu', 'NRT', 'Arera', 'Colony', 'Bhopal', 'Madhya Pradesh', '462016', '9713753131', 'ashok@nrt.co.in', 'Argentina', 'Ashok', 'Sahu', 'NRT', 'Arera', 'Colony', 'Bhopal', 'Madhya Pradesh', '462016', '9713753131', NULL, NULL, '3275.00', 1, '0.00', '3275.00', 'Prisma', 'pending', NULL, 'Process', NULL, '127.0.0.1', '2020-02-27 23:45:03', '2020-02-27 23:45:03'),
(26, NULL, 2, 'ashok@nrt.co.in', 'Argentina', 'Ashok', 'Sahu', 'NRT', 'Arera', 'Colony', 'Bhopal', 'Madhya Pradesh', '462016', '9713753131', 'ashok@nrt.co.in', 'Argentina', 'Ashok', 'Sahu', 'NRT', 'Arera', 'Colony', 'Bhopal', 'Madhya Pradesh', '462016', '9713753131', NULL, NULL, '3275.00', 1, '0.00', '3275.00', 'Prisma', 'pending', NULL, 'Process', NULL, '127.0.0.1', '2020-02-28 00:01:47', '2020-02-28 00:01:47'),
(27, NULL, 2, 'ashok@nrt.co.in', 'Argentina', 'Ashok', 'Sahu', 'NRT', 'Arera', 'Colony', 'Bhopal', 'Madhya Pradesh', '462016', '9713753131', 'ashok@nrt.co.in', 'Argentina', 'Ashok', 'Sahu', 'NRT', 'Arera', 'Colony', 'Bhopal', 'Madhya Pradesh', '462016', '9713753131', NULL, NULL, '3275.00', 1, '0.00', '3275.00', 'Prisma', 'pending', NULL, 'Process', NULL, '127.0.0.1', '2020-02-28 00:04:02', '2020-02-28 00:04:02'),
(28, NULL, 2, 'ashok@nrt.co.in', 'Argentina', 'Ashok', 'Sahu', 'NRT', 'Arera', 'Colony', 'Bhopal', 'Madhya Pradesh', '462016', '9713753131', 'ashok@nrt.co.in', 'Argentina', 'Ashok', 'Sahu', 'NRT', 'Arera', 'Colony', 'Bhopal', 'Madhya Pradesh', '462016', '9713753131', NULL, NULL, '3275.00', 1, '0.00', '3275.00', 'Prisma', 'pending', NULL, 'Process', NULL, '127.0.0.1', '2020-02-28 00:05:02', '2020-02-28 00:05:02'),
(29, NULL, 2, 'ashok@nrt.co.in', 'Argentina', 'Ashok', 'Sahu', 'NRT', 'Arera', 'Colony', 'Bhopal', 'Madhya Pradesh', '462016', '9713753131', 'ashok@nrt.co.in', 'Argentina', 'Ashok', 'Sahu', 'NRT', 'Arera', 'Colony', 'Bhopal', 'Madhya Pradesh', '462016', '9713753131', NULL, NULL, '3275.00', 1, '0.00', '3275.00', 'Prisma', 'pending', NULL, 'Process', NULL, '127.0.0.1', '2020-02-28 00:12:58', '2020-02-28 00:12:58'),
(30, NULL, 2, 'ashok@nrt.co.in', 'Argentina', 'Ashok', 'Sahu', 'NRT', 'Arera', 'Colony', 'Bhopal', 'Madhya Pradesh', '462016', '9713753131', 'ashok@nrt.co.in', 'Argentina', 'Ashok', 'Sahu', 'NRT', 'Arera', 'Colony', 'Bhopal', 'Madhya Pradesh', '462016', '9713753131', NULL, NULL, '3275.00', 1, '0.00', '3275.00', 'Prisma', 'pending', NULL, 'Process', NULL, '127.0.0.1', '2020-02-28 00:14:10', '2020-02-28 00:14:10'),
(31, NULL, 2, 'ashok@nrt.co.in', 'Argentina', 'Ashok', 'Sahu', 'NRT', 'Arera', 'Colony', 'Bhopal', 'Madhya Pradesh', '462016', '9713753131', 'ashok@nrt.co.in', 'Argentina', 'Ashok', 'Sahu', 'NRT', 'Arera', 'Colony', 'Bhopal', 'Madhya Pradesh', '462016', '9713753131', NULL, NULL, '3275.00', 1, '0.00', '3275.00', 'Prisma', 'pending', NULL, 'Process', NULL, '127.0.0.1', '2020-02-28 00:14:56', '2020-02-28 00:14:56'),
(32, NULL, 2, 'ashok@nrt.co.in', 'Argentina', 'Ashok', 'Sahu', 'NRT', 'Arera', 'Colony', 'Bhopal', 'Madhya Pradesh', '462016', '9713753131', 'ashok@nrt.co.in', 'Argentina', 'Ashok', 'Sahu', 'NRT', 'Arera', 'Colony', 'Bhopal', 'Madhya Pradesh', '462016', '9713753131', NULL, 'OrderNum-1582879585-32', '3275.00', 1, '0.00', '3275.00', 'Prisma', 'approved', NULL, 'Process', 'VTE0011', '127.0.0.1', '2020-02-28 00:16:22', '2020-02-28 00:16:28'),
(33, NULL, 2, 'ashok@nrt.co.in', 'Argentina', 'Ashok', 'Sahu', 'NRT', 'Arera', 'Colony', 'Bhopal', 'Madhya Pradesh', '462016', '9713753131', 'ashok@nrt.co.in', 'Argentina', 'Ashok', 'Sahu', 'NRT', 'Arera', 'Colony', 'Bhopal', 'Madhya Pradesh', '462016', '9713753131', NULL, NULL, '3148.00', 1, '0.00', '3148.00', 'Prisma', 'pending', NULL, 'Process', NULL, '127.0.0.1', '2020-02-28 00:18:50', '2020-02-28 00:18:50'),
(34, NULL, 2, 'ashok@nrt.co.in', 'Argentina', 'Ashok', 'Sahu', 'NRT', 'Arera', 'Colony', 'Bhopal', 'Madhya Pradesh', '462016', '9713753131', 'ashok@nrt.co.in', 'Argentina', 'Ashok', 'Sahu', 'NRT', 'Arera', 'Colony', 'Bhopal', 'Madhya Pradesh', '462016', '9713753131', NULL, 'OrderNum-1582955584-34', '8217.34', 1, '0.00', '8217.34', 'Prisma', 'approved', NULL, 'Process', 'VTE0011', '127.0.0.1', '2020-02-28 21:22:52', '2020-02-28 21:23:07'),
(35, NULL, 2, 'ashok@nrt.co.in', 'Argentina', 'Ashok', 'Sahu', 'NRT', 'Arera', 'Colony', 'Bhopal', 'Madhya Pradesh', '462016', '9713753131', 'ashok@nrt.co.in', 'Argentina', 'Ashok', 'Sahu', 'NRT', 'Arera', 'Colony', 'Bhopal', 'Madhya Pradesh', '462016', '9713753131', NULL, 'OrderNum-1584535184-35', '3275.00', 1, '0.00', '3275.00', 'Prisma', 'approved', NULL, 'Process', 'VTE0011', '::1', '2020-03-18 04:09:33', '2020-03-18 04:09:47'),
(36, NULL, 2, 'ashok@nrt.co.in', 'Argentina', 'Ashok', 'Sahu', 'NRT', 'Arera', 'Colony', 'Bhopal', 'Madhya Pradesh', '462016', '9713753131', 'ashok@nrt.co.in', 'Argentina', 'Ashok', 'Sahu', 'NRT', 'Arera', 'Colony', 'Bhopal', 'Madhya Pradesh', '462016', '9713753131', NULL, 'OrderNum-1584535522-36', '3275.00', 1, '0.00', '3275.00', 'Prisma', 'approved', NULL, 'Process', 'VTE0011', '::1', '2020-03-18 04:15:16', '2020-03-18 04:15:25'),
(37, NULL, 2, 'ashok@nrt.co.in', 'Argentina', 'Ashok', 'Sahu', 'NRT', 'Arera', 'Colony', 'Bhopal', 'Madhya Pradesh', '462016', '9713753131', 'ashok@nrt.co.in', 'Argentina', 'Ashok', 'Sahu', 'NRT', 'Arera', 'Colony', 'Bhopal', 'Madhya Pradesh', '462016', '9713753131', NULL, NULL, '9181.00', 1, '0.00', '9181.00', 'Prisma', 'pending', NULL, 'Process', NULL, '127.0.0.1', '2020-03-19 02:05:13', '2020-03-19 02:05:13'),
(38, NULL, 2, 'ashok@nrt.co.in', 'Argentina', 'Ashok', 'Sahu', 'NRT', 'Arera', 'Colony', 'Bhopal', 'Madhya Pradesh', '462016', '9713753131', 'ashok@nrt.co.in', 'Argentina', 'Ashok', 'Sahu', 'NRT', 'Arera', 'Colony', 'Bhopal', 'Madhya Pradesh', '462016', '9713753131', NULL, NULL, '9181.00', 1, '0.00', '9181.00', 'Prisma', 'pending', NULL, 'Process', NULL, '127.0.0.1', '2020-03-19 02:06:55', '2020-03-19 02:06:55'),
(39, NULL, 2, 'ashok@nrt.co.in', 'Argentina', 'Ashok', 'Sahu', 'NRT', 'Arera', 'Colony', 'Bhopal', 'Madhya Pradesh', '462016', '9713753131', 'ashok@nrt.co.in', 'Argentina', 'Ashok', 'Sahu', 'NRT', 'Arera', 'Colony', 'Bhopal', 'Madhya Pradesh', '462016', '9713753131', NULL, NULL, '9181.00', 1, '0.00', '9181.00', 'Prisma', 'pending', NULL, 'Process', NULL, '127.0.0.1', '2020-03-19 02:08:11', '2020-03-19 02:08:11'),
(40, NULL, 2, 'ashok@nrt.co.in', 'Argentina', 'Ashok', 'Sahu', 'NRT', 'Arera', 'Colony', 'Bhopal', 'Madhya Pradesh', '462016', '9713753131', 'ashok@nrt.co.in', 'Argentina', 'Ashok', 'Sahu', 'NRT', 'Arera', 'Colony', 'Bhopal', 'Madhya Pradesh', '462016', '9713753131', NULL, NULL, '9181.00', 1, '0.00', '9181.00', 'Prisma', 'pending', NULL, 'Process', NULL, '127.0.0.1', '2020-03-19 02:08:52', '2020-03-19 02:08:52'),
(41, NULL, 2, 'ashok@nrt.co.in', 'Argentina', 'Ashok', 'Sahu', 'NRT', 'Arera', 'Colony', 'Bhopal', 'Madhya Pradesh', '462016', '9713753131', 'ashok@nrt.co.in', 'Argentina', 'Ashok', 'Sahu', 'NRT', 'Arera', 'Colony', 'Bhopal', 'Madhya Pradesh', '462016', '9713753131', NULL, NULL, '9181.00', 1, '0.00', '9181.00', 'Prisma', 'pending', NULL, 'Process', NULL, '127.0.0.1', '2020-03-19 02:10:16', '2020-03-19 02:10:16'),
(42, NULL, 2, 'ashok@nrt.co.in', 'Argentina', 'Ashok', 'Sahu', 'NRT', 'Arera', 'Colony', 'Bhopal', 'Madhya Pradesh', '462016', '9713753131', 'ashok@nrt.co.in', 'Argentina', 'Ashok', 'Sahu', 'NRT', 'Arera', 'Colony', 'Bhopal', 'Madhya Pradesh', '462016', '9713753131', NULL, NULL, '9181.00', 1, '0.00', '9181.00', 'Prisma', 'pending', NULL, 'Process', NULL, '127.0.0.1', '2020-03-19 02:14:00', '2020-03-19 02:14:00'),
(43, NULL, 2, 'ashok@nrt.co.in', 'Argentina', 'Ashok', 'Sahu', 'NRT', 'Arera', 'Colony', 'Bhopal', 'Madhya Pradesh', '462016', '9713753131', 'ashok@nrt.co.in', 'Argentina', 'Ashok', 'Sahu', 'NRT', 'Arera', 'Colony', 'Bhopal', 'Madhya Pradesh', '462016', '9713753131', NULL, NULL, '9181.00', 1, '0.00', '9181.00', 'Prisma', 'pending', NULL, 'Process', NULL, '127.0.0.1', '2020-03-19 02:15:36', '2020-03-19 02:15:36'),
(44, NULL, 2, 'ashok@nrt.co.in', 'Argentina', 'Ashok', 'Sahu', 'NRT', 'Arera', 'Colony', 'Bhopal', 'Madhya Pradesh', '462016', '9713753131', 'ashok@nrt.co.in', 'Argentina', 'Ashok', 'Sahu', 'NRT', 'Arera', 'Colony', 'Bhopal', 'Madhya Pradesh', '462016', '9713753131', NULL, NULL, '9181.00', 1, '0.00', '9181.00', 'Prisma', 'pending', NULL, 'Process', NULL, '127.0.0.1', '2020-03-19 02:17:16', '2020-03-19 02:17:16'),
(45, NULL, 2, 'ashok@nrt.co.in', 'Argentina', 'Ashok', 'Sahu', 'NRT', 'Arera', 'Colony', 'Bhopal', 'Madhya Pradesh', '462016', '9713753131', 'ashok@nrt.co.in', 'Argentina', 'Ashok', 'Sahu', 'NRT', 'Arera', 'Colony', 'Bhopal', 'Madhya Pradesh', '462016', '9713753131', NULL, NULL, '9181.00', 1, '0.00', '9181.00', 'Prisma', 'pending', NULL, 'Process', NULL, '127.0.0.1', '2020-03-19 02:17:50', '2020-03-19 02:17:50'),
(46, NULL, 2, 'ashok@nrt.co.in', 'Argentina', 'Ashok', 'Sahu', 'NRT', 'Arera', 'Colony', 'Bhopal', 'Madhya Pradesh', '462016', '9713753131', 'ashok@nrt.co.in', 'Argentina', 'Ashok', 'Sahu', 'NRT', 'Arera', 'Colony', 'Bhopal', 'Madhya Pradesh', '462016', '9713753131', NULL, NULL, '9181.00', 1, '0.00', '9181.00', 'Prisma', 'pending', NULL, 'Process', NULL, '127.0.0.1', '2020-03-19 02:18:15', '2020-03-19 02:18:15'),
(47, NULL, 2, 'ashok@nrt.co.in', 'Argentina', 'Ashok', 'Sahu', 'NRT', 'Arera', 'Colony', 'Bhopal', 'Madhya Pradesh', '462016', '9713753131', 'ashok@nrt.co.in', 'Argentina', 'Ashok', 'Sahu', 'NRT', 'Arera', 'Colony', 'Bhopal', 'Madhya Pradesh', '462016', '9713753131', NULL, NULL, '9181.00', 1, '0.00', '9181.00', 'Prisma', 'pending', NULL, 'Process', NULL, '127.0.0.1', '2020-03-19 02:19:43', '2020-03-19 02:19:43'),
(48, NULL, 2, 'ashok@nrt.co.in', 'Argentina', 'Ashok', 'Sahu', 'NRT', 'Arera', 'Colony', 'Bhopal', 'Madhya Pradesh', '462016', '9713753131', 'ashok@nrt.co.in', 'Argentina', 'Ashok', 'Sahu', 'NRT', 'Arera', 'Colony', 'Bhopal', 'Madhya Pradesh', '462016', '9713753131', NULL, NULL, '9181.00', 1, '0.00', '9181.00', 'Prisma', 'pending', NULL, 'Process', NULL, '127.0.0.1', '2020-03-19 02:20:42', '2020-03-19 02:20:42'),
(49, NULL, 2, 'ashok@nrt.co.in', 'Argentina', 'Ashok', 'Sahu', 'NRT', 'Arera', 'Colony', 'Bhopal', 'Madhya Pradesh', '462016', '9713753131', 'ashok@nrt.co.in', 'Argentina', 'Ashok', 'Sahu', 'NRT', 'Arera', 'Colony', 'Bhopal', 'Madhya Pradesh', '462016', '9713753131', NULL, NULL, '9181.00', 1, '0.00', '9181.00', 'Prisma', 'pending', NULL, 'Process', NULL, '127.0.0.1', '2020-03-19 02:22:04', '2020-03-19 02:22:04'),
(50, NULL, 2, 'ashok@nrt.co.in', 'Argentina', 'Ashok', 'Sahu', 'NRT', 'Arera', 'Colony', 'Bhopal', 'Madhya Pradesh', '462016', '9713753131', 'ashok@nrt.co.in', 'Argentina', 'Ashok', 'Sahu', 'NRT', 'Arera', 'Colony', 'Bhopal', 'Madhya Pradesh', '462016', '9713753131', NULL, NULL, '9181.00', 1, '0.00', '9181.00', 'Prisma', 'pending', NULL, 'Process', NULL, '127.0.0.1', '2020-03-19 02:23:19', '2020-03-19 02:23:19'),
(51, NULL, 2, 'ashok@nrt.co.in', 'Argentina', 'Ashok', 'Sahu', 'NRT', 'Arera', 'Colony', 'Bhopal', 'Madhya Pradesh', '462016', '9713753131', 'ashok@nrt.co.in', 'Argentina', 'Ashok', 'Sahu', 'NRT', 'Arera', 'Colony', 'Bhopal', 'Madhya Pradesh', '462016', '9713753131', NULL, NULL, '9181.00', 1, '0.00', '9181.00', 'Prisma', 'pending', NULL, 'Process', NULL, '127.0.0.1', '2020-03-19 02:28:15', '2020-03-19 02:28:15'),
(52, NULL, 2, 'ashok@nrt.co.in', 'Argentina', 'Ashok', 'Sahu', 'NRT', 'Arera', 'Colony', 'Bhopal', 'Madhya Pradesh', '462016', '9713753131', 'ashok@nrt.co.in', 'Argentina', 'Ashok', 'Sahu', 'NRT', 'Arera', 'Colony', 'Bhopal', 'Madhya Pradesh', '462016', '9713753131', NULL, NULL, '9181.00', 1, '0.00', '9181.00', 'Prisma', 'pending', NULL, 'Process', NULL, '127.0.0.1', '2020-03-19 02:40:46', '2020-03-19 02:40:46'),
(53, NULL, 2, 'ashok@nrt.co.in', 'Argentina', 'Ashok', 'Sahu', 'NRT', 'Arera', 'Colony', 'Bhopal', 'Madhya Pradesh', '462016', '9713753131', 'ashok@nrt.co.in', 'Argentina', 'Ashok', 'Sahu', 'NRT', 'Arera', 'Colony', 'Bhopal', 'Madhya Pradesh', '462016', '9713753131', NULL, NULL, '9181.00', 1, '0.00', '9181.00', 'Prisma', 'pending', NULL, 'Process', NULL, '127.0.0.1', '2020-03-19 02:50:26', '2020-03-19 02:50:26'),
(54, NULL, 2, 'ashok@nrt.co.in', 'Argentina', 'Ashok', 'Sahu', 'NRT', 'Cerro Santa Ana', 'Cerro Santa Ana', 'Chubut', 'Rawson', '9100', '9713753131', 'ashok@nrt.co.in', 'Argentina', 'Ashok', 'Sahu', 'NRT', 'Cerro Santa Ana', 'Cerro Santa Ana', 'Chubut', 'Rawson', '9100', '9713753131', NULL, NULL, '9181.00', 1, '0.00', '9181.00', 'Prisma', 'pending', NULL, 'Process', NULL, '127.0.0.1', '2020-03-19 02:52:10', '2020-03-19 02:52:10'),
(55, NULL, 2, 'ashok@nrt.co.in', 'Argentina', 'Ashok', 'Sahu', 'NRT', 'GARCIA DEL RIO 4041', 'GARCIA DEL RIO 4041', 'Buenos Aires', 'BA', '1427', '9713753131', 'ashok@nrt.co.in', 'Argentina', 'Ashok', 'Sahu', 'NRT', 'GARCIA DEL RIO 4041', 'GARCIA DEL RIO 4041', 'Buenos Aires', 'BA', '1427', '9713753131', NULL, NULL, '9181.00', 1, '0.00', '9181.00', 'Prisma', 'pending', NULL, 'Process', NULL, '127.0.0.1', '2020-03-19 02:56:15', '2020-03-19 02:56:15');

-- --------------------------------------------------------

--
-- Table structure for table `card_infos`
--

DROP TABLE IF EXISTS `card_infos`;
CREATE TABLE IF NOT EXISTS `card_infos` (
  `id` int(10) UNSIGNED NOT NULL AUTO_INCREMENT,
  `bookingId` int(10) UNSIGNED NOT NULL,
  `card_type` varchar(255) COLLATE utf8mb4_unicode_ci NOT NULL,
  `card_number` varchar(255) COLLATE utf8mb4_unicode_ci NOT NULL,
  `card_expiration_month` varchar(255) COLLATE utf8mb4_unicode_ci NOT NULL,
  `card_expiration_year` varchar(255) COLLATE utf8mb4_unicode_ci NOT NULL,
  `security_code` varchar(255) COLLATE utf8mb4_unicode_ci NOT NULL,
  `card_holder_name` varchar(255) COLLATE utf8mb4_unicode_ci NOT NULL,
  `card_holder_doc_type` varchar(255) COLLATE utf8mb4_unicode_ci NOT NULL,
  `card_holder_doc_number` varchar(255) COLLATE utf8mb4_unicode_ci NOT NULL,
  `card_holder_door_number` int(11) DEFAULT NULL,
  `card_holder_birthday` varchar(255) COLLATE utf8mb4_unicode_ci DEFAULT NULL,
  `created_at` timestamp NULL DEFAULT NULL,
  `updated_at` timestamp NULL DEFAULT NULL,
  PRIMARY KEY (`id`)
) ENGINE=MyISAM AUTO_INCREMENT=46 DEFAULT CHARSET=utf8mb4 COLLATE=utf8mb4_unicode_ci;

--
-- Dumping data for table `card_infos`
--

INSERT INTO `card_infos` (`id`, `bookingId`, `card_type`, `card_number`, `card_expiration_month`, `card_expiration_year`, `security_code`, `card_holder_name`, `card_holder_doc_type`, `card_holder_doc_number`, `card_holder_door_number`, `card_holder_birthday`, `created_at`, `updated_at`) VALUES
(1, 1, 'Test CArd', '1236547896541230', '01', '20', '123', 'Ashok Sahu', 'Test Doc', '123456', NULL, NULL, NULL, NULL),
(2, 32, '1', '4507 9900 0000 4905', '07', '20', '234', 'Valentin Santiago Gomez', 'dni', '23968498', NULL, NULL, '2019-05-12 21:52:29', '2019-05-12 21:52:29'),
(3, 37, '1', '4507 9900 0000 4905', '07', '20', '234', 'Valentin Santiago Gomez', 'dni', '23968498', NULL, NULL, '2019-05-17 22:21:05', '2019-05-17 22:21:05'),
(4, 40, '1', '4507 9900 0000 4905', '07', '20', '234', 'Valentin Santiago Gomez', 'dni', '23968498', NULL, NULL, '2019-05-17 22:51:55', '2019-05-17 22:51:55'),
(5, 42, '1', '4507 9900 0000 4905', '07', '20', '234', 'Valentin Santiago Gomez', 'dni', '23968498', NULL, NULL, '2019-05-18 00:23:58', '2019-05-18 00:23:58'),
(6, 43, '1', '4507 9900 0000 4905', '07', '20', '234', 'Valentin Santiago Gomez', 'dni', '23968498', NULL, NULL, '2019-05-18 00:29:11', '2019-05-18 00:29:11'),
(7, 44, '1', '4507 9900 0000 4905', '07', '20', '234', 'Valentin Santiago Gomez', 'dni', '23968498', NULL, NULL, '2019-05-18 00:30:19', '2019-05-18 00:30:19'),
(8, 45, '1', '4507 9900 0000 4905', '07', '20', '234', 'Valentin Santiago Gomez', 'dni', '23968498', NULL, NULL, '2019-05-18 00:38:55', '2019-05-18 00:38:55'),
(9, 46, '1', '4507 9900 0000 4905', '07', '20', '234', 'Valentin Santiago Gomez', 'dni', '23968498', NULL, NULL, '2019-05-18 00:50:31', '2019-05-18 00:50:31'),
(10, 47, '1', '4507 9900 0000 4905', '07', '20', '234', 'Valentin Santiago Gomez', 'dni', '23968498', NULL, NULL, '2019-05-18 00:53:40', '2019-05-18 00:53:40'),
(11, 48, '1', '4507 9900 0000 4905', '07', '20', '234', 'Valentin Santiago Gomez', 'dni', '23968498', NULL, NULL, '2019-05-18 00:59:37', '2019-05-18 00:59:37'),
(12, 49, '1', '4507 9900 0000 4905', '07', '20', '234', 'Valentin Santiago Gomez', 'dni', '23968498', NULL, NULL, '2019-05-18 01:00:53', '2019-05-18 01:00:53'),
(13, 50, '1', '4507 9900 0000 4905', '07', '20', '234', 'Valentin Santiago Gomez', 'dni', '23968498', NULL, NULL, '2019-05-18 01:02:46', '2019-05-18 01:02:46'),
(14, 51, '1', '4507 9900 0000 4905', '07', '20', '234', 'Valentin Santiago Gomez', 'dni', '23968498', NULL, NULL, '2019-05-18 01:03:19', '2019-05-18 01:03:19'),
(15, 52, '1', '4507 9900 0000 4905', '07', '20', '234', 'Valentin Santiago Gomez', 'dni', '23968498', NULL, NULL, '2019-05-18 01:06:37', '2019-05-18 01:06:37'),
(16, 53, '1', '4507 9900 0000 4905', '05', '20', 'XXXX', 'Valentin Santiago Gomez', 'dni', '23968498', NULL, NULL, '2019-06-14 23:49:58', '2019-06-14 23:49:58'),
(17, 54, '1', '4507 9900 0000 4905', '05', '20', 'XXXX', 'Valentin Santiago Gomez', 'dni', '23968498', NULL, NULL, '2019-06-14 23:50:48', '2019-06-14 23:50:48'),
(18, 55, '1', '4507 9900 0000 4905', '07', '20', 'XXXX', 'Valentin Santiago Gomez', 'dni', '23968498', NULL, NULL, '2019-06-14 23:52:11', '2019-06-14 23:52:11'),
(19, 56, '1', '4507 9900 0000 4905', '07', '20', 'XXXX', 'Valentin Santiago Gomez', 'dni', '23968498', NULL, NULL, '2019-06-14 23:53:21', '2019-06-14 23:53:21'),
(20, 57, '1', '4507 9900 0000 4905', '07', '20', 'XXXX', 'Valentin Santiago Gomez', 'dni', '23968498', NULL, NULL, '2019-06-14 23:53:25', '2019-06-14 23:53:25'),
(21, 58, '1', '4507 9900 0000 4905', '07', '20', 'XXXX', 'Valentin Santiago Gomez', 'dni', '23968498', NULL, NULL, '2019-06-14 23:53:30', '2019-06-14 23:53:30'),
(22, 59, '1', '4507 9900 0000 4905', '07', '20', 'XXXX', 'Valentin Santiago Gomez', 'dni', '23968498', NULL, NULL, '2019-06-14 23:53:35', '2019-06-14 23:53:35'),
(23, 74, '1', '4507 9900 0000 4905', '10', '20', 'XXXX', 'Valentin Santiago Gomez', 'dni', '23968498', NULL, NULL, '2019-06-16 21:29:16', '2019-06-16 21:29:16'),
(24, 75, '1', '4507 9900 0000 4905', '10', '21', 'XXXX', 'Valentin Santiago Gomez', 'dni', '23968498', NULL, NULL, '2019-06-16 21:31:13', '2019-06-16 21:31:13'),
(25, 76, '1', '4507 9900 0000 4905', '07', '21', 'XXXX', 'Valentin Santiago Gomez', 'dni', '23968498', NULL, NULL, '2019-07-15 21:25:40', '2019-07-15 21:25:40'),
(26, 77, '1', '4507 9900 0000 4905', '07', '21', 'XXXX', 'Valentin Santiago Gomez', 'dni', '23968498', NULL, NULL, '2019-07-15 21:26:55', '2019-07-15 21:26:55'),
(27, 2, '1', '4507 9900 0000 4905', '05', '22', 'XXXX', 'Valentin Santiago Gomez', 'dni', '23968498', NULL, NULL, '2019-07-15 23:13:07', '2019-07-15 23:13:07'),
(28, 3, '1', '4507 9900 0000 4905', '01', '20', 'XXXX', 'Valentin Santiago Gomez', 'dni', '23968498', NULL, NULL, '2019-07-15 23:15:37', '2019-07-15 23:15:37'),
(29, 4, '1', '4507 9900 0000 4905', '12', '19', 'XXXX', 'Valentin Santiago Gomez', 'dni', '23968498', NULL, NULL, '2019-07-15 23:19:39', '2019-07-15 23:19:39'),
(30, 10, '1', '4507 9900 0000 4905', '04', '22', 'XXXX', 'Valentin Santiago Gomez', 'dni', '23968498', NULL, NULL, '2019-07-21 22:50:55', '2019-07-21 22:50:55'),
(31, 11, '1', '4507 9900 0000 4905', '04', '22', 'XXXX', 'Valentin Santiago Gomez', 'dni', '23968498', NULL, NULL, '2019-07-21 22:52:56', '2019-07-21 22:52:56'),
(32, 14, '1', '4507 9900 0000 4905', '08', '20', 'XXXX', 'John Doe', 'dni', '25123456', 1502, '1988-12-12', '2020-02-03 00:02:22', '2020-02-03 00:02:22'),
(33, 15, '1', '4507 9900 0000 4905', '08', '20', 'XXXX', 'John Doe', 'dni', '25123456', 1502, '1988-12-12', '2020-02-03 00:03:08', '2020-02-03 00:03:08'),
(34, 16, '1', '4507 9900 0000 4905', '08', '20', 'XXXX', 'John Doe', 'dni', '25123456', 1502, '1988-12-12', '2020-02-03 00:03:49', '2020-02-03 00:03:49'),
(35, 17, '1', '4507 9900 0000 4905', '08', '20', 'XXXX', 'John Doe', 'dni', '25123456', 1502, '1988-12-12', '2020-02-03 00:04:05', '2020-02-03 00:04:05'),
(36, 18, '1', '4507 9900 0000 4905', '08', '20', 'XXXX', 'John Doe', 'dni', '25123456', 1502, '1988-12-12', '2020-02-03 00:15:39', '2020-02-03 00:15:39'),
(37, 20, '1', '4507 9900 0000 4905', '08', '20', 'XXXX', 'John Doe', 'dni', '38499826', 1502, '1990-02-03', '2020-02-19 23:02:46', '2020-02-19 23:02:46'),
(38, 21, '1', '4507 9900 0000 4905', '08', '20', 'XXXX', 'John Doe', 'dni', '38499826', 1502, '1990-02-21', '2020-02-19 23:09:31', '2020-02-19 23:09:31'),
(39, 28, '1', '4507 9900 0000 4905', '08', '20', 'XXXX', 'John Doe', 'dni', '38499826', 1502, '1988-12-12', '2020-02-28 00:05:08', '2020-02-28 00:05:08'),
(40, 29, '1', '4507 9900 0000 4905', '08', '20', 'XXXX', 'John Doe', 'dni', '38499826', 1502, '1988-12-12', '2020-02-28 00:13:04', '2020-02-28 00:13:04'),
(41, 30, '1', '4507990000004905', '08', '20', 'XXXX', 'John Doe', 'dni', '38499826', 1502, '1988-12-12', '2020-02-28 00:14:16', '2020-02-28 00:14:16'),
(42, 32, '1', '4507990000004905', '08', '20', 'XXXX', 'John Doe', 'dni', '38499826', 1502, '1988-12-12', '2020-02-28 00:16:28', '2020-02-28 00:16:28'),
(43, 34, '1', '4507 9900 0000 4905', '08', '20', 'XXXX', 'John Doe', 'dni', '38499826', 1502, '1988-12-12', '2020-02-28 21:23:07', '2020-02-28 21:23:07'),
(44, 35, '1', '4507 9900 0000 4905', '08', '20', 'XXXX', 'John Doe', 'dni', '38499826', 1502, '1988-12-12', '2020-03-18 04:09:47', '2020-03-18 04:09:47'),
(45, 36, '1', '4507 9900 0000 4905', '08', '20', 'XXXX', '4507990000004905', 'dni', '38499826', 1502, '1988-12-12', '2020-03-18 04:15:25', '2020-03-18 04:15:25');

-- --------------------------------------------------------

--
-- Table structure for table `categorias`
--

DROP TABLE IF EXISTS `categorias`;
CREATE TABLE IF NOT EXISTS `categorias` (
  `id` int(10) UNSIGNED NOT NULL AUTO_INCREMENT,
  `nombre` varchar(100) COLLATE utf8_unicode_ci NOT NULL,
  `descripcion` varchar(200) COLLATE utf8_unicode_ci NOT NULL,
  `orden` int(10) UNSIGNED DEFAULT NULL,
  `activo` int(10) UNSIGNED DEFAULT NULL,
  PRIMARY KEY (`id`),
  UNIQUE KEY `nombre_unique` (`nombre`),
  UNIQUE KEY `categorias_nombre_unique` (`nombre`),
  UNIQUE KEY `categorias_descripcion_unique` (`descripcion`),
  KEY `categorias_orden_index` (`orden`)
) ENGINE=InnoDB AUTO_INCREMENT=69 DEFAULT CHARSET=utf8 COLLATE=utf8_unicode_ci;

--
-- Dumping data for table `categorias`
--

INSERT INTO `categorias` (`id`, `nombre`, `descripcion`, `orden`, `activo`) VALUES
(1, 'Colchones', 'Colchón', 1, 1),
(2, 'Sommiers', 'Colchón con Sommier', 1, 1),
(3, 'Boxsprings', 'Colchón con Boxspring', 1, 1),
(4, 'Almohadas', 'Almohada', 2, 1),
(5, 'Sábanas', 'Sábana', 2, 1),
(6, 'Sommiers Funcionales', 'Sommier funcional', 1, 1),
(7, 'Funda', 'Funda', NULL, NULL),
(8, 'Acolchado', 'Acolchado', NULL, NULL),
(10, 'Placard', 'Placard', NULL, NULL),
(11, 'Modular', 'Modular', NULL, NULL),
(12, 'Biblioteca', 'Biblioteca', NULL, NULL),
(13, 'Comoda', 'Comoda', NULL, NULL),
(14, 'Chifonier', 'Chifonier', NULL, NULL),
(15, 'Cama de Caño', 'Cama de Caño', NULL, NULL),
(16, 'Cama de Madera', 'Cama de Madera', NULL, NULL),
(17, 'Cuna', 'Cuna', NULL, NULL),
(18, 'Divanes', 'Diván', NULL, NULL),
(19, 'Secreter Cama', 'Secreter Cama', NULL, NULL),
(20, 'Frente Divan', 'Frente Divan', NULL, NULL),
(21, 'Sillon Cama', 'Sillon Cama', NULL, NULL),
(22, 'Carrito', 'Carrito', NULL, NULL),
(23, 'Cajonera Divan', 'Cajonera Divan', NULL, NULL),
(24, 'Mesa', 'Mesa', NULL, NULL),
(25, 'Mesa Tel.', 'Mesa Tel.', NULL, NULL),
(26, 'Mesa TV', 'Mesa TV', NULL, NULL),
(27, 'Mesa Fax', 'Mesa Fax', NULL, NULL),
(28, 'Mesa PC', 'Mesa PC', NULL, NULL),
(29, 'Mesa Luz', 'Mesa Luz', NULL, NULL),
(30, 'Mesa Audio', 'Mesa Audio', NULL, NULL),
(31, 'Respaldo de Caño', 'Respaldo de Caño', NULL, NULL),
(32, 'Respaldo de Hierro', 'Respaldo de Hierro', NULL, NULL),
(33, 'Respaldo Madera', 'Respaldo Madera', NULL, NULL),
(34, 'Espejo', 'Espejo', NULL, NULL),
(35, 'Porta CD', 'Porta CD', NULL, NULL),
(36, 'Silla', 'Silla', NULL, NULL),
(37, 'Perchero', 'Perchero', NULL, NULL),
(38, 'Cama de Hierro', 'Cama de Hierro', NULL, NULL),
(39, 'Rack de Audio', 'Rack de Audio', NULL, NULL),
(40, 'Escritorio', 'Escritorio', NULL, NULL),
(41, 'Escritorio PC', 'Escritorio PC', NULL, NULL),
(42, 'Colchoneta', 'Colchoneta', NULL, NULL),
(43, 'Jgo. Almohadon', 'Jgo. Almohadon', NULL, NULL),
(44, 'Protectores', 'Protector', NULL, NULL),
(45, 'Jgo. Sillones', 'Jgo. Sillones', NULL, NULL),
(46, 'Cama Enchapada', 'Cama Enchapada', NULL, NULL),
(47, 'Cama Superpuest', 'Cama Superpuest', NULL, NULL),
(48, 'Mesa ratona', 'Mesa ratona', NULL, NULL),
(49, 'Sillon simple', 'Sillon simple', NULL, NULL),
(50, 'Sillon dos cuer', 'Sillon dos cuer', NULL, NULL),
(51, 'Sillon tres cue', 'Sillon tres cue', NULL, NULL),
(52, 'Futton', 'Futton', NULL, NULL),
(53, 'Banco', 'Banco', NULL, NULL),
(54, 'Alacena', 'Alacena', NULL, NULL),
(55, 'Bajo Mesada', 'Bajo Mesada', NULL, NULL),
(56, 'Reposera', 'Reposera', NULL, NULL),
(57, 'Dormitorio', 'Dormitorio', NULL, NULL),
(58, 'Cubresommier', 'Cubresommier', NULL, NULL),
(59, 'ColchonInfantil', 'ColchonInfantil', NULL, NULL),
(60, 'financiacion', 'financiacion', NULL, NULL),
(61, 'Parrillas', 'Parrillas', NULL, NULL),
(62, 'Base Boxspring', 'Base Boxspring', NULL, NULL),
(63, 'Covers', 'Covers', 4, 1),
(64, 'Frazada', 'Frazada', 4, 1),
(65, 'Cubrecama', 'Cubrecama', 4, 1),
(66, 'Edredon', 'Edredon', 4, 1),
(67, 'Nuevo3', 'Nuevo 3', NULL, NULL),
(68, 'testttt', 'testtt des', 1, 1);

-- --------------------------------------------------------

--
-- Table structure for table `consultas`
--

DROP TABLE IF EXISTS `consultas`;
CREATE TABLE IF NOT EXISTS `consultas` (
  `id` int(10) UNSIGNED NOT NULL AUTO_INCREMENT,
  `name` varchar(255) COLLATE utf8mb4_unicode_ci NOT NULL,
  `email` varchar(255) COLLATE utf8mb4_unicode_ci NOT NULL,
  `modelo` varchar(255) COLLATE utf8mb4_unicode_ci NOT NULL,
  `producto_id` int(11) NOT NULL,
  `message` text COLLATE utf8mb4_unicode_ci NOT NULL,
  `ip` varchar(255) COLLATE utf8mb4_unicode_ci NOT NULL,
  `created_at` timestamp NULL DEFAULT NULL,
  `updated_at` timestamp NULL DEFAULT NULL,
  PRIMARY KEY (`id`)
) ENGINE=MyISAM AUTO_INCREMENT=12 DEFAULT CHARSET=utf8mb4 COLLATE=utf8mb4_unicode_ci;

--
-- Dumping data for table `consultas`
--

INSERT INTO `consultas` (`id`, `name`, `email`, `modelo`, `producto_id`, `message`, `ip`, `created_at`, `updated_at`) VALUES
(1, 'Ashok Sahu', 'er.ashok23@gmail.com', 'Colchón  Sueño 0,80 x 1,90 x 20', 29, 'test', '127.0.0.1', '2019-07-04 22:54:03', '2019-07-04 22:54:03'),
(2, 'Ashok Sahu', 'er.ashok23@gmail.com', 'Colchón  Sueño 0,80 x 1,90 x 20', 29, 'tesat', '127.0.0.1', '2019-07-05 21:53:55', '2019-07-05 21:53:55'),
(3, 'Ashok Sahu', 'er.ashok23@gmail.com', 'Colchón  Sueño 0,80 x 1,90 x 20', 29, 'asd wewe', '127.0.0.1', '2019-07-05 21:56:39', '2019-07-05 21:56:39'),
(4, 'Ashok Sahu', 'er.ashok23@gmail.com', 'Colchón  Sueño 0,80 x 1,90 x 20', 29, 'asdasdasd asd sad', '127.0.0.1', '2019-07-05 22:03:44', '2019-07-05 22:03:44'),
(5, 'Ashok Sahu', 'er.ashok23@gmail.com', 'Colchón  Sueño 0,80 x 1,90 x 20', 29, 'tr yrty rtyrty', '127.0.0.1', '2019-07-05 22:04:23', '2019-07-05 22:04:23'),
(6, 'Ashok Sahu', 'er.ashok23@gmail.com', 'Colchón  Sueño 0,80 x 1,90 x 20', 29, 'as asd sad a', '127.0.0.1', '2019-07-05 22:06:06', '2019-07-05 22:06:06'),
(7, 'Ashok Sahu', 'er.ashok23@gmail.com', 'Colchón  Sueño 0,80 x 1,90 x 20', 29, 'as asd sad a', '127.0.0.1', '2019-07-05 22:06:23', '2019-07-05 22:06:23'),
(8, 'Ashok Sahu', 'er.ashok23@gmail.com', 'Colchón  Sueño 0,80 x 1,90 x 20', 29, 'as asd sad a', '127.0.0.1', '2019-07-05 22:06:50', '2019-07-05 22:06:50'),
(9, 'Ashok Sahu', 'er.ashok23@gmail.com', 'Colchón  Sueño 0,80 x 1,90 x 20', 29, 'as asd sad a', '127.0.0.1', '2019-07-05 22:07:04', '2019-07-05 22:07:04'),
(10, 'Ashok Sahu', 'er.ashok23@gmail.com', 'Colchón  Sueño 0,80 x 1,90 x 20', 29, 'as asd sad a', '127.0.0.1', '2019-07-05 22:07:14', '2019-07-05 22:07:14'),
(11, 'Ashok Sahu', 'er.ashok23@gmail.com', 'Colchón  Sueño 0,80 x 1,90 x 20', 29, 'as asd sad a', '127.0.0.1', '2019-07-05 22:07:42', '2019-07-05 22:07:42');

-- --------------------------------------------------------

--
-- Table structure for table `failed_jobs`
--

DROP TABLE IF EXISTS `failed_jobs`;
CREATE TABLE IF NOT EXISTS `failed_jobs` (
  `id` bigint(20) UNSIGNED NOT NULL AUTO_INCREMENT,
  `connection` text COLLATE utf8mb4_unicode_ci NOT NULL,
  `queue` text COLLATE utf8mb4_unicode_ci NOT NULL,
  `payload` longtext COLLATE utf8mb4_unicode_ci NOT NULL,
  `exception` longtext COLLATE utf8mb4_unicode_ci NOT NULL,
  `failed_at` timestamp NOT NULL DEFAULT current_timestamp(),
  PRIMARY KEY (`id`)
) ENGINE=MyISAM DEFAULT CHARSET=utf8mb4 COLLATE=utf8mb4_unicode_ci;

-- --------------------------------------------------------

--
-- Table structure for table `garantias`
--

DROP TABLE IF EXISTS `garantias`;
CREATE TABLE IF NOT EXISTS `garantias` (
  `id` int(10) UNSIGNED NOT NULL AUTO_INCREMENT,
  `nombre` varchar(50) COLLATE utf8_unicode_ci NOT NULL,
  PRIMARY KEY (`id`),
  UNIQUE KEY `nombre_unique` (`nombre`),
  UNIQUE KEY `garantias_nombre_unique` (`nombre`)
) ENGINE=InnoDB AUTO_INCREMENT=15 DEFAULT CHARSET=utf8 COLLATE=utf8_unicode_ci;

--
-- Dumping data for table `garantias`
--

INSERT INTO `garantias` (`id`, `nombre`) VALUES
(1, '1 Año'),
(10, '10 Años'),
(11, '11 Años'),
(12, '12 Años'),
(2, '2 Años'),
(3, '3 Años'),
(4, '4 Años'),
(5, '5 Años'),
(6, '6 Años'),
(13, '6 meses'),
(7, '7 Años'),
(8, '8 Años'),
(9, '9 Años'),
(14, 'testttt ash');

-- --------------------------------------------------------

--
-- Table structure for table `imagens`
--

DROP TABLE IF EXISTS `imagens`;
CREATE TABLE IF NOT EXISTS `imagens` (
  `id` int(10) UNSIGNED NOT NULL AUTO_INCREMENT,
  `nombre` varchar(100) COLLATE utf8_unicode_ci NOT NULL,
  `item_imagen` int(10) UNSIGNED NOT NULL,
  PRIMARY KEY (`id`),
  UNIQUE KEY `nombre_unique` (`nombre`),
  UNIQUE KEY `imagens_nombre_unique` (`nombre`),
  KEY `imagens_item_imagen_index` (`item_imagen`)
) ENGINE=InnoDB AUTO_INCREMENT=582 DEFAULT CHARSET=utf8 COLLATE=utf8_unicode_ci;

--
-- Dumping data for table `imagens`
--

INSERT INTO `imagens` (`id`, `nombre`, `item_imagen`) VALUES
(1, 'belflex-00.jpg', 1),
(2, 'matelasse-00.jpg', 2),
(3, 'dorado-00.jpg', 3),
(4, 'dorado-pillow-00.jpg', 4),
(5, 'feeling-00.jpg', 5),
(6, 'belspring-00.jpg', 6),
(7, 'belspring-pillow-00.jpg', 7),
(8, 'belmo-lujo-00.jpg', 8),
(9, 'belmo-pocket-00.jpg', 9),
(10, 'princess-00.jpg', 10),
(11, 'lujo-00.jpg', 95),
(12, 'exclusive-00.jpg', 12),
(13, 'exclusive-pillow-00.jpg', 13),
(14, 'renovation-00.jpg', 14),
(15, 'soniar-00.jpg', 15),
(16, 'platino-00.jpg', 16),
(17, 'doral-00.jpg', 17),
(18, 'doral-pillow-00.jpg', 18),
(19, 'sublime-00.jpg', 19),
(20, 'sublime-pillow-00.jpg', 20),
(21, 'redspring-00.jpg', 21),
(22, 'bordeaux-00.jpg', 22),
(23, 'bordonight-00.jpg', 23),
(24, 'goldspring-00.jpg', 24),
(25, 'excelsius-00.jpg', 25),
(26, 'angelus-00.jpg', 26),
(28, 'colchon-capricious-200-x-200-x-30.jpg', 28),
(29, 'empathy-00.jpg', 29),
(30, 'art-00.jpg', 30),
(31, 'superplus-00.jpg', 31),
(32, 'inedit-00.jpg', 32),
(33, 'fantasie-18-00.jpg', 33),
(34, 'fantasie-20-00.jpg', 34),
(35, 'doro-21-00.jpg', 35),
(36, 'doro-25-00.jpg', 36),
(37, 'platine-00.jpg', 37),
(38, 'primor-00.jpg', 38),
(39, 'privelle-00.jpg', 39),
(40, 'bonelltop-00.jpg', 40),
(41, 'nouvelle-00.jpg', 41),
(42, 'dofuan-00.jpg', 42),
(43, 'topfuan-00.jpg', 43),
(44, 'lc500-00.jpg', 44),
(45, 'lc1000-00.jpg', 45),
(46, 'eifel-00.jpg', 46),
(47, 'sensation-00.jpg', 47),
(48, 'olympic-jackard-colchon-00.jpg', 49),
(49, 'olympic-jackard-00.jpg', 49),
(50, 'paradise-00.jpg', 50),
(51, 'eden-00.jpg', 51),
(52, 'correctcomfort-00.jpg', 52),
(53, 'naturalfoam-13-00.jpg', 53),
(54, 'naturalfoam-17-00.jpg', 54),
(55, 'naturalfoam-22-00.jpg', 55),
(56, 'dali-00.jpg', 56),
(57, 'luxor-00.jpg', 57),
(58, 'premier-00.jpg', 58),
(59, 'massage-00.jpg', 59),
(60, 'sensacion-00.jpg', 60),
(61, 'premium-00.jpg', 61),
(62, 'terratop-00.jpg', 62),
(63, 'imperio-00.jpg', 63),
(64, 'realeza-00.jpg', 64),
(65, 'laguna-00.jpg', 65),
(66, 'rome-00.jpg', 66),
(67, 'greyland-00.jpg', 67),
(68, 'tilbury-00.jpg', 68),
(69, 'trenton-00.jpg', 69),
(70, 'newjersey-00.jpg', 70),
(71, 'moline-00.jpg', 71),
(72, 'back-therapy-00.jpg', 72),
(73, 'deepsleep-00.jpg', 73),
(74, 'back-siesta-colchon-00.jpg', 74),
(75, 'beauty-classic-00.jpg', 75),
(76, 'beauty-elegance-colchon-00.jpg', 76),
(77, 'beauty-spa-00.jpg', 77),
(78, 'liz-00.jpg', 78),
(79, 'regina-00.jpg', 79),
(80, 'luxe-00.jpg', 80),
(81, 'jackie-00.jpg', 81),
(82, 'multilastic-00.jpg', 82),
(83, 'granrealce-00.jpg', 83),
(84, 'power-00.jpg', 84),
(85, 'magnetic-00.jpg', 85),
(86, 'maximus-00.jpg', 86),
(87, 'roomy-00.jpg', 87),
(88, 'duo-00.jpg', 88),
(89, 's5-00.jpg', 89),
(94, 'suenio-00.jpg', 94),
(95, 'multispace-00.jpg', 172),
(96, 'relax-gs-00.jpg', 96),
(97, 'relax-sf-00.jpg', 97),
(98, 'centuria-00.jpg', 98),
(99, 'atmosphere-colchon-00.jpg', 99),
(100, 'floustar-00.jpg', 100),
(101, 'superstar-00.jpg', 101),
(102, 'superstar-pillow-00.jpg', 102),
(103, 'bluestar-00.jpg', 103),
(104, 'boreal-00.jpg', 104),
(105, 'boreal-pillow-00.jpg', 105),
(106, 'insigniarouge-00.jpg', 106),
(107, 'loft-00.jpg', 107),
(108, 'perseus-00.jpg', 108),
(109, 'magnifisense-00.jpg', 109),
(110, 'esmeralda-00.jpg', 110),
(111, 'marfil-21-00.jpg', 111),
(112, 'marfil-25-00.jpg', 112),
(113, 'marfil-28-00.jpg', 113),
(114, 'simetric-00.jpg', 114),
(115, 'simetric-pillow-00.jpg', 115),
(116, 'complete-00.jpg', 116),
(117, 'complete-pillow-00.jpg', 117),
(118, 'axis-colchon-00.jpg', 118),
(119, 'jurere-1.jpg', 119),
(120, 'tahiti-1.jpg', 120),
(121, 'martinica-1.jpg', 121),
(122, 'tulum-1.jpg', 122),
(123, 'sport-00.jpg', 123),
(124, 'alm-spa-00.jpg', 124),
(125, 'alm-nativa-00.jpg', 125),
(126, 'alm-inteligent-00.jpg', 126),
(127, 'alm-cannon-visco-cervical-00.jpg', 127),
(128, 'alm-cannon-visco-00.jpg', 128),
(129, 'alm-visco-00.jpg', 129),
(130, 'alm-velvetine-cervical-00.jpg', 130),
(131, 'alm-velvetine-clasica-00.jpg', 131),
(132, 'alm-plumax-00.jpg', 132),
(133, 'suite-00.jpg', 133),
(134, 'alm-insignia-00.jpg', 134),
(135, 'alm-thermosense-00.jpg', 135),
(136, 'alm-thermosense-cervical-00.jpg', 136),
(137, 'florencia-00.jpg', 137),
(138, 'milan-00.jpg', 138),
(139, 'alm-duvet-01-00.jpg', 139),
(140, 'alm-duvet-2-00.jpg', 140),
(141, 'alm-plooma-50-00.jpg', 141),
(142, 'alm-plooma-100-00.jpg', 142),
(143, 'alm-milenium-00.jpg', 143),
(144, 'alm-exquisite-00.jpg', 144),
(145, 'alm-aircomfort-00.jpg', 145),
(146, 'alm-inteligent-cervical-00.jpg', 146),
(147, 'alm-neo-relax-00.jpg', 147),
(148, 'sab-200hl-00.jpg', 148),
(149, 'sab-400hl-00.jpg', 149),
(150, 'percal-180-00.jpg', 150),
(151, 'percal-200-00.jpg', 151),
(152, 'sab-280hl-00.jpg', 152),
(153, 'acol-comforter-00.jpg', 153),
(154, 'acol-comforterplus-00.jpg', 154),
(155, 'fra-corderito-00.jpg', 155),
(156, 'dual-00.jpg', 156),
(157, 'alm-naturalfoam-00.jpg', 157),
(158, 'sab-300hl-00.jpg', 158),
(159, 'primera-00.jpg', 159),
(160, 'sab-jersey-00.jpg', 160),
(161, 'belflex2-2.jpg', 1),
(162, 'belmo-pocket2-1.jpg', 9),
(163, 'belspring2-1.jpg', 6),
(164, 'belmo-lujo2-1.jpg', 8),
(165, 'belspring-pillow2-1.jpg', 7),
(166, 'dorado2-1.jpg', 3),
(167, 'dorado-pillow2-1.jpg', 4),
(168, 'duobed-00.jpg', 161),
(169, 'feeling-esq.jpg', 5),
(170, 'matelasse2-1.jpg', 2),
(171, 'fitmemory-00.jpg', 162),
(172, 'fitmemory-2.jpg', 162),
(173, 'fitmemory-3.jpg', 162),
(174, 'fitmemory-4.jpg', 162),
(175, 'back-siesta-esq.jpg', 74),
(176, 'back-siesta-int.jpg', 74),
(177, 'beauty-classic-int.jpg', 75),
(178, 'beauty-classic-esq.jpg', 75),
(179, 'beauty-elegance-int.jpg', 76),
(180, 'beauty-elegance-esq.jpg', 180),
(181, 'beauty-spa-2.jpg', 77),
(182, 'beauty-spa-int.jpg', 77),
(183, 'deepsleep-int.jpg', 73),
(184, 'deepsleep-esq.jpg', 73),
(185, 'duo-m.jpg', 88),
(188, 'gran-realce-m.jpg', 83),
(189, 'jackie-m.jpg', 81),
(190, 'magnetic-m.jpg', 85),
(191, 'maximus-m.jpg', 86),
(192, 'power-m.jpg', 84),
(193, 'quilt-00.jpg', 163),
(194, 'roomy-m.jpg', 87),
(195, 's5-m.jpg', 89),
(198, 'neorelax-00.jpg', 164),
(199, 'neo-relax-int.jpg', 164),
(200, 'neo-relax-cierre.jpg', 164),
(201, 'axis-00.jpg', 118),
(202, 'esmeralda-colchon-00.jpg', 110),
(203, 'jurere-00.jpg', 119),
(204, 'marfil-21-colchon-00.jpg', 111),
(205, 'marfil-25-colchon-00.jpg', 112),
(206, 'marfil-28-colchon-00.jpg', 113),
(207, 'martinica-00.jpg', 121),
(208, 'simetric-colchon-00.jpg', 114),
(209, 'tahiti-00.jpg', 120),
(210, 'tulum-00.jpg', 122),
(211, 'cardigan-00.jpg', 165),
(212, 'realeza-exclusive-00.jpg', 166),
(213, 'imperio-colchon-00.jpg', 63),
(214, 'terrajacard-00.jpg', 168),
(215, 'terratop-colchon-00.jpg', 62),
(216, 'terrajacard-colchon-00.jpg', 168),
(217, 'sensacion-colchon-00.jpg', 60),
(218, 'realeza-exclusive-colchon-00.jpg', 166),
(219, 'premium-colchon-00.jpg', 61),
(220, 'dynasty-00.jpg', 167),
(221, 'dynasty-colchon-00.jpg', 167),
(222, 'shankar-00.jpg', 169),
(223, 'capricious-int.jpg', 28),
(224, 'capricious-matelasse.jpg', 28),
(225, 'capricious-tela.jpg', 28),
(226, 'capricious-pill.jpg', 28),
(227, 'empathy-esq.jpg', 29),
(228, 'empathy-int.jpg', 29),
(229, 'empathy-lateral.jpg', 29),
(230, 'empathy-tela.jpg', 29),
(231, 'shankar-esq.jpg', 169),
(232, 'shankar-int.jpg', 169),
(233, 'shankar-matelasse.jpg', 169),
(234, 'shankar-pill.jpg', 169),
(235, 'shankar-tela.jpg', 169),
(236, 'alm-inteligent-cervical-2.jpg', 146),
(237, 'alm-inteligent-2.jpg', 126),
(238, 'alm-sensorial-00.jpg', 170),
(239, 'alm-sensorial-2.jpg', 170),
(240, 'alm-sensorial-cervical.jpg', 170),
(241, 'alm-cannon-sublime-00.jpg', 171),
(242, 'back-therapy-esq.jpg', 72),
(243, 'back-therapy-tela.jpg', 72),
(244, 'bonelltop-colchon-00.jpg', 40),
(245, 'primor-colchon-00.jpg', 38),
(246, 'privelle-colchon-00.jpg', 39),
(247, 'nouvelle-colchon-00.jpg', 41),
(248, 'dofuan-colchon-00.jpg', 42),
(249, 'topfuan-colchon-00.jpg', 43),
(250, 'lc500-colchon-00.jpg', 44),
(251, 'lc1000-colchon-00.jpg', 45),
(252, 'correctcomfort-colchon-00.jpg', 52),
(253, 'dali-colchon-00.jpg', 56),
(254, 'dali-det.jpg', 56),
(255, 'doro-21-colchon-00.jpg', 35),
(256, 'doro-25-colchon-00.jpg', 36),
(257, 'platine-colchon-00.jpg', 37),
(258, 'eden-colchon-00.jpg', 51),
(259, 'eden-det.jpg', 51),
(260, 'eifel-colchon-00.jpg', 46),
(261, 'eifel-det.jpg', 46),
(262, 'especial-lujo-00.jpg', 11),
(263, 'fantasie-18-colchon-00.jpg', 33),
(264, 'fantasie-20-colchon-00.jpg', 34),
(265, 'laguna-det.jpg', 65),
(266, 'laguna-esq.jpg', 65),
(267, 'laguna-lateral.jpg', 65),
(268, 'liz-esq.jpg', 78),
(269, 'luxe-colchon-00.jpg', 80),
(270, 'luxor-det.jpg', 57),
(271, 'massage-colchon-00.jpg', 59),
(272, 'milan-det.jpg', 138),
(273, 'moline-2.jpg', 71),
(274, 'moline-det.jpg', 71),
(275, 'moline-det-2.jpg', 2),
(276, 'multilastic-m.jpg', 82),
(277, 'olympic-jackard-det.jpg', 49),
(278, 'paradise-colchon.jpg', 50),
(279, 'paradise-det.jpg', 50),
(280, 'premier-colchon-00.jpg', 58),
(281, 'premier-det.jpg', 58),
(282, 'dual-black.jpg', 156),
(283, 'rome-det.jpg', 66),
(284, 'rome-det-2.jpg', 66),
(285, 'rome-esq.jpg', 66),
(286, 'sensation-colchon-00.jpg', 47),
(287, 'sensation-det.jpg', 47),
(288, 'sublime-colchon-00.jpg', 19),
(289, 'space-00.jpg', 174),
(290, 'space-2.jpg', 174),
(291, 'space-det.jpg', 174),
(292, 'tilbury-1.jpg', 68),
(293, 'tilbury-pillow.jpg', 68),
(294, 'tilbury-det.jpg', 68),
(295, 'tilbury-colchon-00.jpg', 68),
(296, 'trenton-colchon-00.jpg', 69),
(534, 'acol-comforter-1.jpg', 153),
(535, 'acol-comforter-2.jpg', 153),
(536, 'acol-comforter-3.jpg', 153),
(538, 'atmosphere-00.jpg', 74),
(539, 'back-siesta-colchon-chico.jpg', 74),
(540, 'back-siesta-00.jpg', 74),
(541, 'back-siesta-tela.jpg', 74),
(542, 'back-siesta-chico.jpg', 74),
(543, 'beauty-elegance-00.jpg', 76),
(544, 'multibox-00.jpg', 307),
(545, 'quilt-m.jpg', 163),
(546, 'pillow-fitmemory-00.jpg', 173),
(547, 'comforter-00.jpg', 153),
(548, 'comforter-plus-00', 154),
(552, 'tettttt-16.png', 180),
(553, 'ashok-785.jpg', 181),
(554, 'ashok-66.png', 181),
(555, 'test-product-chk-again.jpg', 145),
(556, 'ashok-test-new-product.jpg', 74),
(557, 'lipsum-add.jpg', 74),
(558, 'lipsum-add-827.jpg', 74),
(559, 'lipsum-add-862.jpg', 74),
(560, 'lipsum-add-499.jpg', 74),
(561, 'lipsum-add-274.jpg', 74),
(562, 'lipsum-add-286.jpg', 74),
(563, 'ashok-colchon-eifel-140-x-190-x-23-406.jpg', 1),
(564, 'almohada-cannon-sublime-070-x-040-x-8-387.jpg', 171),
(565, 'almohada-cannon-sublime-070-x-040-x-8-842.jpg', 171),
(566, 'anna-check.jpg', 181),
(567, 'anna-check-480.png', 181),
(568, 'anna-check-384.png', 181),
(569, 'newcheck.jpg', 104),
(570, 'newcheck-130.png', 104),
(571, 'newcheck-193.jpg', 104),
(572, 'pillow-add-ashok.jpg', 176),
(573, 'pillow-add-ashok-911.jpg', 176),
(574, 'pillow-add-ashok-256.jpg', 176),
(575, 'colchon-red-080-x-190-x-25-222.jpg', 21),
(576, 'new-product-add.png', 162),
(577, 'new-product-add-364.jpg', 162),
(578, 'almohada-cannon-sublime-070-x-040-x-8-287.jpeg', 171),
(579, 'almohada-cannon-sublime-070-x-040-x-8-740.png', 171),
(580, 'almohada-cannon-sublime-070-x-040-x-8-973.jpeg', 171),
(581, 'almohada-cannon-visco-cervical-065-x-040-x-10-694.jpg', 127);

-- --------------------------------------------------------

--
-- Table structure for table `interest_rates`
--

DROP TABLE IF EXISTS `interest_rates`;
CREATE TABLE IF NOT EXISTS `interest_rates` (
  `id` int(10) UNSIGNED NOT NULL AUTO_INCREMENT,
  `int_type` varchar(255) COLLATE utf8mb4_unicode_ci DEFAULT NULL,
  `month_1` decimal(9,2) NOT NULL,
  `month_2` decimal(9,2) NOT NULL,
  `month_3` decimal(9,2) NOT NULL,
  `month_4` decimal(9,2) NOT NULL,
  `month_5` decimal(9,2) NOT NULL,
  `month_6` decimal(9,2) NOT NULL,
  `month_7` decimal(9,2) NOT NULL,
  `month_8` decimal(9,2) NOT NULL,
  `month_9` decimal(9,2) NOT NULL,
  `month_10` decimal(9,2) NOT NULL,
  `month_11` decimal(9,2) NOT NULL,
  `month_12` decimal(9,2) NOT NULL,
  `month_13` decimal(9,2) NOT NULL,
  `month_14` decimal(9,2) NOT NULL,
  `month_15` decimal(9,2) NOT NULL,
  `month_16` decimal(9,2) NOT NULL,
  `month_17` decimal(9,2) NOT NULL,
  `month_18` decimal(9,2) NOT NULL,
  `month_19` decimal(9,2) NOT NULL,
  `month_20` decimal(9,2) NOT NULL,
  `month_21` decimal(9,2) NOT NULL,
  `month_22` decimal(9,2) NOT NULL,
  `month_23` decimal(9,2) NOT NULL,
  `month_24` decimal(9,2) NOT NULL,
  `created_at` timestamp NULL DEFAULT NULL,
  `updated_at` timestamp NULL DEFAULT NULL,
  PRIMARY KEY (`id`)
) ENGINE=MyISAM AUTO_INCREMENT=3 DEFAULT CHARSET=utf8mb4 COLLATE=utf8mb4_unicode_ci;

--
-- Dumping data for table `interest_rates`
--

INSERT INTO `interest_rates` (`id`, `int_type`, `month_1`, `month_2`, `month_3`, `month_4`, `month_5`, `month_6`, `month_7`, `month_8`, `month_9`, `month_10`, `month_11`, `month_12`, `month_13`, `month_14`, `month_15`, `month_16`, `month_17`, `month_18`, `month_19`, `month_20`, `month_21`, `month_22`, `month_23`, `month_24`, `created_at`, `updated_at`) VALUES
(1, 'Normal', '0.00', '12.00', '13.00', '14.00', '15.00', '16.00', '17.00', '18.00', '19.00', '20.00', '21.00', '22.00', '23.00', '24.00', '25.00', '26.00', '27.00', '28.00', '29.00', '30.00', '31.00', '32.00', '33.00', '34.00', NULL, '2018-11-26 02:06:19'),
(2, 'Spacial Interest', '0.00', '10.20', '11.30', '11.40', '11.50', '11.60', '11.70', '14.00', '11.90', '12.00', '12.10', '13.00', '13.00', '14.00', '15.00', '16.00', '17.00', '18.00', '19.00', '20.00', '21.00', '22.00', '23.00', '24.00', NULL, '2018-11-26 02:06:19');

-- --------------------------------------------------------

--
-- Table structure for table `items`
--

DROP TABLE IF EXISTS `items`;
CREATE TABLE IF NOT EXISTS `items` (
  `id` int(10) UNSIGNED NOT NULL AUTO_INCREMENT,
  `nombre` varchar(100) COLLATE utf8_unicode_ci NOT NULL,
  `marca_id` int(10) UNSIGNED NOT NULL,
  `descuento` double(8,2) UNSIGNED DEFAULT NULL,
  `tecnologia_id` int(10) UNSIGNED DEFAULT NULL,
  `imagen_id` int(10) UNSIGNED DEFAULT NULL,
  `postura_id` int(10) UNSIGNED DEFAULT NULL,
  `categoria_id` int(10) UNSIGNED DEFAULT NULL,
  `destacado` int(10) UNSIGNED DEFAULT NULL,
  `novedad` int(10) UNSIGNED DEFAULT NULL,
  `activo` int(10) UNSIGNED DEFAULT NULL,
  `slug` varchar(255) COLLATE utf8_unicode_ci NOT NULL,
  PRIMARY KEY (`id`),
  UNIQUE KEY `nombre_unique` (`nombre`),
  UNIQUE KEY `items_nombre_unique` (`nombre`),
  KEY `items_marca_id_index` (`marca_id`),
  KEY `items_imagen_id_index` (`imagen_id`),
  KEY `items_tecnologia_id_index` (`tecnologia_id`),
  KEY `items_postura_id_index` (`postura_id`)
) ENGINE=InnoDB AUTO_INCREMENT=182 DEFAULT CHARSET=utf8 COLLATE=utf8_unicode_ci;

--
-- Dumping data for table `items`
--

INSERT INTO `items` (`id`, `nombre`, `marca_id`, `descuento`, `tecnologia_id`, `imagen_id`, `postura_id`, `categoria_id`, `destacado`, `novedad`, `activo`, `slug`) VALUES
(1, 'Belflex', 3, NULL, 8, 1, 4, NULL, NULL, NULL, 1, ''),
(2, 'Matelasse', 3, NULL, 9, 2, 7, NULL, NULL, NULL, 1, ''),
(3, 'Dorado', 3, NULL, 22, 3, 5, NULL, NULL, NULL, 1, ''),
(4, 'Dorado Pillow Top', 3, 10.00, 22, 4, 5, 1, 1, NULL, 1, ''),
(5, 'Feeling', 3, NULL, 4, 5, 3, NULL, NULL, NULL, 1, ''),
(6, 'Belspring', 3, NULL, 4, 6, 3, NULL, NULL, NULL, 1, ''),
(7, 'Belspring Pillow Top', 3, NULL, 4, 7, 4, NULL, NULL, NULL, 1, ''),
(8, 'Belmo Lujo', 3, 10.00, 4, 8, 4, 1, NULL, NULL, 1, ''),
(9, 'Belmo Pocket', 3, 10.00, 3, 9, 4, 1, 1, NULL, 1, ''),
(10, 'Princess', 5, NULL, 8, 10, 4, NULL, NULL, NULL, 1, ''),
(11, 'Lujo', 5, NULL, 9, 262, 4, NULL, NULL, NULL, 1, ''),
(12, 'Exclusive', 5, NULL, 10, 12, 5, NULL, NULL, NULL, 1, ''),
(13, 'Exclusive Pillow Top', 5, NULL, 10, 13, 5, NULL, NULL, NULL, 1, ''),
(14, 'Renovation', 5, 10.00, 11, 14, 6, 1, 1, 0, 1, ''),
(15, 'Soñar', 5, NULL, 4, 15, 3, NULL, NULL, NULL, 1, ''),
(16, 'Platino', 5, NULL, 4, 16, 3, NULL, NULL, NULL, 1, ''),
(17, 'Doral', 5, NULL, 4, 17, 3, NULL, NULL, NULL, 1, ''),
(18, 'Doral Pillow Top', 5, NULL, 4, 18, 4, NULL, NULL, NULL, 1, ''),
(19, 'Sublime', 5, 10.00, 3, 19, 4, 1, NULL, NULL, 1, ''),
(20, 'Sublime Pillow Top', 5, 10.00, 3, 20, 4, 1, 1, 0, 1, ''),
(21, 'Red', 8, NULL, 4, 21, 3, NULL, NULL, NULL, 1, ''),
(22, 'Bordeaux', 8, NULL, 4, 22, 3, NULL, NULL, NULL, 1, ''),
(23, 'Bordeaux Night', 8, NULL, 4, 23, 4, NULL, NULL, NULL, 1, ''),
(24, 'Gold Spring Pillow Top', 8, NULL, 4, 24, 4, NULL, NULL, NULL, 1, ''),
(25, 'Excelsius', 8, NULL, 4, 25, 5, NULL, NULL, NULL, 1, ''),
(26, 'Angelus', 8, NULL, 10, 26, 5, NULL, NULL, NULL, 1, ''),
(28, 'Capricious', 22, NULL, 4, 28, 4, NULL, NULL, 1, 1, ''),
(29, 'Empathy', 22, NULL, 11, 29, 5, NULL, NULL, 1, 1, ''),
(30, 'Art', 8, 10.00, 3, 30, 5, 1, NULL, NULL, 1, ''),
(31, 'Super Plus', 4, NULL, 8, 31, 4, NULL, NULL, NULL, 1, ''),
(32, 'Inedit', 4, NULL, 9, 32, 4, NULL, NULL, NULL, 1, ''),
(33, 'Fantasie 18 cm', 4, NULL, 9, 33, 4, NULL, NULL, NULL, 1, ''),
(34, 'Fantasie 20 cm', 4, NULL, 9, 34, 4, NULL, NULL, NULL, 1, ''),
(35, 'D Oro 21 cm', 4, NULL, 10, 35, 5, NULL, NULL, NULL, 1, ''),
(36, 'D Oro 25 cm', 4, NULL, 10, 36, 5, NULL, NULL, NULL, 1, ''),
(37, 'Platine', 4, NULL, 10, 37, 6, NULL, NULL, NULL, 1, ''),
(38, 'Primor de Luxe', 4, NULL, 4, 38, 3, NULL, NULL, NULL, 1, ''),
(39, 'Privelle', 4, NULL, 4, 39, 3, NULL, NULL, NULL, 1, ''),
(40, 'BonellTop', 4, 10.00, 4, 40, 3, 1, NULL, NULL, 1, ''),
(41, 'Nouvelle', 4, NULL, 3, 41, 4, NULL, NULL, NULL, 1, ''),
(42, 'DoFuan', 4, NULL, 3, 42, 4, NULL, NULL, NULL, 1, ''),
(43, 'TopFuan', 4, 10.00, 3, 43, 5, 1, 1, NULL, 1, ''),
(44, 'LC 500', 4, NULL, 4, 44, 3, NULL, 1, NULL, 1, ''),
(45, 'LC 1000', 4, NULL, 3, 45, 5, NULL, 0, 1, 1, ''),
(46, 'Eifel', 11, NULL, 4, 46, 3, NULL, NULL, NULL, 1, ''),
(47, 'Sensation', 11, NULL, 4, 47, 3, NULL, NULL, NULL, 1, ''),
(49, 'Olympic Jackard', 11, NULL, 4, 49, 4, NULL, NULL, NULL, 1, ''),
(50, 'Paradise Soft', 11, 10.00, 4, 50, 4, 1, NULL, NULL, 1, ''),
(51, 'Eden', 11, NULL, 3, 51, 5, NULL, NULL, NULL, 1, ''),
(52, 'Correct Comfort', 11, 10.00, 3, 52, 5, 1, 1, NULL, 1, ''),
(53, 'NaturalFoam bajo', 9, NULL, 13, 53, 3, NULL, NULL, NULL, 1, ''),
(54, 'NaturalFoam 17 cm', 9, NULL, 13, 54, 4, NULL, NULL, NULL, 1, ''),
(55, 'NaturalFoam Pillow Top', 9, NULL, 13, 55, 5, NULL, NULL, NULL, 1, ''),
(56, 'Dalí', 11, NULL, 8, 56, 4, NULL, NULL, NULL, 1, ''),
(57, 'Luxor', 11, NULL, 9, 57, 4, NULL, NULL, NULL, 1, ''),
(58, 'Premier', 11, NULL, 10, 58, 5, NULL, NULL, NULL, 1, ''),
(59, 'Massage', 11, NULL, 11, 59, 6, NULL, NULL, NULL, 1, ''),
(60, 'Sensación', 12, NULL, 10, 60, 5, NULL, NULL, NULL, 1, ''),
(61, 'Premium', 12, NULL, 11, 61, 4, NULL, NULL, NULL, 1, ''),
(62, 'Terra Top', 12, NULL, 4, 62, 3, NULL, NULL, NULL, 1, ''),
(63, 'Imperio', 12, NULL, 4, 63, 4, NULL, NULL, NULL, 1, ''),
(64, 'Realeza', 12, NULL, 4, 64, 4, NULL, NULL, NULL, 1, ''),
(65, 'Laguna', 10, NULL, 4, 65, 4, NULL, NULL, NULL, 1, ''),
(66, 'Rome', 10, NULL, 4, 66, 4, NULL, NULL, NULL, 1, ''),
(67, 'Greyland', 10, NULL, 4, 67, 5, NULL, NULL, NULL, 1, ''),
(68, 'Tilbury', 10, NULL, 3, 68, 5, NULL, NULL, NULL, 1, ''),
(69, 'Trenton', 10, NULL, 3, 69, 5, NULL, NULL, NULL, 1, ''),
(70, 'New Jersey', 10, 10.00, 3, 70, 5, 1, NULL, NULL, 1, ''),
(71, 'Moline', 10, NULL, 3, 71, 5, NULL, NULL, NULL, 1, ''),
(72, 'Back Therapy', 2, NULL, 22, 72, 5, NULL, NULL, NULL, 1, ''),
(73, 'DeepSleep', 2, NULL, 4, 73, 4, NULL, NULL, NULL, 1, ''),
(74, 'BackCare Siesta', 2, 10.00, 4, 540, 5, 1, NULL, 1, 1, ''),
(75, 'Recharge Classic', 2, NULL, 3, 75, 4, NULL, 1, NULL, 1, ''),
(76, 'Smart Elegance', 2, 10.00, 3, 543, 3, 1, NULL, 1, 1, ''),
(77, 'World Class Spa', 2, NULL, 3, 77, 2, NULL, 1, NULL, 1, ''),
(78, 'Liz', 13, NULL, 4, 78, 3, NULL, NULL, NULL, 1, ''),
(79, 'Regina', 13, NULL, 4, 79, 3, NULL, NULL, NULL, 1, ''),
(80, 'Luxe', 13, NULL, 10, 80, 5, NULL, NULL, NULL, 1, ''),
(81, 'Jackie', 6, NULL, 4, 81, 4, NULL, NULL, NULL, 1, ''),
(82, 'Multilastic', 6, NULL, 5, 82, 4, NULL, NULL, NULL, 1, ''),
(83, 'Gran Realce', 6, NULL, 4, 83, 4, NULL, 1, 1, 1, ''),
(84, 'Power', 6, NULL, 3, 84, 5, NULL, NULL, NULL, 1, ''),
(85, 'Magnetic', 6, 10.00, 3, 85, 4, 1, NULL, NULL, 1, ''),
(86, 'Maximus', 6, 10.00, 3, 86, 3, 1, 1, NULL, 1, ''),
(87, 'Roomy', 6, NULL, 21, 87, 7, NULL, NULL, NULL, 1, ''),
(88, 'Duo', 6, NULL, 8, 88, 4, NULL, NULL, NULL, 1, ''),
(89, 'S5', 6, NULL, 4, 89, 4, NULL, NULL, 1, 1, ''),
(90, 'Duo con Jackie', 6, NULL, 4, 88, 4, NULL, NULL, NULL, 1, ''),
(91, 'Duo con Multilastic', 6, NULL, 5, 88, 4, NULL, NULL, NULL, 1, ''),
(92, 'S5 con Jackie', 6, NULL, 4, 89, 4, NULL, NULL, NULL, 1, ''),
(93, 'S5 con Multilastic', 6, NULL, 5, 89, 4, NULL, NULL, NULL, 1, ''),
(94, 'Sueño', 1, NULL, 8, 94, 4, NULL, NULL, NULL, 1, ''),
(95, 'Suavestar Lujo', 1, NULL, 9, 11, 4, NULL, NULL, NULL, 1, ''),
(96, 'Relax', 1, NULL, 10, 96, 5, NULL, NULL, NULL, 1, ''),
(97, 'Relax SF', 1, NULL, 10, 97, 5, NULL, 1, NULL, 1, ''),
(98, 'Centuria Pro', 1, NULL, 11, 98, 6, NULL, NULL, NULL, 1, ''),
(99, 'Atmosphere', 1, 10.00, 11, 538, 6, 1, NULL, NULL, 1, ''),
(100, 'Floustar', 1, NULL, 5, 100, 3, NULL, NULL, NULL, 1, ''),
(101, 'Superstar', 1, NULL, 5, 101, 3, NULL, NULL, NULL, 1, ''),
(102, 'Superstar Pillow Top', 1, NULL, 5, 102, 3, NULL, NULL, NULL, 1, ''),
(103, 'Blue Star', 1, NULL, 5, 103, 4, NULL, NULL, NULL, 1, ''),
(104, 'Boreal', 1, 10.00, 5, 104, 4, 1, NULL, NULL, 1, ''),
(105, 'Boreal Pillow Top', 1, 10.00, 5, 105, 4, 1, NULL, NULL, 1, ''),
(106, 'Insignia Rouge', 1, NULL, 5, 106, 4, NULL, NULL, NULL, 1, ''),
(107, 'Loft', 1, NULL, 3, 107, 5, NULL, NULL, NULL, 1, ''),
(108, 'Perseus', 1, 10.00, 3, 108, 5, 1, NULL, NULL, 1, ''),
(109, 'Magnifisense', 1, NULL, 5, 109, 3, NULL, 1, NULL, 1, ''),
(110, 'Esmeralda', 7, NULL, 9, 110, 5, NULL, NULL, NULL, 1, ''),
(111, 'Marfil 21', 7, NULL, 10, 111, 5, NULL, NULL, NULL, 1, ''),
(112, 'Marfil 25', 7, 10.00, 10, 112, 5, 1, NULL, NULL, 1, ''),
(113, 'Marfil 28', 7, NULL, 10, 113, 5, NULL, NULL, NULL, 1, ''),
(114, 'Simetric', 7, NULL, 4, 114, 4, NULL, NULL, NULL, 1, ''),
(115, 'Simetric Pillow Top', 7, NULL, 4, 115, 4, NULL, NULL, NULL, 1, ''),
(116, 'Complete', 7, 10.00, 4, 116, 5, 1, NULL, NULL, 1, ''),
(117, 'Complete Pillow Top', 7, 10.00, 4, 117, 5, 1, NULL, NULL, 1, ''),
(118, 'Axis', 7, NULL, 4, 201, 3, NULL, NULL, NULL, 1, ''),
(119, 'Jurere', 7, 10.00, 3, 203, 6, 1, NULL, NULL, 1, ''),
(120, 'Tahiti', 7, NULL, 3, 209, 3, NULL, 1, NULL, 1, ''),
(121, 'Martinica', 7, NULL, 10, 207, 5, NULL, NULL, NULL, 1, ''),
(122, 'Tulum', 7, NULL, 6, 210, 6, NULL, 1, NULL, 1, ''),
(123, 'Sport', 1, NULL, 9, 123, 5, NULL, NULL, NULL, 1, ''),
(124, 'Spa Visco', 2, NULL, 23, 124, 4, 4, NULL, NULL, 1, ''),
(125, 'Nativa c/faja', 60, NULL, 17, 125, 2, 4, NULL, NULL, 1, ''),
(126, 'Intelligent', 2, NULL, 14, 126, 1, 4, NULL, NULL, 1, ''),
(127, 'Cannon Cervical Visco', 5, NULL, 14, 127, 1, 4, NULL, NULL, 1, ''),
(128, 'Cannon Clasica Visco', 5, NULL, 14, 128, 1, 4, NULL, NULL, 1, ''),
(129, 'Americana Visco', 18, NULL, 14, 129, 1, 4, NULL, NULL, 1, ''),
(130, 'VLV cervical', 18, NULL, 14, 130, 1, 4, NULL, NULL, 1, ''),
(131, 'VLV clasica', 18, NULL, 14, 131, 1, 4, NULL, NULL, 1, ''),
(132, 'Plumax', 18, NULL, 18, 132, 1, 4, NULL, NULL, 1, ''),
(133, 'Suite', 18, NULL, 17, 133, 2, NULL, NULL, NULL, 1, ''),
(134, 'Insignia alma', 1, NULL, 23, 134, 4, NULL, NULL, NULL, 1, ''),
(135, 'Thermosense', 1, NULL, 14, 135, 1, NULL, NULL, NULL, 1, ''),
(136, 'Thermosense Cervical', 1, NULL, 14, 136, 1, NULL, NULL, NULL, 1, ''),
(137, 'Florencia', 19, NULL, 14, 137, 1, 4, NULL, NULL, 1, ''),
(138, 'Milan', 19, NULL, 14, 138, 1, 4, NULL, NULL, 1, ''),
(141, 'Plooma 50%', 18, NULL, 18, 141, 1, 4, NULL, NULL, 1, ''),
(142, 'Plooma 100%', 18, NULL, 18, 142, 1, 4, NULL, NULL, 1, ''),
(143, 'Milenium', 60, NULL, 24, 143, 4, 4, NULL, NULL, 1, ''),
(144, 'Exquisite', 19, NULL, 23, 144, 4, 4, NULL, NULL, 1, ''),
(145, 'Air Comfort', 1, NULL, 14, 145, 1, 4, NULL, NULL, 1, ''),
(146, 'Intelligent Cervical', 2, NULL, 14, 146, 1, 4, NULL, NULL, 1, ''),
(147, 'Neo Relax visco', 23, NULL, 14, 147, 1, 4, NULL, NULL, 1, ''),
(148, 'Algodón 200 hl', 17, NULL, 20, 148, 7, 5, NULL, NULL, 1, ''),
(149, 'Saten Algodón 400 hl', 17, NULL, 20, 149, 7, 5, NULL, NULL, 1, ''),
(150, 'Percal 180', 15, NULL, 20, 150, 7, 5, NULL, NULL, 1, ''),
(151, 'Percal 200', 15, NULL, 20, 151, 7, 5, NULL, NULL, 1, ''),
(152, 'Saten 280 hl', 14, NULL, 20, 152, 7, 5, NULL, NULL, 1, ''),
(155, 'Corderito', 15, NULL, 19, 155, 7, NULL, NULL, NULL, 1, ''),
(156, 'Dual', 4, NULL, 4, 282, 3, NULL, NULL, NULL, 1, ''),
(157, 'Delpa Natural Foam', 9, NULL, 13, 157, 2, NULL, NULL, NULL, 1, ''),
(158, 'Algodón 300 hl', 17, NULL, 20, 158, 7, 5, NULL, NULL, 1, ''),
(159, 'Primera', 6, NULL, 9, 159, 4, NULL, NULL, NULL, 1, ''),
(160, 'Jersey de Algodón', 82, NULL, 20, 160, 7, 5, NULL, NULL, 1, ''),
(161, 'Duobed', 3, NULL, 4, 168, 4, NULL, NULL, NULL, 1, ''),
(162, 'Fit Memory', 21, NULL, 16, 171, 1, NULL, NULL, NULL, 1, ''),
(163, 'Quilt', 6, NULL, 4, 193, 5, NULL, 1, NULL, 1, ''),
(164, 'NeoRelax', 23, NULL, 16, 198, 6, NULL, NULL, 1, 1, ''),
(165, 'Cardigan Pillow Top', 12, NULL, 4, 211, 5, NULL, NULL, NULL, 1, ''),
(166, 'Realeza Exclusive', 12, NULL, 4, 212, 4, NULL, NULL, NULL, 1, ''),
(167, 'Dynasty', 12, NULL, 4, 220, 5, NULL, NULL, NULL, 1, ''),
(168, 'Terra Jacquard', 12, NULL, 4, 214, 3, NULL, NULL, NULL, 1, ''),
(169, 'Shankar', 22, 10.00, 3, 222, 5, 1, NULL, 1, 1, ''),
(170, 'Sensorial', 21, NULL, 14, 238, 1, 4, NULL, NULL, 1, ''),
(171, 'Sublime Nucleo', 5, NULL, 23, 241, 4, 4, NULL, NULL, 1, ''),
(172, 'Multispace', 8, NULL, 8, 95, 3, NULL, NULL, NULL, 1, ''),
(174, 'Space', 11, NULL, 4, 289, 5, NULL, NULL, NULL, 1, ''),
(175, 'Multibox', 8, NULL, 21, 544, 7, NULL, NULL, NULL, 1, ''),
(176, 'Pillow Top Fit Memory', 21, NULL, 14, 546, 1, NULL, NULL, NULL, 1, ''),
(177, 'Edredon Comforter', 99, NULL, 19, 547, 7, NULL, NULL, NULL, 1, ''),
(178, 'Edredon Comforter Plus', 99, NULL, 19, 548, 7, NULL, NULL, NULL, 1, ''),
(179, 'Testtt', 17, 3.25, 10, 236, 3, 65, 1, 1, 1, 'testtt'),
(180, 'tettttt', 12, 1.25, 8, 180, 5, 1, 2, 1, 1, 'tettttt'),
(181, 'ashok', 3, 3.00, 23, 554, 6, 4, 2, 2, 1, 'ashok');

-- --------------------------------------------------------

--
-- Table structure for table `marcas`
--

DROP TABLE IF EXISTS `marcas`;
CREATE TABLE IF NOT EXISTS `marcas` (
  `id` int(10) UNSIGNED NOT NULL AUTO_INCREMENT,
  `nombre` varchar(100) COLLATE utf8_unicode_ci NOT NULL,
  `logo` varchar(50) COLLATE utf8_unicode_ci NOT NULL,
  `orden` int(10) UNSIGNED DEFAULT NULL,
  `activo` int(10) UNSIGNED DEFAULT NULL,
  `slug` varchar(255) COLLATE utf8_unicode_ci NOT NULL,
  PRIMARY KEY (`id`),
  UNIQUE KEY `nombre_unique` (`nombre`),
  UNIQUE KEY `marcas_nombre_unique` (`nombre`),
  KEY `marcas_orden_index` (`orden`)
) ENGINE=InnoDB AUTO_INCREMENT=106 DEFAULT CHARSET=utf8 COLLATE=utf8_unicode_ci;

--
-- Dumping data for table `marcas`
--

INSERT INTO `marcas` (`id`, `nombre`, `logo`, `orden`, `activo`, `slug`) VALUES
(1, 'Suavestar', 'logo-suavestar.png', 1, 1, ''),
(2, 'Simmons', 'logo-simmons.png', 1, 1, ''),
(3, 'Belmo', 'logo-belmo.png', 1, 1, ''),
(4, 'La Cardeuse', 'logo-lacardeuse.png', 1, 1, ''),
(5, 'Cannon', 'logo-cannon.png', 1, 1, ''),
(6, 'Springwall', 'logo-springwall.png', 1, 1, ''),
(7, 'Topacio', 'logo-topacio.png', 1, 1, ''),
(8, 'Gani', 'logo-gani.png', 1, 1, ''),
(9, 'NaturalFoam', 'logo-naturalfoam.png', 1, 1, ''),
(10, 'Sealy', 'logo-sealy.png', 1, 1, ''),
(11, 'Meyer', 'logo-meyer.png', 1, 1, ''),
(12, 'Litoral', 'logo-litoral.png', 1, 1, ''),
(13, 'Soñador', 'logo-soniador.png', 1, 1, ''),
(14, 'Palette', 'logo-palette.png', 3, 1, ''),
(15, 'Pierre Cardin', 'logo-pierrecardin.png', 3, 1, ''),
(16, 'Plooma', 'logo-plooma.png', 2, 1, ''),
(17, 'Danubio', 'logo-danubio.png', 3, 1, ''),
(18, 'Velvetine', 'logo-velvetine.png', 2, 1, ''),
(19, 'Fiber Ball', 'logo-fiberball.png', 2, 1, ''),
(20, 'Suamir', 'logo-suamir.png', 2, 1, ''),
(21, 'Sensorial', 'logo-sensorial.png', 1, 1, ''),
(22, 'Modern Infinity', 'logo-modernInfinity.png', 1, 1, ''),
(23, 'NeoRelax', 'logo-neorelax.png', 1, 1, ''),
(24, 'El Arbol', '', NULL, NULL, ''),
(25, 'Fer Go', '', NULL, NULL, ''),
(26, 'Rumbo', '', NULL, NULL, ''),
(27, 'Platinum', '', NULL, NULL, ''),
(28, 'Fisher', '', NULL, NULL, ''),
(37, 'Dulce S', '', NULL, NULL, ''),
(38, 'MBM', '', NULL, NULL, ''),
(39, 'Roma', '', NULL, NULL, ''),
(60, 'FiberBall', '', NULL, NULL, ''),
(61, 'MAC', '', NULL, NULL, ''),
(62, 'Ingresos Brutos', '', NULL, NULL, ''),
(63, 'Les Enfants', '', NULL, NULL, ''),
(64, 'Carpinteria Rivadavia', '', NULL, NULL, ''),
(65, 'Fletes Miguel', '', NULL, NULL, ''),
(66, 'Taller Alvarado', '', NULL, NULL, ''),
(67, 'Delpa', '', NULL, NULL, ''),
(68, 'Osvaldo Gordon', '', NULL, NULL, ''),
(69, 'Kiara', '', NULL, NULL, ''),
(70, 'Ivan muebles', '', NULL, NULL, ''),
(71, 'Fase II', '', NULL, NULL, ''),
(72, 'Milan Mobili S.R.L', '', NULL, NULL, ''),
(73, 'Meyer old', '', NULL, NULL, ''),
(75, 'Danubio old', '', NULL, NULL, ''),
(76, 'Indeflex', '', NULL, NULL, ''),
(77, 'Cannon Americana', '', NULL, NULL, ''),
(78, 'Pierre Balmain', '', NULL, NULL, ''),
(79, 'Pampa S A', '', NULL, NULL, ''),
(80, 'Dormiflex', '', NULL, NULL, ''),
(81, 'La Cardeuse old', '', NULL, NULL, ''),
(82, 'Lisura', '', NULL, NULL, ''),
(83, 'Martin B', '0', NULL, NULL, ''),
(84, 'Mamaoclla', '0', NULL, NULL, ''),
(85, 'Vazquez', '0,17', NULL, NULL, ''),
(86, 'Catalina Ferrara', '0', NULL, NULL, ''),
(87, 'Yamana', '0', NULL, NULL, ''),
(88, 'Feathers', '0', NULL, NULL, ''),
(89, 'Oscar Leoni', '0', NULL, NULL, ''),
(90, 'Class Collection', '0', NULL, NULL, ''),
(91, 'Castor', '0,18', NULL, NULL, ''),
(92, 'Velvetine old', '0', NULL, NULL, ''),
(93, 'Natural Response', '0', NULL, NULL, ''),
(94, 'Palette old', '0', NULL, NULL, ''),
(95, 'La Noche Buena', '0', NULL, NULL, ''),
(96, 'Gani old', '0', NULL, NULL, ''),
(97, 'Blue rest', '0', NULL, NULL, ''),
(98, 'Litoral old', '0', NULL, NULL, ''),
(99, 'Nevada', '0', NULL, NULL, ''),
(100, 'Hemadi', '0', NULL, NULL, ''),
(102, 'Casa Blanca', '0', NULL, NULL, ''),
(103, 'Sueños magicos', '0', NULL, NULL, ''),
(104, 'Almohar', '', NULL, NULL, ''),
(105, 'testtt', 'testtt-29.jpg', 1, 1, 'testtt');

-- --------------------------------------------------------

--
-- Table structure for table `medidas`
--

DROP TABLE IF EXISTS `medidas`;
CREATE TABLE IF NOT EXISTS `medidas` (
  `id` int(10) UNSIGNED NOT NULL AUTO_INCREMENT,
  `nombre` varchar(100) COLLATE utf8_unicode_ci NOT NULL,
  `alias` varchar(100) COLLATE utf8_unicode_ci NOT NULL,
  PRIMARY KEY (`id`),
  UNIQUE KEY `nombre_unique` (`nombre`),
  UNIQUE KEY `medidas_nombre_unique` (`nombre`),
  KEY `medidas_alias_index` (`alias`)
) ENGINE=InnoDB AUTO_INCREMENT=28 DEFAULT CHARSET=utf8 COLLATE=utf8_unicode_ci;

--
-- Dumping data for table `medidas`
--

INSERT INTO `medidas` (`id`, `nombre`, `alias`) VALUES
(2, '0,80 x 1,90', '1 plaza'),
(3, '0,80 x 2,00', '1 plaza L'),
(4, '0,90 x 1,90', '1 y media pz'),
(5, '0,90 x 2,00', '1 y media pz L'),
(6, '1,00 x 1,90', 'Twin'),
(7, '1,00 x 2,00', 'Twin L'),
(8, '1,20 x 1,90', 'Twin X'),
(9, '1,20 x 2,00', 'Twin XL'),
(10, '1,30 x 1,90', '2 plazas small'),
(12, '1,30 x 2,00', '2 plazas small L'),
(13, '1,40 x 1,90', '2 plazas'),
(14, '1,40 x 2,00', '2 plazas L'),
(15, '1,50 x 1,90', '2 y media pz'),
(16, '1,50 x 2,00', '2 y media pz L'),
(17, '1,60 x 1,90', 'Quenn'),
(18, '1,60 x 2,00', 'Queen L'),
(19, '1,80 x 2,00', 'King L'),
(20, '1,90 x 2,00', 'King X'),
(21, '2,00 x 2,00', 'King XL'),
(22, '0,65 x 0,40', 'Clasica'),
(23, '0,70 x 0,35', 'Clasica'),
(24, '0,70 x 0,40', 'Clasica'),
(25, '0,70 x 0,50', 'Americana'),
(26, '0,90 x 0,50', 'Americana King'),
(27, 'testttt11', 'testttttsss22');

-- --------------------------------------------------------

--
-- Table structure for table `migrations`
--

DROP TABLE IF EXISTS `migrations`;
CREATE TABLE IF NOT EXISTS `migrations` (
  `id` int(10) UNSIGNED NOT NULL AUTO_INCREMENT,
  `migration` varchar(255) COLLATE utf8mb4_unicode_ci NOT NULL,
  `batch` int(11) NOT NULL,
  PRIMARY KEY (`id`)
) ENGINE=InnoDB AUTO_INCREMENT=63 DEFAULT CHARSET=utf8mb4 COLLATE=utf8mb4_unicode_ci;

--
-- Dumping data for table `migrations`
--

INSERT INTO `migrations` (`id`, `migration`, `batch`) VALUES
(1, '2014_10_12_000000_create_users_table', 1),
(2, '2014_10_12_100000_create_password_resets_table', 1),
(3, '2017_11_19_164834_sommiers_web_tablas', 1),
(7, '2018_02_13_115429_create_sessions_table', 2),
(8, '2018_03_31_083648_create_bookings_table', 2),
(9, '2018_03_31_084131_create_bookeditems_table', 2),
(11, '2018_04_13_021317_add_table_users_column', 3),
(12, '2017_03_23_061839_create_websitesettings_table', 4),
(13, '2018_04_14_054758_add_booking_column', 5),
(15, '2018_11_16_033138_create_interest_rates_table', 6),
(17, '2018_11_20_092155_add_clms_booking_table', 7),
(18, '2018_11_26_042709_add_clm_interest_rates_table', 8),
(20, '2018_11_26_043438_add_clm_websitesettings_table', 9),
(21, '2019_03_16_062434_add_clmm_to_bookings', 10),
(22, '2019_05_04_032837_create_card_infos_table', 11),
(23, '2019_07_05_040805_create_consultas_table', 12),
(25, '2019_07_15_102325_add_clm_uid_users_table', 13),
(26, '2019_09_18_042924_add_clm_to_card_infos', 14),
(27, '2019_09_18_065340_add_valicode_to_bookings', 14),
(51, '2019_08_19_000000_create_failed_jobs_table', 15),
(52, '2020_07_27_075118_create_permission_tables', 15),
(54, '2020_07_27_133547_create_suppliers_table', 16),
(55, '2020_07_27_103122_add_column_users_table', 17),
(58, '2020_07_29_113350_create_purchase_orders_table', 18),
(59, '2020_07_29_113732_create_purchase_order_products_table', 18),
(60, '2020_07_30_091603_create_purchase_order_receivings_table', 19),
(61, '2020_07_31_062943_create_purchase_order_returns_table', 20),
(62, '2020_07_31_101939_add_columns_in_bookings_table', 21);

-- --------------------------------------------------------

--
-- Table structure for table `modelos`
--

DROP TABLE IF EXISTS `modelos`;
CREATE TABLE IF NOT EXISTS `modelos` (
  `id` int(10) UNSIGNED NOT NULL AUTO_INCREMENT,
  `nombre` varchar(100) COLLATE utf8_unicode_ci NOT NULL,
  `des_corta` varchar(100) COLLATE utf8_unicode_ci NOT NULL,
  `descripcion` longtext COLLATE utf8_unicode_ci NOT NULL,
  `postura_id` int(10) UNSIGNED DEFAULT NULL,
  `tecnologia_id` int(10) UNSIGNED DEFAULT NULL,
  `garantia_id` int(10) UNSIGNED DEFAULT NULL,
  `item_id` int(10) UNSIGNED NOT NULL,
  `orden` int(10) UNSIGNED DEFAULT NULL,
  `activo` int(10) UNSIGNED DEFAULT NULL,
  PRIMARY KEY (`id`),
  UNIQUE KEY `nombre_unique` (`nombre`),
  UNIQUE KEY `modelos_nombre_unique` (`nombre`),
  KEY `modelos_orden_index` (`orden`),
  KEY `modelos_tecnologia_id_index` (`tecnologia_id`),
  KEY `modelos_garantia_id_index` (`garantia_id`),
  KEY `modelos_postura_id_index` (`postura_id`),
  KEY `modelos_item_id_index` (`item_id`) USING BTREE
) ENGINE=InnoDB AUTO_INCREMENT=309 DEFAULT CHARSET=utf8 COLLATE=utf8_unicode_ci;

--
-- Dumping data for table `modelos`
--

INSERT INTO `modelos` (`id`, `nombre`, `des_corta`, `descripcion`, `postura_id`, `tecnologia_id`, `garantia_id`, `item_id`, `orden`, `activo`) VALUES
(1, 'Belflex', 'Belflex', 'Colchón de espuma de poliuretano. Ideal para personas de contextura intermedia o mediana según peso y altura recomendadas por la Tabla de Biotipo. CARACTERÍSTICAS\r\n\r\nEspuma de Poliuretano de 23 kg/m 3 de densidad.\r\nTotalmente matelaseado.\r\nTapizado en tela de algodón.\r\n5 años de garantía*\r\n*La garantía será por 5 años decreciente de acuerdo a la siguiente escala: 100% de valor de la placa de espuma el primer año, 80% del valor al segundo año, 60% del valor en el tercer año, 40% del valor en el cuarto año y 20% de valor en el quinto año.\r\nMatelaseados en su totalidad y tapizados con diseños exclusivos en tejidos de algodón y jackard que son fabricados en nuestro país.', 4, 8, NULL, 1, 1, 1),
(2, 'Matelasse', 'Matelasse', 'Colchón de espuma de densidad media. \r\nFirmeza suprema. Un colchón especialmente diseñado para el cuidado de la espalda, excelente firmeza y soporte. Ideal para mantener una postura saludable durante el descanso.\r\nCARACTERÍSTICAS\r\n\r\nEspuma de Poliuretano de 27 kg/m 3 de densidad.\r\nTotalmente matelaseado.\r\nTapizado en tela de jackard.\r\nGarantía por 5 años*\r\n*La garantía será por 5 años decreciente de acuerdo a la siguiente escala: 100% de valor de la placa de espuma el primer año, 80% del valor al segundo año, 60% del valor en el tercer año, 40% del valor en el cuarto año y 20% de valor en el quinto año.', 7, 9, NULL, 2, 1, 1),
(3, 'Dorado', 'Dorado', 'Colchón de espuma de alta densidad. \r\nLÍNEA 2017. Colchón para no dar vueltas.\r\nFirmeza suprema. Un colchón especialmente diseñado para el cuidado de la espalda, máxima firmeza y soporte. Ideal para mantener una postura saludable durante el descanso.\r\nCARACTERÍSTICAS\r\n\r\nDiseñado para no dar vuelta.\r\nAlta densidad 33kg/m3.\r\nExtra firmeza y soporte.\r\nTapizado en tela de jackard de excelente calidad.\r\nMatelasseado en su totalidad.\r\nAdemás, se combina con el sommier Belmo, cuyo sistema europeo permite obtener un soporte firme y duradero.\r\n5 años de garantía*\r\n*La garantía es decreciente según la siguiente escala: 1er año, 100% del valor de la placa; 2do año, 80%; transcurso del 3er año, 60%; 4to año, 40% y antes de cumplido el 5to año, 20% del valor de la placa de espuma', 5, 22, NULL, 3, 1, 1),
(4, 'Dorado Pillow Top', 'Dorado Pillow Top', 'Colchón de espuma de alta densidad. La más confortable sensación de firmeza para obtener el soporte necesario para el cuidado de la espalda durante el descanso.\r\nCARACTERÍSTICAS\r\n\r\nAlta densidad 33kg/m3.\r\nFirme y Confortable.\r\nDiseñado para no dar vuelta.\r\nCon Euro Pillow. Una manta adicional extra confortable.\r\nTapizado en tela de jackard de excelente calidad.\r\nMatelasseado en su totalidad.\r\nAdemás, se combina con el sommier Belmo, cuyo sistema europeo permite obtener un soporte firme y duradero.\r\n5 años de garantía*\r\n*La garantía es decreciente según la siguiente escala: 1er año, 100% del valor de la placa; 2do año, 80%; transcurso del 3er año, 60%; 4to año, 40% y antes de cumplido el 5to año, 20% del valor de la placa de espuma.', 5, 22, NULL, 4, 1, 1),
(5, 'Feeling', 'Feeling', 'Colchón de resortes – soporte y confort.\r\nResortes bicónicos tejidos entre sí por un espiral de acero, una estructura confortable y duradera que sostiene perfectamente el peso del cuerpo.\r\nAcolchados y rellenos de muy buena calidad, que otorgan una sensación de confort y amortiguación sin prescindir de la firmeza que deben otorgar estos importantes componentes.\r\nMarco perimetral de espuma de poliuretano ultra resistente y firme. Actúa como pared lateral estable que contiene la estructura interior de resortes.\r\nColchón y sommier tapizados en tela de jackcard con un diseño moderno de la mejor calidad nacional.\r\nCARACTERÍSTICAS\r\n\r\nResortes bicónicos tejidos entre sí por un espiral de acero.\r\nAcolchados y rellenos de muy buena calidad.\r\nMarco perimetral de espuma de poliuretano ultra resistente y firme.\r\nColchón tapizado en tela de jackcard.\r\nMatelaseado en su totalidad.\r\nEl sommier se presenta con la misma tela que el colchón y posee además una tela antideslizante en la superficie superior para evitar el movimiento del colchón.\r\nGarantía: 1 año', 3, 4, NULL, 5, 1, 1),
(6, 'Belspring', 'Belspring', 'Colchón de resortes – Sistema Europeo, soporte y durabilidad.\r\nCorazón de resortes bicónicos templados electrónicamente, tejidos entre sí por un espiral de acero. Una estructura interna que no sufre deformaciones con el uso normal del colchón.\r\nMarco perimetral de espuma extra firme, que brinda la más confortable sensación de confort de acuerdo al sistema europeo.\r\nEstabilizadores verticales, brindan estabilidad y firmeza al perímetro del colchón aumentando la durabilidad del colchón.\r\nDiseñado para no ser dado vuelta, firmeza en la base y confort extra en la superficie. Evita el mantenimiento del producto por rotación.\r\nAcolchados y rellenos de la mejor calidad, combinados en las proporciones adecuadas de firmeza y suavidad, permiten disfrutar un alto índice de firmeza y una excelente sensación de confort y amortiguación.\r\nEl juego de colchón y sommier Belspring, diseñado como una unidad, está matelaseado con la tela jackard de excelente calidad.\r\nCARACTERÍSTICAS\r\n\r\nBase de resortes bicónicos templados electrónicamente.\r\nMarco perimetral de espuma extra firme.\r\nPerímetro reforzado con estabilizadores verticales.\r\nDiseñado para no ser dado vuelta.\r\nAcolchados y rellenos de la mejor calidad.\r\nEl juego de colchón y sommier Belspring está matelaseado con la tela jackard de excelente calidad.\r\nGarantía: Colchón 1 año. Juego de colchón y sommier 2 años.', 3, 4, NULL, 6, 1, 1),
(7, 'Belspring Pillow Top', 'Belspring Pillow Top', 'Colchón de resortes – Confort, soporte y durabilidad\r\nCorazón de resortes bicónicos templados electrónicamente, tejidos entre sí por un espiral de acero. Una estructura interna que no sufre deformaciones con el uso normal del colchón.\r\nMarco perimetral de espuma extra firme que brinda la más confortable sensación de confort de acuerdo al sistema europeo.\r\nEstabilizadores verticales, brindan estabilidad y firmeza al perímetro del colchón aumentando la durabilidad del colchón.\r\nDiseñado para no ser dado vuelta, firmeza en la base y confort extra en la superficie. Evita el mantenimiento del producto por rotación.\r\nAcolchados y rellenos de la mejor calidad, combinados en las proporciones adecuadas de firmeza y suavidad, permiten disfrutar un alto índice de firmeza y una excelente sensación de confort y amortiguación.\r\nCon Euro Pillow, una manta extra confortable, que además jerarquiza la belleza exterior del producto.\r\nEl juego de colchón y sommier Belspring, diseñado como una unidad, está matelaseado con la tela jackard de excelente calidad.\r\nCARACTERÍSTICAS\r\n\r\nCorazón de resortes bicónicos templados electrónicamente.\r\nMarco perimetral de espuma extra firme.\r\nPerímetro reforzado con estabilizadores verticales.\r\nDiseñado para no ser dado vuelta.\r\nCon Euro Pillow.\r\nAcolchados y rellenos de la mejor calidad.\r\nTapizado en tela de jackcard.\r\nEl juego de colchón y sommier Belspring está matelaseado con la tela jackard de excelente calidad.\r\nGarantía: Colchón 1 año. Juego de colchón y sommier 2 años.', 4, 4, NULL, 7, 1, 1),
(8, 'Belmo Lujo', 'Belmo Lujo', 'Colchón de resortes – Lujo, soporte y durabilidad\r\nBase de resortes bicónicos templados electrónicamente, tejidos entre sí por un espiral de acero. Una estructura interna que no sufre deformaciones con el uso normal del colchón.\r\nDoble marco perimetral de acero, que permite disfrutar del 100% de la superficie de descanso aumentando la estabilidad y durabilidad del colchón.\r\nEstabilizadores esquineros, brindan mayor estabilidad y firmeza en las esquinas del colchón aumentando la durabilidad del colchón.\r\nDiseñado para no ser dado vuelta, firmeza en la base y confort extra en la superficie. Evita el mantenimiento del producto por rotación.\r\nAcolchados y rellenos de la mejor calidad de espuma viscolástica, combinados en las proporciones adecuadas de firmeza y suavidad, permiten disfrutar un alto índice de firmeza y una excelente sensación de confort.\r\nCon Europillow, una manta de confort interna que aumenta la suavidad y el confort al primer contacto con el cuerpo.\r\nEl juego de colchón y sommier Belspring Lujo, diseñado como una unidad, está matelaseado con tela piqué de excelente calidad.\r\nCARACTERÍSTICAS\r\n\r\nEstructura de resortes bicónicos, con doble marco perimetral de acero.\r\nEstabilizadores esquineros.\r\nAcolchados interiores de espuma soft.\r\nMayor altura y confort.\r\nTapizado en Piqué y matelaseado en su totalidad.\r\nCon Europillow interior.\r\nSistema diseñado para no dar vuelta el.\r\nTapa en tela de pique de algodón tapizado en su totalidad en composé con laterales de jackcard.\r\nGarantía: Colchón 1 año. Juego de colchón y sommier 2 años', 4, 4, NULL, 8, 1, 1),
(9, 'Belmo Pocket', 'Belmo Pocket', 'Colchón de resortes enfundados individualemente. Máximo confort.\r\n¿Pensaste en recostarte en un colchón Belmo y dormirte instantáneamente?\r\nLa tecnología Belmo® Pocket® permite calibrar de manera instantánea el peso y la posición de las dos personas que se acuestan en este nuevo colchón. Cada una de ellas sentirá la comodidad que solo un Belmo® Pocket® puede brindar porque los resortes encapsulados se adaptan y mantienen el cuerpo en la posición ideal de descanso, sin contracturas ni puntos de presión, eliminando las molestias debido a los movimientos de tu pareja.\r\nCARACTERÍSTICAS\r\n\r\nEstructura de resortes pocket encapsulados en forma independiente.\r\nMantas interiores de confort extra soft.\r\nMarco de espuma perimetral firme y durable.\r\nMayor altura, confort y adaptación al contorno del cuerpo.\r\nTela de Piqué, matelaseado en su totalidad.\r\nTapizado en composé: jackard en los laterales y tejido de punto en la tapa con terminaciones de color.\r\nCon Europillow.\r\nSistema Non Turn, para solo girar el colchón.\r\nGarantía: Colchón 1 año. Juego de colchón y sommier 2 años.', 4, 3, NULL, 9, 1, 1),
(10, 'Princess', 'Princess', 'Excelente colchón que representa la mejor ecuación entre durabilidad y confort.\r\nColchón\r\n. Placa entera de espuma de Poliuretano flexible de alta densidad.\r\nTapizado\r\n. Tela de algodón con exclusivo diseño acolchado con matelasse total multicapa.\r\nEspesor: 20 y opcional 23 cm.\r\nDensidad: 24 kg. / m3', 4, 8, NULL, 10, 1, 1),
(11, 'Lujo', 'Lujo', 'Colchón\r\n. Placa entera de espuma de poliuretano flexible de alta densidad.\r\nTapizado\r\n. Finísimo Jackard Belga con tratamiento ignífugo y proceso antiácaros. Totalmente matelaseados.\r\nTotalmente Matelaseados\r\n\r\nEspesor: 20 cm.\r\nDensidad: 26 kg. / m3', 4, 9, NULL, 11, 1, 1),
(12, 'Exclusive', 'Exclusive', 'Colchón\r\n. Placa de espuma de Poliuretano flexible de alta densidad que se adapta al peso del cuerpo otorgando máximo confort y durabilidad.\r\n. Indicado para prevenir el desarrollo de problemas de columna y contracturas musculares.\r\nTapizado\r\n. Finísimo Jackard Belga con tratamiento ignífugo y proceso antiácaros.\r\nTotalmente Matelaseados Sommier\r\n. Base de madera estacionada cubierta con espuma de alta densidad, tapizados en tela Jackard, totalmente matelaseados con 7 patas de madera torneada y laqueada.\r\nEspesor: 25 cm.\r\nDensidad: 30 kg. / m3', 5, 10, NULL, 12, 1, 1),
(13, 'Exclusive Pillow Top', 'Exclusive Pillow Top', 'Colchón con Doble Pillow Top\r\n. Placa de espuma de Poliuretano flexible de alta densidad que se adapta al peso del cuerpo otorgando máximo confort y durabilidad.\r\n. Indicado para prevenir el desarrollo de problemas de columna y contracturas musculares.\r\nTapizado\r\n. Finísimo Jackard Belga con tratamiento ignífugo y proceso antiácaros.\r\nTotalmente Matelaseados Sommier\r\n. Base de madera estacionada cubierta con espuma de alta densidad, tapizados en tela Jackard, totalmente matelaseados con 7 patas de madera torneada y laqueada.\r\nEspesor  29 cm.\r\nDensidad: 30 kg. / m3', 5, 10, NULL, 13, 1, 1),
(14, 'Renovation', 'Renovation', 'Usted merece lo mejor, por eso este modelo es una alternativa de avanzada, que ayuda a mejorar la calidad de vida, permitiendo el descanso de columna en una posición correcta, convirtiéndolo en la opción ideal para personas con problemas de columna o dolores lumbares.\r\nColchón\r\nAlta densidad 35 kg/m3 26 cm de alto\r\nMayor durabilidad con inigualable confort y firmeza Tapizado en Jackard de diseño exclusivo con tratamiento ignífugo y proceso antiácaros Totalmente matelaseado.\r\nSommier\r\nRígido sistema Europeo Tapizado en Jackard Totalmente matelaseado 7 patas de madera torneada y laqueada', 6, 11, NULL, 14, 1, 1),
(15, 'Soñar', 'Soñar', 'Resortes\r\nExclusivo sistema reforzado, realizado en acero templado con doble marco perimetral, estabilizadores longitudinales y transversales.\r\nTapizado\r\n. Tela Algodón Polyester de diseño exclusivo totalmente Matelaseado\r\nSommier\r\n. Base de madera estacionada cubierta con espuma de alta densidad . Tapizados en tela de Algodón Polyester, totalmente matelaseados. . 7 patas de madera torneada y laqueada\r\n\r\nAltura total del conjunto: 50 cm.', 3, 4, NULL, 15, 1, 1),
(16, 'Platino', 'Platino', 'Resortes\r\n. Exclusivo sistema reforzado, realizado en acero templado con doble marco perimetral, estabilizadores longitudinales y transversales.\r\nTapizado\r\n. Tela Algodón Polyester de diseño exclusivo totalmente Matelaseado\r\nSommier\r\n. Base de madera estacionada cubierta con espuma de alta densidad\r\n. Tapizados en tela de Algodón Polyester, totalmente matelaseados.\r\n. 7 patas de madera torneada y laqueada\r\nAltura total del conjunto: 54 cm.', 3, 4, NULL, 16, 1, 1),
(17, 'Doral', 'Doral', 'Resortes\r\nExclusivo sistema reforzado, realizado en acero templado con doble marco perimetral, estabilizadores longitudinales y transversales.\r\nTapizado\r\nFinísimo Jackard Belga con tratamiento ignífugo y proceso antiácaros, totalmente matelaseado\r\nSommier\r\nBase de madera estacionada cubierta con espuma de alta densidad.\r\n. Tapizados en tela jackard totalmente matelaseados.\r\n. 7 patas de madera torneada y laqueadaAltura colchon con pillow 27 cm, Altura conjunto 54 cm.', 3, 4, NULL, 17, 1, 1),
(18, 'Doral Pillow Top', 'Doral Pillow Top', 'Resortes\r\nExclusivo sistema reforzado, realizado en acero templado con doble marco perimetral, estabilizadores longitudinales y transversales.\r\nTapizado\r\nFinísimo Jackard Belga con tratamiento ignífugo y proceso antiácaros, totalmente matelaseado\r\nSommier\r\nBase de madera estacionada cubierta con espuma de alta densidad.\r\n. Tapizados en tela jackard totalmente matelaseados.\r\n. 7 patas de madera torneada y laqueadaAltura colchon con pillow 33 cm, Altura conjunto 60 cm.', 4, 4, NULL, 18, 1, 1),
(19, 'Sublime', 'Sublime', 'Este colchón parte de los materiales tecnolgicamente más avanzados que ofrece una excelente calidad. Su adaptabilidad total al cuerpo y su firmeza independiente lo convierten en un soporte óptimo para descansar. Su tapicería de lujo aumenta el grado de confort y aporta una agradable sensación de suavidad y frescura. Bienestar protegiendo su salud Resortes\r\nSystem pocket, resortes enfundados individualmente\r\nColchón\r\n. Sistema pillow top de doble acolchado\r\n. Piquet Europeo totalmente matelaseado\r\n. 8 aireadores de diseño exclusivo que\r\npermiten una excelente oxigenación.\r\nSommier\r\n. Madera seleccionada\r\n. Totalmente matelaseado\r\n. Igual tela y diseño que el colchón\r\n. 7 patas de madera torneada y laqueada.\r\nAltura colchón sin Pillow Top: 29 cm.\r\nAltura conjunto sin Pillow Top: 56 cm.', 4, 3, NULL, 19, 1, 1),
(20, 'Sublime Pillow Top', 'Sublime Pillow Top', 'Este colchón parte de los materiales tecnolgicamente más avanzados que ofrece una excelente calidad. Su adaptabilidad total al cuerpo y su firmeza independiente lo convierten en un soporte óptimo para descansar. Su tapicería de lujo aumenta el grado de confort y aporta una agradable sensación de suavidad y frescura. Bienestar protegiendo su salud Resortes\r\nSystem pocket, resortes enfundados individualmente\r\nColchón\r\n. Sistema pillow top de doble acolchado\r\n. Piquet Europeo totalmente matelaseado\r\n. 8 aireadores de diseño exclusivo que\r\npermiten una excelente oxigenación.\r\nSommier\r\n. Madera seleccionada\r\n. Totalmente matelaseado\r\n. Igual tela y diseño que el colchón\r\n. 7 patas de madera torneada y laqueada.\r\nAltura colchón con Pillow Top: 33 cm.\r\nAltura conjunto con Pillow Top: 60 cm.', 4, 3, NULL, 20, 1, 1),
(21, 'Red', 'Red', 'Colchón de Resortes \r\nCARACTERÍSTICAS\r\nCorazón de resortes bicónicos templados electrónicamente.\r\nMarco perimetral de acero con estabilizadores Fixing.\r\nDiseñado para no ser dado vuelta.\r\nCon Pillow Top.\r\nAcolchados y rellenos de la mejor calidad.\r\nEl juego de colchón y sommier Red está matelaseado con la tela jackard de excelente calidad.\r\n*garantia 4 años', 3, 4, NULL, 21, 1, 1),
(22, 'Bordeaux', 'Bordeaux', 'Colchón de Resortes \r\nCARACTERÍSTICAS\r\nCorazón de resortes bicónicos templados electrónicamente.\r\nMarco perimetral de acero con estabilizadores Fixing.\r\nDiseñado para no ser dado vuelta.\r\nCon DOBLE EUROPILLOW.\r\nAcolchados y rellenos de la mejor calidad.\r\nEl juego de colchón y sommier Red está matelaseado con la tela jackard de excelente calidad.\r\n*garantia 4 años', 3, 4, NULL, 22, 1, 1),
(23, 'Bordeaux Night', 'Bordeaux Night', 'Colchón de Resortes  \r\nCARACTERÍSTICAS\r\nCorazón de resortes bicónicos templados electrónicamente.\r\nMarco perimetral de acero con estabilizadores Fixing.\r\nDiseñado para no ser dado vuelta.\r\nCon DOBLE Pillow Top Plus.\r\nTela Chenille.\r\nAcolchados y rellenos de la mejor calidad.\r\nEl juego de colchón y sommier Red está matelaseado con la tela chenille de excelente calidad.\r\n*garantia 4 años', 4, 4, NULL, 23, 1, 1),
(24, 'Gold Spring', 'Gold Spring', 'Colchón de Resortes \r\nCARACTERÍSTICAS\r\nCon tecnología Posture Axis de refuerzo lumbar\r\nCorazón de resortes bicónicos templados electrónicamente.\r\nMarco perimetral de acero con estabilizadores Fixing.\r\nDiseñado para no ser dado vuelta.\r\nCon DOBLE Pillow Top Plus.\r\nTela Jackard.\r\nAcolchados y rellenos de la mejor calidad.\r\nEl juego de colchón y sommier Red está matelaseado con la tela jackard de excelente calidad.\r\n*garantia 5 años', 4, 4, NULL, 24, 1, 1),
(25, 'Excelsius', 'Excelsius', 'Colchón de Resortes \r\nCARACTERÍSTICAS\r\nCon tecnología Posture Axis de refuerzo lumbar\r\nCorazón de resortes bicónicos templados electrónicamente.\r\nMarco perimetral de acero con estabilizadores Fixing.\r\nDiseñado para no ser dado vuelta.\r\nCon Hiperpillow.\r\nTela Piqué.\r\nAireadores.\r\nAcolchados y rellenos de la mejor calidad.\r\nEl juego de colchón y sommier Red está matelaseado con la tela jackard de excelente calidad.\r\n*garantia 5 años', 5, 4, NULL, 25, 1, 1),
(26, 'Angelus', 'Angelus', 'Colchón de espuma de alta densidad. \r\nCARACTERÍSTICAS\r\n\r\nAlta densidad 30kg/m3.\r\nFirme y Confortable.\r\nDiseñado para no dar vuelta.\r\nCon HiperPillow.\r\nTapizado en tela de piqué de excelente calidad.\r\nMatelasseado en su totalidad.\r\nAireadores.\r\n5 años de garantía*', 5, 10, NULL, 26, 1, 1),
(28, 'Capricious', 'Capricious', 'Colchón de resortes bicónicos\r\nMáxima tecnología aplicada al descanso.\r\nConfeccionado con sofisticadas telas que realzan su textura, \r\neste modelo es exclusivo para aquellos usuarios que aprecian los beneficios de un descanso saludable.\r\nHIGH PILLOW\r\nCapa de apoyo superior de espuma High Ressistance, mullida donde lo desee y firme donde lo necesita.\r\nLONG-TERM FIRMNESS\r\nSistema de estabilizadores perimetrales que ofrecen firmeza, rigidez y estabilidad\r\nevitando deformaciones y maximizando la utilización del colchón en toda su superficie.\r\nTEJIDO DE PUNTO ULTRA FRESH\r\nExclusiva tela cuya suavidad, frescura y elasticidad se combinan para maximizar un descanso confortable y a temperatura ideal.\r\nEXTRA SUPPORT\r\nExclusiva tela antideslizante cuya firmeza y resistencia le otorga estabilidad a la estructura general del colchón.\r\n*garantia 12 años', 4, 4, NULL, 28, 1, 1),
(29, 'Empathy', 'Empathy', 'Colchón Mix de espumas HD y Visco\r\nPersonalizando tu descanso\r\n\r\nEmpathy es el resultado de la perfecta combinación entre firmeza y adaptabilidad.\r\nNúcleo de Espuma Polimérica Comfort High Density (33Kg/m3) cuyas propiedades internas\r\nproporcionan estabilidad y firmeza para un descanso verdaderamente reparador.\r\nLas mantas de espuma viscoelástica termosensibles reconocen la presión individual, \r\nadaptándose al contorno exacto del cuerpo y favoreciendo las diferentes posturas generadas al dormir.\r\nDOUBLE SIDE SYSTEM\r\nSistema de maximización de la vida útil del colchón que implica dar vuelta el mismo periódicamente, \r\nequilibrando la amortiguación en ambas caras de los puntos de mayor presión corporal.', 4, 8, NULL, 94, 1, 1),
(30, 'Art', 'Art', 'Colchón de resortes enfundados individualemente. Máximo confort.\r\nLa tecnología Pocket permite calibrar de manera instantánea el peso y la posición de las dos personas que se acuestan en este nuevo colchón. Cada una de ellas sentirá la comodidad que solo un Belmo® Pocket® puede brindar porque los resortes encapsulados se adaptan y mantienen el cuerpo en la posición ideal de descanso, sin contracturas ni puntos de presión, eliminando las molestias debido a los movimientos de tu pareja.\r\nCARACTERÍSTICAS\r\n\r\nEstructura de resortes pocket encapsulados en forma independiente.\r\nMarco de acero con estabilizadores Fixing.\r\nTela de Tejido de Punto.\r\nTapizado en composé: jackard en los laterales y tejido de punto en la tapa con terminaciones de color.\r\nCon Europillow.\r\nSistema Non Turn, para solo girar el colchón.\r\n– Acolchados interiores de espuma de alta densidad.\r\n– Sistema NT, para solo girar tu colchón.\r\n– Aireadores.', 4, 8, NULL, 94, 1, 1),
(31, 'Super Plus', 'Super Plus', 'Colchón enteramente fabricado de espuma de media densidad\r\n\r\nEl espumado se realiza en un solo bloque de 22kg/m3 de densidad, lo que indica una superficie de firmeza y resistencia.\r\n\r\nEste colchón es de características terapéuticas ya que corrige las malas posturas adquiridas durante nuestras actividades cotidianas. \r\n\r\nSe completa con una cubierta matelaseada que dará sensación suave en el primer contacto sin dejar de lado su función correctiva.\r\n\r\nEnteramente tapizado con tela sabana tratada con los procesos de calidad más exigentes.', 4, 8, NULL, 94, 1, 1),
(32, 'Inedit', 'Inedit', 'Colchón de espuma\r\nDESCRIPCIÓN\r\nColchón enteramente fabricado de espuma de media-alta densidad\r\n \r\nEl espumado se realiza en un solo bloque de 25kg/m3 de densidad, lo que indica una superficie de firmeza y resistencia.\r\n \r\nEste colchón es de características terapéuticas ya que corrige las malas posturas adquiridas durante nuestras actividades cotidianas.\r\n \r\nTecnología Flip For Better, que proporciona al colchón las mismas propiedades de ambos lados. Para facilitar la rotación del producto, éste cuenta con el sistema Easy Handle de 4 manijas laterales.\r\n \r\nSe completa con una cubierta lisa.\r\n \r\nEnteramente tapizado con tela Jackard de algodón tratada con los procesos de calidad más exigentes.', 4, 8, NULL, 94, 1, 1),
(33, 'Fantasie 18 cm', 'Fantasie 18 cm', 'Colchón de espuma\r\nDESCRIPCIÓN\r\nColchón enteramente fabricado de espuma de media-alta densidad\r\n \r\nEl espumado se realiza en un solo bloque de 25kg/m3 de densidad, lo que indica una superficie de firmeza y resistencia.\r\n \r\nEste colchón es de características terapéuticas ya que corrige las malas posturas adquiridas durante nuestras actividades cotidianas.\r\n \r\nTecnología Flip For Better, que proporciona al colchón las mismas propiedades de ambos lados. Para facilitar la rotación del producto, éste cuenta con el sistema Easy Handle de 4 manijas laterales.\r\n \r\nSe completa con una cubierta matelaseada que dará sensación suave en el primer contacto sin dejar de lado su función correctiva.\r\n \r\nEnteramente tapizado con tela Jackard de algodón tratada con los procesos de calidad más exigentes.', 4, 8, NULL, 94, 1, 1),
(34, 'Fantasie 20 cm', 'Fantasie 20 cm', 'Colchón de espuma\r\nDESCRIPCIÓN\r\nColchón enteramente fabricado de espuma de media-alta densidad\r\n \r\nEl espumado se realiza en un solo bloque de 25kg/m3 de densidad, lo que indica una superficie de firmeza y resistencia.\r\n \r\nEste colchón es de características terapéuticas ya que corrige las malas posturas adquiridas durante nuestras actividades cotidianas.\r\n \r\nTecnología Flip For Better, que proporciona al colchón las mismas propiedades de ambos lados. Para facilitar la rotación del producto, éste cuenta con el sistema Easy Handle de 4 manijas laterales.\r\n \r\nSe completa con una cubierta matelaseada que dará sensación suave en el primer contacto sin dejar de lado su función correctiva.\r\n \r\nEnteramente tapizado con tela Jackard de algodón tratada con los procesos de calidad más exigentes.', 4, 9, NULL, 34, 1, 1),
(35, 'D Oro 21 cm', 'D Oro 21 cm', 'Colchón de espuma\r\nColchón enteramente fabricado de espuma de poliuretano de alta densidad.\r\n \r\nEl espumado se realiza en un solo bloque de 30kg/m3 de densidad, lo que indica una resistencia superior a cualquier otro colchón, sin ningún tipo de flexión.\r\n \r\nEste colchón es de características terapéuticas ya que corrige las malas posturas adquiridas durante nuestras actividades cotidianas. \r\n \r\nCuenta con el exclusivo sistema La Cardeuse Air Stream, que provee una estructura de micro células abiertas que facilitan la circulación del aire.\r\n \r\nTecnología Flip For Better, que proporciona al colchón las mismas propiedades de ambos lados. Para facilitar la rotación del producto, éste cuenta con el sistema Easy Handle de 4 manijas laterales.\r\n \r\nSe completa con una cubierta matelaseada que dará sensación suave en el primer contacto sin dejar de lado su función correctiva.', 5, 10, NULL, 36, 1, 1),
(36, 'D Oro 25 cm', 'D Oro 25 cm', 'Colchón de espuma\r\nColchón enteramente fabricado de espuma de poliuretano de alta densidad.\r\n \r\nEl espumado se realiza en un solo bloque de 30kg/m3 de densidad, lo que indica una resistencia superior a cualquier otro colchón, sin ningún tipo de flexión.\r\n \r\nEste colchón es de características terapéuticas ya que corrige las malas posturas adquiridas durante nuestras actividades cotidianas. \r\n \r\nCuenta con el exclusivo sistema La Cardeuse Air Stream, que provee una estructura de micro células abiertas que facilitan la circulación del aire.\r\n \r\nTecnología Flip For Better, que proporciona al colchón las mismas propiedades de ambos lados. Para facilitar la rotación del producto, éste cuenta con el sistema Easy Handle de 4 manijas laterales.\r\n \r\nSe completa con una cubierta matelaseada que dará sensación suave en el primer contacto sin dejar de lado su función correctiva.', 5, 10, NULL, 35, 1, 1),
(37, 'Platine', 'Platine', 'Colchón de espuma\r\nColchón enteramente fabricado de espuma de poliuretano de alta densidad.\r\n \r\nEl espumado se realiza en un solo bloque de 30kg/m3 de densidad, lo que indica una resistencia superior a cualquier otro colchón, sin ningún tipo de flexión.\r\n \r\nEste colchón es de características terapéuticas ya que corrige las malas posturas adquiridas durante nuestras actividades cotidianas. \r\n \r\nCuenta con el exclusivo sistema La Cardeuse Air Stream, que provee una estructura de micro células abiertas que facilitan la circulación del aire.\r\n \r\nTecnología Flip For Better, que proporciona al colchón las mismas propiedades de ambos lados. Para facilitar la rotación del producto, éste cuenta con el sistema Easy Handle de 4 manijas laterales.\r\n \r\nSe completa con una cubierta matelaseada que dará sensación suave en el primer contacto sin dejar de lado su función correctiva.', 6, 10, NULL, 37, 1, 1),
(38, 'Primor de Luxe', 'Primor de Luxe', 'Es el primero modelo de resorte que diseñamos y fabricamos y sigue siendo uno de los más vendidos.\r\n \r\nEl modelo Primor de Luxe le brindara un descanso suave y relajante gracias a sus resortes helicoidales que, mediante el exclusivo sistema La Cardeuse Solidary Link, están unidos de manera tal que trabajan en conjunto y permiten que el cuerpo se distienda en todo el plano del colchón.\r\n \r\nTecnología Flip For Better, que proporciona al colchón las mismas propiedades de ambos lados. Para facilitar la rotación del producto, éste cuenta con el sistema Easy Handle de 4 manijas laterales.\r\n \r\nCuenta con una combinación de capas de espuma de última generación y está totalmente tapizado y matelaseado con Jackard, con protección contra el polvo ambiental y los malos olores.', 3, 4, NULL, 38, 1, 1),
(39, 'Privelle', 'Privelle', 'Es una de los modelos más elegidos en colchón de resortes.\r\n \r\nEl modelo Privelle brindara una posición perfecta de descanso gracias a sus resortes helicoidales que trabajan en conjunto con el exclusivo sistema La Cardeuse Solidary Link y permiten que el cuerpo se distienda en todo el plano del colchón.\r\n \r\nCuenta con Gradual Feeling Anti Stress, una novedosa disposición y matelaseado de la zona de confort que presenta una sensación mullida al primer contacto para luego encontrar el soporte necesario para una comodidad superior.\r\n \r\nTecnología Flip For Better, que proporciona al colchón las mismas propiedades de ambos lados. Para facilitar la rotación del producto, éste cuenta con el sistema Easy Handle de 4 manijas laterales.\r\n \r\nCuenta con una combinación de capas de espuma de última generación y está totalmente tapizado y matelaseado con Jackard, con protección contra el polvo ambiental y los malos olores.', 3, 4, NULL, 39, 1, 1),
(40, 'BonellTop', 'BonellTop', 'Es una de las gamas más altas de colchones, por esto es también uno de los más elegidos por las grandes cadenas hoteleras.\r\n \r\nEl modelo Bonelltop le brindara una posición perfecta de descanso sin interrupciones gracias a sus resortes de máxima flexibilidad. Cuenta con el exclusivo sistema La Cardeuse Solidary Link, que permite que los resortes trabajen en conjunto para lograr un soporte suave y relajante\r\n \r\nCuenta con Gradual Feeling Anti Stress, una novedosa disposición y matelaseado de la zona de confort que presenta una sensación mullida al primer contacto para luego encontrar el soporte necesario para una comodidad superior.\r\n \r\n Tecnología Flip For Better, que proporciona al colchón las mismas propiedades de ambos lados. Para facilitar la rotación del producto, éste cuenta       con el sistema Easy Handle de 4 manijas laterales.\r\n \r\n En el exterior está totalmente tapizado y matelaseado con Jackard, y cuenta con Doble Pillow Top que es un acolchado', 3, 4, NULL, 40, 1, 1),
(41, 'Nouvelle', 'Nouvelle', 'El modelo Nouvelle le brindara un descanso ininterrumpido gracias a sus resortes con sistema La Cardeuse Body Surround, el cual permite que el colchón se adapte al contorno del cuerpo, absorbiendo al máximo la transferencia de movimientos.\r\n \r\nLas cubiertas internas están diseñadas y desarrolladas específicamente para dar una mejor sensación de firmeza y relajación, cuidando la postura del cuerpo.\r\n \r\nTecnología Flip For Better, que proporciona al colchón las mismas propiedades de ambos lados. Para facilitar la rotación del producto, éste cuenta con el sistema Easy Handle de 4 manijas laterales.\r\n \r\nPor el lado externo la terminación se realiza de ambas caras del colchón con un matelase suave y compacto el cual dará una sensación única al acostarse.', 3, 4, NULL, 78, 1, 1),
(42, 'DoFuan', 'DoFuan', 'El modelo Dofuan le brindara una posición perfecta de descanso sin interrupciones gracias a sus resortes envueltos de forma individual. Cuenta con el sistema La Cardeuse Body Surround, el cual permite que el colchón se adapte al contorno del cuerpo, absorbiendo al máximo la transferencia de movimientos.\r\nLas cubiertas internas están diseñadas y desarrolladas específicamente para dar una mejor sensación de firmeza y relajación, cuidando la postura del cuerpo.\r\nTecnología Flip For Better, que proporciona al colchón las mismas propiedades de ambos lados. Para facilitar la rotación del producto, éste cuenta con el sistema Easy Handle de 4 manijas laterales.\r\nCuenta con Gradual Feeling Anti Stress, una novedosa disposición y matelaseado de la zona de confort que presenta una sensación mullida al primer contacto para luego encontrar el soporte y firmeza necesarios para una comodidad superior.\r\nPor el lado externo la terminación se realiza de ambas caras del colchón con un matelase de gran espesor, el cual dará una sensación única al acostarse ya que logra combinar a la perfección la suavidad y la firmeza.', 3, 4, NULL, 78, 1, 1),
(43, 'TopFuan', 'TopFuan', 'Es una de las gamas más altas en colchón de resortes, por esto es también uno de los más elegidos por las grandes cadenas hoteleras.\r\n\r\nEl modelo Topfuan le brindara una posición perfecta de descanso sin interrupciones gracias a sus resortes envueltos de forma individual. Cuenta con el sistema La Cardeuse Body Surround, el cual permite que el colchón se adapte al contorno del cuerpo, absorbiendo al máximo la transferencia de movimientos.\r\n\r\nLas cubiertas internas están diseñadas y desarrolladas específicamente para dar una mejor sensación de firmeza y relajación cuidando la postura del cuerpo\r\n\r\nTecnología Flip For Better, que proporciona al colchón las mismas propiedades de ambos lados. Para facilitar la rotación del producto, éste cuenta con el sistema Easy Handle de 4 manijas laterales.\r\n\r\nCuenta con Gradual Feeling Anti Stress, una novedosa disposición y matelaseado de la zona de confort que presenta una sensación mullida al primer contacto para luego encontrar el soporte y firmeza necesarios para una comodidad superior.\r\n\r\nPor el lado externo la terminación se realiza de ambas caras del colchón con un matelase de gran espesor y el sistema Doble Pillow Top, un acolchado flotante adicional que maximiza el efecto “Gradual Feeling Anti Stress”.', 5, 3, NULL, 43, 1, 1),
(44, 'LC 500', 'LC 500', 'Este colchón es la gama más alta y completa en resortes helicoidales, está fabricado y garantizado por la calidad de La Cardeuse.\r\nHasta 500 resortes de acero templado de máxima elasticidad le otorgaran una amortiguación perfecta, logrando un placentero descanso. Estos resortes trabajan en conjunto gracias al exclusivo sistema La Cardeuse Solidary Link. Al estar unidos, se llega a una comodidad mayor, permitiendo que el cuerpo se distienda en todo el plano del colchón.\r\nSu complemento ideal es el nuevo sistema de acolchado flotante Doble Pillow Top especial para Sleep Art, que se encuentra de ambos lados del colchón y cuenta con una novedosa combinación de capas extra de espuma que lo diferencian de cualquier otro colchón.\r\nTecnología Flip For Better, que proporciona al colchón las mismas propiedades de ambos lados. Para facilitar la rotación del producto, éste cuenta con el sistema Easy Handle de 4 manijas laterales.\r\nTodo está tapizado y matelaseado con tela Jackard de algodón con procesos de última generación que protegen el colchón contra el polvo ambiental y los malos olores.', 3, 4, NULL, 78, 1, 1),
(45, 'LC 1000', 'LC 1000', 'Este colchón es la gama más alta y más completa en resortes individuales.\r\n \r\nHasta 1000 resortes de acero templado de máxima elasticidad envueltos de forma individual le otorgaran una amortiguación perfecta, logrando un placentero descanso sin interrupciones. Cuenta con el sistema La Cardeuse Body Surround, el cual permite que el colchón se adapte al contorno del cuerpo, absorbiendo al máximo la transferencia de movimientos.\r\n \r\nSu complemento ideal es el nuevo sistema de acolchado flotante Doble Pillow Top especial para Sleep Art, que se encuentra de ambos lados del colchón y cuenta con una novedosa combinación de capas extra de espuma que lo diferencian de cualquier otro colchón.\r\n \r\nTecnología Flip For Better, que proporciona al colchón las mismas propiedades de ambos lados. Para facilitar la rotación del producto, éste cuenta con el sistema Easy Handle de 4 manijas laterales.\r\n \r\nTodo está tapizado y matelaseado con tela Jackard de algodón con procesos de última generación que protegen el colchón contra el', 3, 4, NULL, 78, 1, 1),
(46, 'Eifel', 'Eifel', 'La exclusiva tecnología de resortes bicónicos realizados en acero templado y entrelazados verticalmente, aísla los movimientos evitando su expansión.\r\n \r\nSus múltiples mantas de Espuma Dosiflex, brindan \r\nuna comodidad inigualable, de gran resistencia, confort y durabilidad.\r\n \r\nLa elasticidad de la espuma alivia las presiones, proporcionando un buen apoyo al cuerpo.\r\n \r\nMáxima relajación y descanso renovador, gracias a su composición y diseño de alta calidad.\r\n \r\nCon costuras reforzadas que garantizan una gran vida útil del colchón y confiabilidad en su uso.\r\n \r\nTapizado en delicada Tela Sábana totalmente matelaseada, para una increíble sensación de frescura en el descanso diario.\r\n \r\nEl Sommier Europeo, de moderno diseño realizado íntegramente en madera estacionada.', 3, 4, NULL, 46, 1, 1),
(47, 'Sensation', 'Sensation', 'Su exclusiva tecnología de resortes bicónicos realizados en acero templado y entrelazados verticalmente, aísla los movimientos evitando su expansión.\r\n \r\nEl Eurotopdoble ribeteado en ambos lados, realza su estética y confort, brindando una suave superficie de descanso, mullida y envolvente.\r\n \r\nSus múltiples mantas de Espuma Dosiflex, brindan una comodidad y firmeza inigualable. De gran resistencia, confort y durabilidad.\r\n \r\nConfeccionado en tela Jackard totalmente matelaseada, despierta una agradable sensación de suavidad natural y frescura, en el descanso diario.\r\n \r\nEl Sommier Europeo, de moderno diseño realizado íntegramente en madera estacionada y tapizado en Jackard matelaseado.', 3, 4, NULL, 47, 1, 1),
(49, 'Olympic Jackard', 'Olympic Jackard', 'Su exclusiva tecnología de resortes bicónicos realizados en acero templado, con extra resistencia y durabilidad. Mantiene un perfecto control sobre la estabilidad del colchón, para un descanso profundo e inalterable.\r\n \r\nLa tecnología NTM (Not Transferable Movement), un innovador sistema de entrelazado de resortes en forma vertical, aísla los movimientos evitando su expansión. \r\n \r\nEl marco en Espuma de alta densidad permite una perfecta ventilación interna, suavidad y mayor superficie de uso.\r\n \r\nConfeccionado en tela Jackard totalmente \r\nmatelaseada, despierta una agradable sensación de suavidad natural y frescura, en el descanso diario.\r\n \r\nSommier Europeo: Realizado en madera estacionada, totalmente matelaseado, tela antideslizante en su capa superior y borde continental.', 4, 4, NULL, 49, 1, 1),
(50, 'Paradise Soft', 'Paradise Soft', 'Su exclusiva tecnología de resortes bicónicos realizados en acero templado, con extra resistencia y durabilidad. Mantiene un perfecto control sobre la estabilidad del colchón, para un descanso profundo e inalterable\r\n \r\nLa tecnología NTM (Not Transferable Movement), un innovador sistema de entrelazado de resortes en forma vertical, aísla los movimientos evitando su expansión. \r\n \r\nCon confortable EuroTop, una suave capa acolchonada que permite disfrutar aún más la superficie del colchón, brindando una sensación extra de comodidad al descanso. Cubierto por la novedosa tela Cool Max, de alta tecnología desarrollada para mantenerse siempre seca y fresca.\r\n \r\nLos aireadores dispuestos en las distintas capas de la estructura del colchón, junto con pequeñas cámaras que permiten que el aire circule disipando la humedad.\r\n \r\nSommier Europeo: Realizado en madera estacionada, totalmente matelaseado, tela antideslizante en su capa superior y borde continental.', 5, 10, NULL, 96, 1, 1),
(51, 'Eden', 'Eden', 'Estructura interna de resortes Pocket enfundados individualmente, que aísla la activación de cada resorte, sin contacto entre sí. Cada resorte se \r\nadapta a la presión y los movimientos, sin alterar la estructura total.\r\n \r\nCon confortable EuroTop, una suave capa acolchonada que permite disfrutar aún más la superficie del colchón, brindando una sensación extra de comodidad al descanso. Cubierto por la novedosa tela Cool Max, de alta tecnología desarrollada para mantenerse siempre seca y fresca.\r\n \r\nGracias a su arquitectura One Side, no requiere rotación periódica. Una probada tecnología de vanguardia, que agrega una importante ventaja \r\nen innovación y comodidad al descanso.\r\n \r\nConfeccionado con una selección de las más sofisticadas telas en Tejido de Punto, despierta una agradable sensación de suavidad natural y frescura en el descanso diario. \r\n \r\nSommier Europeo: Realizado en madera estacionada, totalmente matelaseado, tela antideslizante en su capa superior y borde continental.', 7, 21, NULL, 87, 1, 1),
(52, 'Correct Comfort', 'Correct Comfort', 'Modelo  Correct Comfort fabricado por ', 5, 10, NULL, 96, 1, 1),
(53, 'NaturalFoam bajo', 'NaturalFoam bajo', 'Los colchones de látex natural Naturalfoam® están diseñados especialmente para brindar el máximo confort y durabilidad. Su exclusivo diseño a base de alvéolos asegura un soporte confortable y anatómico que proporciona una corrrecta posición de la columna vertebral. Todo ello, sumado a nuestra trayectoria en el mercado, garantiza a nuestros clientes un máximo de prestación.', 7, 21, NULL, 87, 1, 1),
(54, 'NaturalFoam 17 cm', 'NaturalFoam 17 cm', 'Los colchones de látex natural Naturalfoam® están diseñados especialmente para brindar el máximo confort y durabilidad. Su exclusivo diseño a base de alvéolos asegura un soporte confortable y anatómico que proporciona una corrrecta posición de la columna vertebral. Todo ello, sumado a nuestra trayectoria en el mercado, garantiza a nuestros clientes un máximo de prestación.', 5, 10, NULL, 96, 1, 1),
(55, 'NaturalFoam Pillow Top', 'NaturalFoam Pillow Top', 'Los colchones de látex natural Naturalfoam® están diseñados especialmente para brindar el máximo confort y durabilidad. Su exclusivo diseño a base de alvéolos asegura un soporte confortable y anatómico que proporciona una corrrecta posición de la columna vertebral. Todo ello, sumado a nuestra trayectoria en el mercado, garantiza a nuestros clientes un máximo de prestación.', 7, 21, NULL, 87, 1, 1),
(56, 'Dalí', 'Dalí', 'Fabricado en Espuma Dosiflex Densidad 22, que brinda una comodidad y firmeza inigualable. \r\nDe gran resistencia, confort y durabilidad.\r\n \r\nSus costuras reforzadas garantizan una gran vida útil del colchón y confiabilidad en su uso.\r\n \r\nLa elasticidad de la espuma alivia las presiones, proporcionando un buen apoyo al cuerpo.\r\n \r\nUn material sintético y altamente resistente, que permite conservar la forma original sin sufrir deformaciones.\r\n \r\nMáxima relajación y descanso renovador, gracias a su composición y diseño de alta calidad.\r\n \r\nTapizado en suave tela de algodón, brinda sensaciones de frescura en el descanso.', 5, 10, NULL, 96, 1, 1),
(57, 'Luxor', 'Luxor', 'Fabricado en Espuma Dosiflex Densidad 25, que brinda una comodidad y firmeza inigualable. \r\nDe gran resistencia, confort y durabilidad.\r\n \r\nLa innovadora tecnología desarrollada en la estructura del poliuretano, otorga una superficie de descanso de fabulosa comodidad.\r\n \r\nSus costuras reforzadas garantizan una gran vida útil del colchón y confiabilidad en su uso.\r\n \r\nLa elasticidad de la espuma alivia las presiones, proporcionando un buen apoyo al cuerpo.\r\n \r\nUn material sintético y altamente resistente, que permite conservar la forma original sin sufrir deformaciones.\r\n \r\nMáxima relajación y descanso renovador, gracias a su composición y diseño de alta calidad.\r\n \r\nTapizado en Tela Jackard, para una increíble sensación de frescura en el descanso diario.', 7, 21, NULL, 87, 1, 1),
(58, 'Premier', 'Premier', 'Fabricado en Espuma Dosiflex de Alta Densidad 35, que brinda una comodidad y firmeza inigualable. \r\nDe gran resistencia, confort y durabilidad.\r\n \r\nLa moderna tecnología desarrollada en la estructura del poliuretano, otorga una superficie de descanso de fabulosa comodidad.\r\n \r\nConfeccionado en tela Jackard totalmente  \r\nmatelaseado, despierta una agradable sensación \r\nde suavidad natural y frescura, en el descanso diario.\r\n \r\nSus costuras reforzadas garantizan una gran vida útil del colchón y confiabilidad en su uso.\r\n \r\nOpcional: Sommier Europeo adicional, de moderno diseño realizado íntegramente en madera estacionada.', 5, 10, NULL, 96, 1, 1),
(59, 'Massage', 'Massage', 'Fabricado en Espuma Látex HD 35, que brinda una comodidad y firmeza inigualable. \r\nDe gran resistencia, confort y durabilidad.\r\n \r\nLa tecnología implementada en su estructura alveolada de látex, otorga una superficie de descanso de fabulosa comodidad.\r\n \r\nEl tejido de punto es muy elástico, se adapta perfectamente a la superficie. Posee un acabado  extremadamente suave, terso y confortable, y un bellísimo diseño elegante y delicado. \r\n \r\nEl Sommier Europeo, de moderno diseño realizado íntegramente en madera estacionada, y tapizado en Jackard matelaseado.', 7, 21, NULL, 87, 1, 1),
(60, 'Sensación', 'Sensación', 'Modelo  Sensación fabricado por ', 5, 10, NULL, 96, 1, 1),
(61, 'Premium', 'Premium', 'Modelo  Premium fabricado por ', 7, 21, NULL, 87, 1, 1),
(62, 'Terra Top', 'Terra Top', 'Revestido en Sarga Matelasseada. Diseño exclusivo. Cubierto de espuma de poliuretano de densidad media. Doble marco perimetral de acero.\r\nEstabilizadores dobles en todos sus laterales.', 5, 10, NULL, 97, 1, 1),
(63, 'Imperio', 'Imperio', 'Revestido en Jacquard matelasseado.\r\nCapas de espuma de poliuretano de alta densidad. Estabilizadores dobles en todos sus laterales.\r\nDoble marco perimetral de acero.\r\nSistema de resortes bicónicos.\r\nEstructura de resortes reforzada en su interior\r\ncon espuma de poliuretano que otorga mayor firmeza.', 5, 10, NULL, 96, 1, 1),
(64, 'Realeza', 'Realeza', 'Doble capa Euro Top de espuma SOFT de alta densidad. Doble marco perimetral de acero.\r\nMarco adicional HARD BELT de espuma “HR” (high resistance). Sistema de resortes bicónicos.\r\nEstructura de resortes reforzada en su interior con espuma de alta densidad.', 5, 10, NULL, 97, 1, 1),
(65, 'Laguna', 'Laguna', 'Modelo  Laguna fabricado por ', 5, 10, NULL, 96, 1, 1),
(66, 'Rome', 'Rome', 'Modelo  Rome fabricado por ', 5, 10, NULL, 97, 1, 1),
(67, 'Greyland', 'Greyland', 'Modelo  Greyland fabricado por ', 5, 10, NULL, 96, 1, 1),
(68, 'Tilbury', 'Tilbury', 'Modelo  Tilbury fabricado por ', 5, 10, NULL, 97, 1, 1),
(69, 'Trenton', 'Trenton', 'Modelo  Trenton fabricado por ', 5, 10, NULL, 96, 1, 1),
(70, 'New Jersey', 'New Jersey', 'Modelo  New Jersey fabricado por ', 5, 10, NULL, 97, 1, 1),
(71, 'Moline', 'Moline', 'Modelo  Moline fabricado por ', 5, 10, NULL, 96, 1, 1);
INSERT INTO `modelos` (`id`, `nombre`, `des_corta`, `descripcion`, `postura_id`, `tecnologia_id`, `garantia_id`, `item_id`, `orden`, `activo`) VALUES
(72, 'Back Therapy', 'Back Therapy', 'El nuevo BackTherapy combina un sistema de resortes de espuma de alta densidad (Spring Foam®) con mantas de Evolution®Gel para brindar una mayor firmeza, más soporte y sensaciones de suavidad y confort totalmente nuevas. Tapizado en tejido de punto de la más alta calidad y con el tratamiento de aroma terapia que brinda un aroma dulce y exótico que relaja el cuerpo y la mente. El colchón BackTherapy® ha sido desarrollado en pos de cuidar la salud de su espalda porque la columna, el cuello y las articulaciones se relajarán en su posición natural.\r\nBeneﬁcios del Backtherapy\r\nSPRING FOAM®\r\nAlta densidad y firmeza. Con corte reticular que brinda el soporte y funcionamiento semejante a las bases de resortes individuales.\r\n\r\nTRANSFLEXION\r\nEspumas precomprimidas que mantienen la sensación de confort durante toda la vida útil, disminuyendo considerablemente el hundimiento causado por el cuerpo.\r\n\r\nEVOLUTION GEL®\r\nEspuma con gel frío de última generación. Celdas abiertas que aumentan la circulación de aire regulando la temperatura corporal. Mejor adaptación al cuerpo generando espacio para la relajación de los músculos del cuerpo.\r\n\r\nAIR INSIDE\r\nLa circulación de aire dentro del colchón prolonga la vida útil de todos los materiales utilizados en la fabricación del sistema BackTherapy®. El aire fresco que circula en el interior renueva la vida útil del producto.\r\n\r\nRECUPERACION RÁPIDA\r\nPermite movimientos más rápidos y libres, eliminando la sensación de quedarse atrapado que se siente en las espumas viscolasticas tradicionales.\r\n\r\nNUEVA GENERACIÓN DE CONFORT\r\nOtorga una sensación de confort totalmente nueva, más fresca y placentera.\r\n\r\nDISIPA EL CALOR\r\nEsta nueva generación de espuma lo ayuda a mantener la temperatura ideal del cuerpo durante el descanso.\r\n\r\nAROMATERAPIA\r\nMillones de micro esferas con una suave fragancia que se liberan gradualmente al contacto, brindando un aroma dulce y exótico, con propiedades relajantes para el cuerpo y la mente.\r\n\r\nALLERGIC CARE\r\nUn tratamiento Antialérgico del tejido de punto que evita el desarrollo de ácaros, bacterias y hongos, permitiendo un descanso naturalmente limpio y saludable.\r\n\r\nNONFLIP\r\nBackTherapy® fue diseñado con sistema Non Flip, la tecnología más moderna de la industria que revolucionó el mercado de colchones al evitar darlos vuelta para su mantenimiento. El sistema Non Flip es una novedosa construcción interna, con 4 capas bien diferenciadas: durabilidad, soporte, adaptabilidad y confort, que permite nunca más dar vuelta el colchón y así evitar los esfuerzos innecesarios que provoca la rotación de otros sistemas de descanso.\r\n\r\nTEJIDO ANTIDESLIZANTE\r\nEvita el desplazamiento del colchón sobre el sommier.', 5, 10, NULL, 97, 1, 1),
(73, 'DeepSleep', 'DeepSleep', 'Beneﬁcios del DeepSleep\r\n\r\nRESORTES BICÓNICOS\r\nDe acero templado electrónicamente con 2,16 mm de diámetro, (el mayor diámetro de acero en el mercado) unidos entre sí de manera longitudinal. Una base firme, resistente y durable.\r\n\r\nESTABILIZADORES\r\nEn todo su perimetro para fortalecer las 4 esquinas y los laterales del colchón.\r\n\r\nDOBLE MARCO DE PERIMETRAL\r\nDe acero, ultra reforzado que permite disfrutar de toda la superficie del colchón.\r\n\r\nACOLCHADOS Y RELLENOS\r\nDe calidad superior, combinados en las proporciones adecuadas para brindar una suavidad más mullida y confortable en las superficies y soporte debajo de los resortes bicónicos.\r\n\r\nTRANSFLEXIÓN\r\nEspumas precomprimidas que mantienen la sensación de confort durante toda la vida útil, disminuyendo considerablemente el hundimiento causado por el cuerpo (Body Impression).\r\n\r\nTELAS DE PIQUE Y JACKARD FALTA INFO\r\nNuevas texturas que componen un moderno diseño en composé entre los laterales, la tapa y el somier que se cortan y combinan con detalles de cintas y etiquetas bordadas.\r\n\r\nNONFLIP\r\nUna novedosa construcción interna con 4 capas bien diferenciadas permite nunca más dar vuelta el colchón y así evitar los esfuerzos innecesarios que provoca la rotación de otros sistemas de descanso.', 5, 10, NULL, 96, 1, 1),
(74, 'BackCare Siesta', 'BackCare Siesta', 'Beneﬁcios del BackCare Siesta\r\nRESORTES BICONICOS\r\nDe acero templado electrónicamente con 2,16 mm de diámetro, (el mayor diámetro de acero en el mercado) unidos entre sí de manera longitudinal. Una base firme, resistente y durable.\r\n\r\nBETTER SLEEP\r\n3 zonas de confort, 2 zonas de soporte extra donde tu espalda mas lo necesita, para una excelente noche de descanso.\r\n\r\nDOBLE MARCO Y ESTABILIZADORES\r\nDoble marco perimetral de acero, reforzado con estabilizadores laterales. El complemento indispensable y fundamental para que una base de resortes Beautyrest® sea la más firme y estable del mercado.\r\n\r\nSOPORTE PROGRESIVO\r\nEspumas y acolchados interiores dispuestos de manera tal que la primera sensación sea suave y fresca para que luego el cuerpo comience a sentir el soporte, y así obtener un mayor confort.\r\n\r\nESPUMA LATEXGEL\r\nLa difusión de gel en las nuevas espumas LatexGel® regula la temperatura corporal para un descanso más fresco y placentero.\r\n\r\nESPUMAS ENERGY (100 Y 120)\r\nEspumas precomprimidas que brindan un confort inalterable. Sensación suave y mullida (Energy 100) o firme (Energy 120).\r\n\r\nTRANSFLEXION\r\nEspumas precomprimidas que mantienen la sensación de confort durante toda la vida útil, disminuyendo considerablemente el hundimiento causado por el cuerpo (Body Impression).\r\n\r\nDESCANSO BORDE A BORDE\r\nEstabilizadores verticales en todo su perímetro y doble marco perimetral de acero que permite obtener un 30% más de superficie de descanso en relación a los colchones que no poseen este tipo de marco. Este diseño permite aprovechar al 100% la superficie de descanso.\r\n\r\nNONFLIP\r\nUna novedosa construcción interna con 4 capas bien diferenciadas permite nunca más dar vuelta el colchón y así evitar los esfuerzos innecesarios que provoca la rotación de otros sistemas de descanso.\r\n\r\nALLERGIC CARE®\r\nLas telas de piqué de algodón han sido sometidas al tratamiendo Allergic Care®, que previene el desarrollo de ácaros y bacterias rechazando el polvo ambiental. Su colchón Simmons® permanecerá más limpio e higiénico.\r\n\r\nTEJIDO ANTIDESLIZANTE\r\nEvita el desplazamiento del colchón sobre el sommier.', 5, 4, NULL, 74, 1, 1),
(75, 'Recharge Classic', 'Recharge Classic', 'Beneﬁcios del\r\nBeautyrest Recharge Classic.\r\n\r\nRESORTES BEAUTYREST Y BEAUTYREST PLUS\r\nBases con resortes enfundados de acción independiente y resortes Beautyrest PLUS en los laterales. Todos están unidos a través del centro y precomprimidos de 23 a 18 cm. Otorgan movimiento independiente ante la presión, menor transferencia de movimiento y aseguran un descanso sin interrupciones.\r\n\r\nDOBLE MARCO Y ESTABILIZADORES\r\nDoble marco perimetral de acero, reforzado con estabilizadores laterales. El complemento indispensable y fundamental para que una base de resortes Beautyrest® sea la más firme y estable del mercado.\r\n\r\nESPUMAS ENERGY (100 Y 120)\r\nEspumas precomprimidas que brindan un confort inalterable. Sensación suave y mullida (Energy 100) o firme (Energy 120).\r\n\r\nTRANSFLEXION®\r\nEspumas precomprimidas que mantienen la sensación de confort durante toda la vida útil, disminuyendo considerablemente el hundimiento causado por el cuerpo (Body Impression).\r\n\r\nTEJIDO DE PUNTO\r\nSuavidad aterciopelada. Tejidos de punto de la más alta calidad, producidos con suaves fibras textiles, brindan una nueva sensación de confort, aún más suave y fresca.\r\n\r\nALLERGIC CARE®\r\nLas fibras textiles fueron impermeabilizadas previamente para evitar que ácaros y bacterias encuentren en los colchones el ambiente ideal para reproducirse.\r\n\r\nNONFLIP®\r\nUna novedosa construcción interna con 4 capas bien diferenciadas permite nunca más dar vuelta el colchón y así evitar los esfuerzos innecesarios que provoca la rotación de otros sistemas de descanso.\r\n\r\nTEJIDO ANTIDESLIZANTE\r\nEvita el desplazamiento del colchón sobre el sommier.\r\n\r\nINDICE IAM 100\r\nMediante rigurosos testeos con medición de rayo láser se identificaron los Indices de Absorción de Movimiento (IAM) y sobre la base de esos resultados se cuantificaron los valores, quedando comprobado que cuanto mayor es el índice IAM menor será la transferencia del movimiento.', 4, 3, NULL, 75, 1, 1),
(76, 'Smart Elegance', 'Smart Elegance', 'Beneﬁcios del\r\nBeautyrest Recharge Smart Elegance\r\n\r\nRESORTES BEAUTYREST® ORIGINAL, SMART® Y PLUS®\r\nPosee en su interior una base dual de resortes enfundados Beautyrest original y Beautyrest Smart que ofrece mayores niveles de adaptabilidad y soporte individualizado para la espalda. El resorte Beautyrest Smart reacciona en forma dinámica en relación al peso de las personas y la forma única de sus cuerpos. Resortes Beautyrest Plus para reforzar los laterales.\r\n\r\nDOBLE MARCO Y ESTABILIZADORES\r\nDoble marco perimetral de acero, reforzado con estabilizadores laterales. El complemento indispensable y fundamental para que una base de resortes Beautyrest® sea la más firme y estable del mercado.\r\n\r\nESPUMA LATEXGEL\r\nLa difusión de gel en las nuevas espumas LatexGel® regula la temperatura corporal para un descanso más fresco y placentero.\r\n\r\nESPUMAS ENERGY (100 Y 120)\r\nEspumas precomprimidas que brindan un confort inalterable. Sensación suave y mullida (Energy 100) o firme (Energy 120).\r\n\r\nTEJIDO DE PUNTO\r\nSuavidad aterciopelada. Tejidos de punto de la más alta calidad, producidos con suaves fibras textiles, brindan una nueva sensación de confort, aún más suave y fresca.\r\n\r\nTRANSFLEXION®\r\nEspumas precomprimidas que mantienen la sensación de confort durante toda la vida útil, disminuyendo considerablemente el hundimiento causado por el cuerpo (Body Impression).\r\n\r\nNON FLIP®\r\nUna novedosa construcción interna con 4 capas bien diferenciadas permite nunca más dar vuelta el colchón y así evitar los esfuerzos innecesarios que provoca la rotación de otros sistemas de descanso.\r\n\r\nALLERGIC CARE®\r\nLas fibras textiles fueron impermeabilizadas previamente para evitar que ácaros y bacterias encuentren en los colchones el ambiente ideal para reproducirse.\r\n\r\nTEJIDO ANTIDESLIZANTE\r\nEvita el desplazamiento del colchón sobre el sommier.\r\n\r\nINDICE IAM 150\r\nMediante rigurosos testeos con medición de rayo láser se identificaron los Indices de Absorción de Movimiento (IAM) y sobre la base de esos resultados se cuantificaron los valores, quedando comprobado que cuanto mayor es el índice IAM menor será la transferencia del movimiento.', 3, 3, NULL, 76, 1, 1),
(77, 'World Class Spa', 'World Class Spa', 'Beneﬁcios del Beautyrest Worldclass Spa\r\n\r\nRESORTES BEAUTYREST® Y BEAUTYREST PLUS®\r\nBases con resortes enfundados de acción independiente y resortes Beautyrest Plus para reforzar la zona de los lumbares y los muslos. Todos están unidos a través del centro y pre comprimidos de 23 a 18 cm. Otorgan movimiento independiente ante la presión, menor transferencia de movimiento y aseguran un descanso sin interrupciones.\r\n\r\nDOBLE MARCO Y ESTABILIZADORES LATERALES\r\nDoble marco perimetral de acero, reforzado con estabilizadores laterales. El complemento indispensable y fundamental para que una base de resortes Beautyrest® sea la más firme y estable del mercado.\r\n\r\nESPUMA AIRCOOL®MEMORY\r\nLa difusión de gel en las nuevas espumas AirCool®Memory regula la temperatura corporal y proporciona un alivio de presión en los músculos del cuerpo, para un descanso más fresco y placentero.\r\n\r\nESPUMAS ENERGY (100 Y 120)\r\nEspumas precomprimidas que brindan un confort inalterable. Sensación suave y mullida (Energy 100) o firme (Energy 120).\r\n\r\nTEJIDO DE PUNTO\r\nSuavidad aterciopelada. Tejidos de punto de la más alta calidad, producidos con suaves fibras textiles, brindan una nueva sensación de confort, aún más suave y fresca.\r\n\r\nTRANSFLEXION®\r\nEspumas precomprimidas que mantienen la sensación de confort durante toda la vida útil, disminuyendo considerablemente el hundimiento causado por el cuerpo (Body Impression).\r\n\r\nNONFLIP®\r\nUna novedosa construcción interna con 4 capas bien diferenciadas permite nunca más dar vuelta el colchón y así evitar los esfuerzos innecesarios que provoca la rotación de otros sistemas de descanso.\r\n\r\nALLERGIC CARE®\r\nLas fibras textiles fueron impermeabilizadas previamente para evitar que ácaros y bacterias encuentren en los colchones el ambiente ideal para reproducirse.\r\n\r\nTEJIDO ANTIDESLIZANTE\r\nEvita el desplazamiento del colchón sobre el sommier.\r\n\r\nINDICE IAM 200\r\nMediante rigurosos testeos con medición de rayo láser se identificaron los Indices de Absorción de Movimiento (IAM) y sobre la base de esos resultados se cuantificaron los valores, quedando comprobado que cuanto mayor es el índice IAM menor será la transferencia del movimiento.', 2, 3, NULL, 77, 1, 1),
(78, 'Liz', 'Liz', 'Modelo  Liz fabricado por ', 5, 10, NULL, 97, 1, 1),
(79, 'Regina', 'Regina', 'Modelo  Regina fabricado por ', 5, 10, NULL, 96, 1, 1),
(80, 'Luxe', 'Luxe', 'Modelo  Luxe fabricado por ', 3, 5, NULL, 101, 1, 1),
(81, 'Jackie', 'Jackie', '*  Sistema de resortes Bonnell  perfectamente entrelazados.\r\n\r\n*  Doble Marco Perimetral de  acero que permite el 100% de  superficie de descanso.\r\n\r\n*  Estabilizadores laterales SPG  que otorgan mayor vida útil al  colchón.\r\n\r\n*  SPG Eurotop®: Innovadora  manta adicional de confort.\r\n\r\n*  Rellenos de espuma de  densidad superior\r\n\r\n*  Tela Jackard, Algodón, Poliéster.\r\n\r\n*  One Face®: Novedosa  tecnología interna que permite  no rotar el colchón.\r\n\r\n*  Altura: 24 cm.', 4, 4, NULL, 81, 1, 1),
(82, 'Multilastic', 'Multilastic', '*  Sistema de resortes continuos,  entrelazados y sin nudos.  Mejora la distribución del peso.\r\n\r\n*  Doble Marco Perimetral de  acero que permite el 100% de  superficie de descanso.\r\n\r\n*  Estabilizadores laterales SPG  que otorgan mayor vida útil al  colchón.\r\n\r\n*  Relleno de espuma de alta  densidad\r\n\r\n*  Tela Jackard, Algodón, Viscosa.\r\n\r\n*  One Face®: Novedosa  tecnología interna que permite  no rotar el colchón.\r\n\r\n*  Altura: 25 cm.\r\n\r\n*  Garantia: 6 años', 3, 5, NULL, 101, 1, 1),
(83, 'Gran Realce', 'Gran Realce', '*  Sistema resortes Bonnell  perfectamente entrelazados. \r\n\r\n*  MDoble arco Perimetral de acero  que permite el 100% de superficie  de descanso.\r\n\r\n*  Estabilizadores laterales SPG que  otorgan mayor vida útil al colchón.\r\n\r\n*  Rellenos de espuma de densidad  superior y de espuma soft.\r\n\r\n*  Tela Piqué de algodón.\r\n\r\n*  Tejido Inteligente 3D Air Supplier®:  Consiste en un tejido que permite la  libre circulación de aire en el interior  del colchón.\r\n\r\n*  One Face®: Novedosa tecnología  interna que permite no rotar el  colchón.\r\n\r\n*  Altura: 26 cm.\r\n\r\n*  Garantia: 6 años', 4, 4, NULL, 83, 1, 1),
(84, 'Power', 'Power', '*  Sistema de resortes Pocket  que minimiza la  transferencia de  movimiento.\r\n\r\n*  Doble Marco Perimetral de  acero que permite el 100%  de superficie de descanso.\r\n\r\n*  Estabilizadores laterales SPG  que otorgan mayor vida útil  al colchón.\r\n\r\n*  Refuerzo estructural de  espuma de alto impacto.\r\n\r\n*  Rellenos de espuma de  densidad superior\r\n\r\n*  Tela Piqué de Algodón.\r\n\r\n*  One Face®: Novedosa  tecnología interna que  permite no rotar el colchón.\r\n\r\n*  Altura: 26 cm.\r\n\r\n*  Garantia: 6 años', 3, 5, NULL, 101, 1, 1),
(85, 'Magnetic', 'Magnetic', '*  Sistema de resortes Pocket que  minimiza la transferencia de  movimiento.\r\n\r\n*  Doble Marco perimetral de acero que otorgan mayor resistencia a la estructura.\r\n\r\n*  Estabilizadores laterales SPG que  otorgan mayor vida útil al  colchón.\r\n\r\n*  Refuerzo estructural de espuma  de alto impacto.\r\n\r\n*  SPG Eurotop®: Innovadora manta  adicional de confort con  ProLatex®.\r\n\r\n*  Incorporated Fragances: \r\n\r\nMicrocápsulas aromáticas de  EUCALIPTO: se liberan  gradualmente con el contacto.  Aroma continuo y gradual.  Combate el agotamiento y el  letargo. Estimulante y tonificante.  Elimina gérmenes y bacterias.  Activa el sistema inmunológico.\r\n\r\n*  Relleno de espumas ProLatex® y  espumas de densidad superior.\r\n\r\n*  Tela Tejido de Punto.\r\n\r\n*  One Face®: Novedosa tecnología  interna que permite no rotar el  colchón.\r\n\r\n*  Altura: 29 cm.\r\n\r\n*  Garantia: 10 años', 3, 5, NULL, 100, 1, 1),
(86, 'Maximus', 'Maximus', '*  Sistema de resortes Pocket que minimiza la  transferencia de movimiento.\r\n\r\n*  Estabilizadores laterales SPG que otorgan  mayor vida útil al colchón.\r\n\r\n*  Doble Marco Perimetral de acero.\r\n\r\n*  Tecnología CSC (Completly Smooth Cover)\r\n\r\n*  Capas de espuma viscoelástica\r\n\r\n*  Air Modular System®: Brinda una mullida  sensación de confort y frescura.\r\n\r\n*  Refuerzo estructural de espuma de alto  impacto.\r\n\r\n*  SPG Air®: 2 aireadores laterales que  dosifican el paso del aire y permiten una  permanente ventilación en el interior del  colchón.\r\n\r\n*  Soja‐Bamboo: Tejido suave al tacto,  antibacteriano, antihongos,  termorregulador, antialérgico. Estimulante  natural del metabolismo. Reduce el  cansancio y el stress. Gran absorción de  humedad corporal. Resistente al desgaste.\r\n\r\n*  Rellenos de espumas Soft y espumas de  alta densidad.\r\n\r\n*  Tela Tejido de Punto\r\n\r\n*  One Face®: Novedosa tecnología interna  que permite no rotar el colchón.\r\n\r\n*  Altura: 31 cm.\r\n\r\n*  Garantía: 10 años', 3, 5, NULL, 101, 1, 1),
(87, 'Roomy', 'Roomy', '*  Confort + practicidad\r\n\r\n*  Diseñado para guardar en  forma prolija y ordenada  distintos tipos de objetos.\r\n\r\n*  Sistema hidráulico de  apertura y cierre, sin ningún  esfuerzo.\r\n\r\n*  Firmeza estructural.\r\n\r\n*  Totalmente revestido en  tejido piqué de algodón.  100% hipoalergénico.\r\n\r\n*  Juego de patas coloniales.\r\n\r\n*  Altura 29 cm.\r\n\r\n*  Garantía 6 años.', 7, 21, NULL, 87, 1, 1),
(88, 'Duo solo', 'Duo solo', '*  Sommier S5 + cama extra\r\n*  Dos camas en un mismo  sistema que optimiza el  espacio.\r\n*  Colchón de resortes con  marco perimetral de acero + estabilizadores  laterales.\r\n\r\n*  Carrito con barra  contenedora del colchón  + ruedas para su fácil  traslado.\r\n*  Totalmente revestido en  tejido piqué de algodón.  Matelasseado 100%.\r\n*  Juego de patas  coloniales.\r\n*  Altura 37 cm.\r\n\r\n*  Garantía 6 años.', 3, 5, NULL, 101, 1, 1),
(89, 'S5 solo', 'S5 solo', '*  Sommier S5 + cama extra\r\n*  Dos camas en un mismo  sistema que optimiza el  espacio.\r\n*  Colchón de resortes con  marco perimetral de acero + estabilizadores  laterales.\r\n\r\n*  Carrito con barra  contenedora del colchón  + ruedas para su fácil  traslado.\r\n*  Totalmente revestido en  tejido piqué de algodón.  Matelasseado 100%.\r\n*  Juego de patas  coloniales.\r\n*  Altura 37 cm.\r\n\r\n*  Garantía 6 años.', 4, 4, NULL, 89, 1, 1),
(90, 'Duo con Jackie', 'Duo con Jackie', '*  Sommier S5 + cama extra\r\n*  Dos camas en un mismo  sistema que optimiza el  espacio.\r\n*  Colchón de resortes con  marco perimetral de acero + estabilizadores  laterales.\r\n\r\n*  Carrito con barra  contenedora del colchón  + ruedas para su fácil  traslado.\r\n*  Totalmente revestido en  tejido piqué de algodón.  Matelasseado 100%.\r\n*  Juego de patas  coloniales.\r\n*  Altura 37 cm.\r\n\r\n*  Garantía 6 años.', 4, 8, NULL, 88, 1, 1),
(91, 'Duo con Multilastic', 'Duo con Multilastic', '*  Sommier S5 + cama extra\r\n*  Dos camas en un mismo  sistema que optimiza el  espacio.\r\n*  Colchón de resortes con  marco perimetral de acero + estabilizadores  laterales.\r\n\r\n*  Carrito con barra  contenedora del colchón  + ruedas para su fácil  traslado.\r\n*  Totalmente revestido en  tejido piqué de algodón.  Matelasseado 100%.\r\n*  Juego de patas  coloniales.\r\n*  Altura 37 cm.\r\n\r\n*  Garantía 6 años.', 4, 8, NULL, 88, 1, 1),
(92, 'S5 con Jackie', 'S5 con Jackie', '*  Sommier S5 + cama extra\r\n*  Dos camas en un mismo  sistema que optimiza el  espacio.\r\n*  Colchón de resortes con  marco perimetral de acero + estabilizadores  laterales.\r\n\r\n*  Carrito con barra  contenedora del colchón  + ruedas para su fácil  traslado.\r\n*  Totalmente revestido en  tejido piqué de algodón.  Matelasseado 100%.\r\n*  Juego de patas  coloniales.\r\n*  Altura 37 cm.\r\n\r\n*  Garantía 6 años.', 4, 4, NULL, 89, 1, 1),
(93, 'S5 con Multilastic', 'S5 con Multilastic', '*  Sommier S5 + cama extra\r\n*  Dos camas en un mismo  sistema que optimiza el  espacio.\r\n*  Colchón de resortes con  marco perimetral de acero + estabilizadores  laterales.\r\n\r\n*  Carrito con barra  contenedora del colchón  + ruedas para su fácil  traslado.\r\n*  Totalmente revestido en  tejido piqué de algodón.  Matelasseado 100%.\r\n*  Juego de patas  coloniales.\r\n*  Altura 37 cm.\r\n*  Sommier S5 + cama extra\r\n*  Dos camas en un mismo  sistema que optimiza el  espacio.\r\n*  Colchón de resortes con  marco perimetral de acero + estabilizadores  laterales.\r\n\r\n*  Carrito con barra  contenedora del colchón  + ruedas para su fácil  traslado.\r\n*  Totalmente revestido en  tejido piqué de algodón.  Matelasseado 100%.\r\n*  Juego de patas  coloniales.\r\n*  Altura 37 cm.\r\n\r\n*  Garantía 6 años.\r\n*  Garantía 6 años.', 4, 4, NULL, 89, 1, 1),
(94, 'Sueño', 'Sueño', 'Sueño\r\nPlaca de Espuma de poliuretano Unicell\r\nEspuma Unicell ®\r\nEspuma de poliuretano integrada por pequeñas celdas de alta homogeneidad que permiten el traspaso del aire. Su grado de firmeza está dado por la densidad de la misma: mayor densidad, mayor firmeza.\r\n\r\nDensidad: 23 kg/m3\r\nAltura: 20 cm\r\nTela: de algodón totalmente matelasseada\r\nGarantía: 5 años', 4, 5, NULL, 103, 1, 1),
(95, 'Suavestar Lujo', 'Suavestar Lujo', '<p>ashok Lujo Placa de Espuma de poliuretano Unicell Densidad: 25 Kg/m3 Altura: 21 cm Espuma Unicell &reg; Espuma de poliuretano integrada por peque&ntilde;as celdas de alta homogeneidad que permiten el traspaso del aire. Su grado de firmeza est&aacute; dado por la densidad de la misma: mayor densidad, mayor firmeza. Tela Anti&aacute;caros Los colchones no se pueden lavar minuciosamente al 100%, por lo que se pueden formar f&aacute;cilmente &aacute;caros y microorganismos. El tratamiento anti&aacute;caros se aplica a las fibras textiles durante la fabricaci&oacute;n y ayuda a prevenir la aparici&oacute;n de &aacute;caros y es muy efectivo contra la formaci&oacute;n de hongos y bacterias. El producto interrumpe tanto el desarrollo de &aacute;caros y de hongos, como de malos olores. Su efecto protector conserva su efectividad durante toda la vida &uacute;til del colch&oacute;n. Garant&iacute;a: 5 a&ntilde;os</p>', 4, 9, 1, 95, 1, 1),
(96, 'Relax', 'Relax', 'Relax\r\nResortes de Espuma\r\nPlaca ranurada de alta densidad la cual simula resortes de espuma de poliuretano que además de brindar un firme soporte en las zonas del cuerpo de mayor peso, ofrecen una mayor sensación de confort.\r\nDensidad: 30 Kg/m3\r\nAltura: 22 cm.\r\nTela: de algodón totalmente matelasseada con cierre perimetral que permite la ventilación del colchón.\r\nBase: Sommier con patas de madera torneada con ruedas para facilitar el movimiento. \r\nGarantía: 5 años', 4, 5, NULL, 103, 1, 1),
(97, 'Relax SF', 'Relax SF', 'Modelo: Relax Stress Free\r\nPlaca ranurada con núcleo de espuma de poliuretano Unicell®\r\nDensidad: 30 Kg/m3\r\nAltura: 24 cm.\r\nEspuma Unicell ®\r\nEspuma de poliuretano integrada por pequeñas celdas de alta homogeneidad que permiten el traspaso del aire. Su grado de firmeza está dado por la densidad de la misma: mayor densidad, mayor firmeza.\r\nTela: Tejido de punto totalmente matelasseada con trat. Antiácaros y cierre perimetral que permite la ventilación del colchón.\r\nTejido de punto - Relax SF\r\nEs un tejido de costuras entramadas que forman una malla, bucle o punto obteniendo una sola estructura. La característica principal de este tejido, es la elasticidad que permite que el cuerpo se amolde perfectamente al mismo logrando un descanso confortable y realmente suave.\r\n\r\nBase: Sommier con patas de madera torneada con ruedas para facilitar el movimiento.\r\nGarantía: 5 años', 3, 5, NULL, 102, 1, 1),
(98, 'Centuria Pro', 'Centuria Pro', 'Centuria Pro - Con aromaterapia\r\nNúcleo de Espuma de poliuretano Unicell® de alta resistencia – “Heavy Duty Foam”\r\nDensidad: 35 Kg/m3\r\nAltura: 26 cm.\r\nTela: Tela jackard totalmente matelasseada con trat. Antiácaros\r\nEspuma Unicell ®\r\nEspuma de poliuretano integrada por pequeñas celdas de alta homogeneidad que permiten el traspaso del aire. Su grado de firmeza está dado por la densidad de la misma: mayor densidad, mayor firmeza.\r\nTela Aromaterapia\r\nMicrocápsulas con aceites etéricos que se insertan en las fibras ayudando a estimular ciertas zonas del cerebro a través de su aroma, provocando efectos de relajación que mejoran la calidad del sueño.\r\nTela Antiácaros\r\nLos colchones no se pueden lavar minuciosamente al 100%, por lo que se pueden formar fácilmente ácaros y microorganismos. El tratamiento antiácaros se aplica a las fibras textiles durante la fabricación y ayuda a prevenir la aparición de ácaros y es muy efectivo contra la formación de hongos y bacterias. El producto interrumpe tanto el desarrollo de ácaros y de hongos, como de malos olores. Su efecto protector conserva su efectividad durante toda la vida útil del colchón.\r\n\r\nBase: Sommier con patas de madera torneada con ruedas para facilitar el movimiento.\r\nGarantía: 5 años', 4, 5, NULL, 103, 1, 1),
(99, 'Atmosphere', 'Atmosphere', 'Atmosphere\r\nNúcleo de espuma de poliuretano Unicell de 35 kg/m3 de densidad\r\nAltura: 27 cm.\r\nPillow Top interno de espuma viscoelástica indeformable\r\nTela: Tejido de punto totalmente matelasseada con trat. Antiácaros \r\nTejido de punto - Atmosphere\r\nEs un tejido de costuras entramadas que forman una malla, bucle o punto obteniendo una sola estructura. La característica principal de este tejido, es la elasticidad que permite que el cuerpo se amolde perfectamente al mismo logrando un descanso confortable y realmente suave.Agarraderas laterales\r\n\r\nHeavy Duty Foam\r\nEspuma de altísima densidad que distribuye los puntos de apoyo de manera uniforme logrando el soporte adecuado aún en casos de gran peso. Su alto grado de firmeza permite: una importante reducción de los ángulos de las articulaciones previniendo dolores artrósicos y artríticos, permite una adecuada relajación de los distintos grupos musculares del cuello, espalda y cintura, y brinda un soporte adecuado en la zona lumbar impidiendo que se hunda, combatiendo lumbalgias.\r\nViscoelastic Foam\r\nEspuma de alta tecnología creada por la NASA. que reacciona al peso y la temperatura corporal adaptándose suavemente a las curvas del cuerpo gracias a su estructura celular esférica, logrando aliviar las presiones ejercidas generando sensación de ingravidez. Este material de células abiertas permite el flujo del aire a través del colchón. Se reconoce por su lenta recuperación a la compresión, es decir, recupera lentamente su estado inicial sin sufrir deformación alguna.\r\n\r\nBase: Sommier con patas de madera torneada con ruedas para facilitar el movimiento.\r\nGarantia del colchón: 5 años.', 3, 5, NULL, 102, 1, 1),
(100, 'Floustar', 'Floustar', 'Floustar\r\nEstructura de Resortes Maxspring® (continuos)\r\nAltura: 23 cm.\r\nTela: sábana totalmente matelasseada\r\nResortes Maxspring\r\nSistema exclusivo de Suavestar compuesto por resortes continuos de acero de altísima resistencia que actúan como una unidad estructural, convirtiéndola en la estructura de resortes más firme del mercado. Por su diseño constructivo evita el efecto \"rolling\".\r\nPosee marcos perimetrales y estabilizadores laterales de acero templado que optimizan la superficie de utilización del colchón, otorgando máxima firmeza aún en los bordes. Esta firmeza en su superficie le brinda a la columna vertebral el soporte necesario para lograr la postura ideal para un descanso apropiado.\r\n\r\nBase: Sommier con patas de madera torneada.\r\nGarantía del colchón: 5 años', 4, 5, NULL, 103, 1, 1),
(101, 'Superstar', 'Superstar', 'Superstar\r\nEstructura de Resortes Maxspring® (continuos)\r\nAltura: 24 cm.\r\nTela: Jackard totalmente matelasseada con tratamiento antiácaros\r\nAgarraderas laterales\r\nResortes Maxspring\r\nSistema exclusivo de Suavestar compuesto por resortes continuos de acero de altísima resistencia que actúan como una unidad estructural, convirtiéndola en la estructura de resortes más firme del mercado. Por su diseño constructivo evita el efecto \"rolling\".\r\nPosee marcos perimetrales y estabilizadores laterales de acero templado que optimizan la superficie de utilización del colchón, otorgando máxima firmeza aún en los bordes. Esta firmeza en su superficie le brinda a la columna vertebral el soporte necesario para lograr la postura ideal para un descanso apropiado.\r\n\r\nBase: Sommier con patas de madera torneada.\r\nGarantía del colchón: 5 años', 3, 5, NULL, 102, 1, 1),
(102, 'Superstar Pillow Top', 'Superstar Pillow Top', 'Superstar Pillow Top\r\nEstructura de Resortes Maxspring® (continuos)\r\nAltura: 29 cm.\r\nTela: Jackard totalmente matelasseada con tratamiento antiácaros\r\nAgarraderas laterales\r\nResortes Maxspring\r\nSistema exclusivo de Suavestar compuesto por resortes continuos de acero de altísima resistencia que actúan como una unidad estructural, convirtiéndola en la estructura de resortes más firme del mercado. Por su diseño constructivo evita el efecto \"rolling\".\r\nPosee marcos perimetrales y estabilizadores laterales de acero templado que optimizan la superficie de utilización del colchón, otorgando máxima firmeza aún en los bordes. Esta firmeza en su superficie le brinda a la columna vertebral el soporte necesario para lograr la postura ideal para un descanso apropiado.\r\n\r\nBase: Sommier con patas de madera torneada.\r\nGarantía del colchón: 5 años', 4, 5, NULL, 103, 1, 1),
(103, 'Blue Star', 'Blue Star', 'Bluestar\r\nEstructura de Resortes Maxspring® (continuos)\r\nAltura: 26 cm.\r\nTela: Jackard totalmente matelasseada con tratamiento antiácaros\r\nAgarraderas laterales\r\nResortes Maxspring\r\nSistema exclusivo de Suavestar compuesto por resortes continuos de acero de altísima resistencia que actúan como una unidad estructural, convirtiéndola en la estructura de resortes más firme del mercado. Por su diseño constructivo evita el efecto \"rolling\".\r\nPosee marcos perimetrales y estabilizadores laterales de acero templado que optimizan la superficie de utilización del colchón, otorgando máxima firmeza aún en los bordes. Esta firmeza en su superficie le brinda a la columna vertebral el soporte necesario para lograr la postura ideal para un descanso apropiado.\r\n\r\nBase: Sommier con patas de madera torneada.\r\nGarantía del colchón: 5 años', 3, 5, NULL, 102, 1, 1),
(104, 'Boreal', 'Boreal', 'Boreal Bamboo\r\nEstructura de Resortes Maxspring® (continuos)\r\nAltura: 27 cm..\r\nTela: Jackard  Bamboo totalmente matelasseada \r\nTela Bamboo\r\nLa fibra del bamboo se aplica en la composición de las fibras textiles en el momento de fabricación, la misma genera una antibiosis natural que repele insectos, bacterias y hongos, especialmente recomendado para personas alérgicas. Presenta características higroscópicas que por su excelente permeabilidad regulan la temperatura corporal en invierno y verano, ya que absorbe y exhala la humedad según el ambiente donde se encuentra, ofreciendo un tejido limpio y fresco todo el año. Activa la circulación sanguínea, aliviando el cansancio y estimulando el metabolismo.\r\nAgarraderas laterales\r\n\r\nResortes Maxspring\r\nSistema exclusivo de Suavestar compuesto por resortes continuos de acero de altísima resistencia que actúan como una unidad estructural, convirtiéndola en la estructura de resortes más firme del mercado. Por su diseño constructivo evita el efecto \"rolling\".\r\nPosee marcos perimetrales y estabilizadores laterales de acero templado que optimizan la superficie de utilización del colchón, otorgando máxima firmeza aún en los bordes. Esta firmeza en su superficie le brinda a la columna vertebral el soporte necesario para lograr la postura ideal para un descanso apropiado.\r\n\r\nBase: Sommier con patas de madera torneada.\r\nGarantía del colchón: 5 años', 4, 5, NULL, 104, 1, 1),
(105, 'Boreal Pillow Top', 'Boreal Pillow Top', 'Boreal Bamboo Pillow Top\r\nEstructura de Resortes Maxspring® (continuos)\r\nAltura: 21 cm..\r\nTela: Jackard  Bamboo totalmente matelasseada \r\nTela Bamboo\r\nLa fibra del bamboo se aplica en la composición de las fibras textiles en el momento de fabricación, la misma genera una antibiosis natural que repele insectos, bacterias y hongos, especialmente recomendado para personas alérgicas. Presenta características higroscópicas que por su excelente permeabilidad regulan la temperatura corporal en invierno y verano, ya que absorbe y exhala la humedad según el ambiente donde se encuentra, ofreciendo un tejido limpio y fresco todo el año. Activa la circulación sanguínea, aliviando el cansancio y estimulando el metabolismo.\r\nAgarraderas laterales\r\nPillow Top\r\nManta adicional de espuma suave y mullida que permite brindar una mayor sensación de confort, especialmente en colchones de alta firmeza. Se adapta a la superficie corporal mientras la estructura del colchón se mantiene\r\nrígida, logrando la postura ideal sin incomodidades.\r\n\r\nResortes Maxspring\r\nSistema exclusivo de Suavestar compuesto por resortes continuos de acero de altísima resistencia que actúan como una unidad estructural, convirtiéndola en la estructura de resortes más firme del mercado. Por su diseño constructivo evita el efecto \"rolling\".\r\nPosee marcos perimetrales y estabilizadores laterales de acero templado que optimizan la superficie de utilización del colchón, otorgando máxima firmeza aún en los bordes. Esta firmeza en su superficie le brinda a la columna vertebral el soporte necesario para lograr la postura ideal para un descanso apropiado.\r\n\r\nBase: Sommier con patas de madera torneada.\r\nGarantía del colchón: 5 años', 6, 11, NULL, 98, 1, 1),
(106, 'Insignia Rouge', 'Insignia Rouge', 'Insignia Rouge\r\nEstructura de Resortes Maxspring® (continuos)\r\nAltura: 31 cm.\r\nTela: Jackard antiácaros totalmente matelasseada\r\nTela Antiácaros\r\nLos colchones no se pueden lavar minuciosamente al 100%, por lo que se pueden formar fácilmente ácaros y microorganismos. El tratamiento antiácaros se aplica a las fibras textiles durante la fabricación y ayuda a prevenir la aparición de ácaros y es muy efectivo contra la formación de hongos y bacterias. El producto interrumpe tanto el desarrollo de ácaros y de hongos, como de malos olores. Su efecto protector conserva su efectividad durante toda la vida útil del colchón.Agarraderas laterales\r\n\r\nViscoelastic Inner Pillow\r\nPillow Interno que se adapta al cuerpo logrando tal relajación y confort que disminuye el movimiento durante la noche.\r\n\r\nResortes Maxspring\r\nSistema exclusivo de Suavestar compuesto por resortes continuos de acero de altísima resistencia que actúan como una unidad estructural, convirtiéndola en la estructura de resortes más firme del mercado. Por su diseño constructivo evita el efecto \"rolling\".\r\nPosee marcos perimetrales y estabilizadores laterales de acero templado que optimizan la superficie de utilización del colchón, otorgando máxima firmeza aún en los bordes. Esta firmeza en su superficie le brinda a la columna vertebral el soporte necesario para lograr la postura ideal para un descanso apropiado.\r\n\r\nTela Ignífuga\r\nEl Tratamiento Ignífugo o retardante de llama es totalmente ecológico y no tóxico y actúa como barrera integral frente a fuentes de calor, sin comprometer las características propias de la tela. Este tratamiento, se aplica a las fibras textiles durante la fabricación para evitar accidentes provocados por cigarrillos y otras fuentes de calor de uso doméstico de bajo riesgo. Cuando un tejido con tratamiento ignífugo es expuesto al fuego, no despide gases tóxicos ya que se autoextingue ligeramente evitando la combustión rápida y ayudando a reducir el humo que surge de los componentes del colchón, ofreciendo así una mayor protección y seguridad ya que está libre de compuestos orgánicos volátiles y sustancias perjudiciales. Este tratamiento, además de contribuir a la seguridad del hogar, protege nuestra salud y el medio ambiente.\r\n\r\nBase: Sommier con patas de madera torneada.\r\nGarantía del colchón: 5 años', 4, 5, NULL, 104, 1, 1),
(107, 'Loft', 'Loft', 'Estructura de resortes Pocket (individuales)\r\nAltura: 29 cm.\r\nTela: Tela jackard con Aloe Vera totalmente matelasseada con tratamiento antiácaros\r\nTela Aloe Vera\r\nEl Aloe Vera presenta componentes protectores y nutritivos que cuidan y regeneran la piel durante el sueño. El gel del Aloe se aplica a las fibras textiles el cual produce un efecto estimulante y activador en contacto con el cuerpo reforzando las defensas. Favorece el tejido conjuntivo, estimula el crecimiento de nuevas células de la piel y la protege de los efectos negativos del entorno siendo un antioxidante natural. Ayuda al sistema inmunológico y aumenta la resistencia del organismo. Posee tratamiento antiácaros previniendo la aparición de hongos y otros alergenos.Agarraderas laterales en propia tela\r\n\r\nSistema HCS (Health Comfort System)\r\nDistribuye adecuadamente los puntos de presión ejercidos por el cuerpo en el momento de descanso minimizando la resistencia del colchón en dichos puntos, permitiendo la óptima circulación de flujo sanguíneo.\r\n\r\nResortes Pocket\r\nEstructura de resortes enfundados que trabajan en forma individual permitiendo que el colchón se adapte perfectamente a la anatomía del cuerpo.\r\nReduce a la mínima expresión la transferencia de movimiento que puede producirse si uno de los miembros de la pareja se mueve o levanta durante la noche, brindando así un sueño más profundo y placentero, sin interrupciones.\r\nEvita el efecto \"rolling\", es decir, no permite que el cuerpo más pesado afecte al otro arrastrándolo hacia el centro del colchón.\r\n\r\nTela Antiácaros\r\nLos colchones no se pueden lavar minuciosamente al 100%, por lo que se pueden formar fácilmente ácaros y microorganismos. El tratamiento antiácaros se aplica a las fibras textiles durante la fabricación y ayuda a prevenir la aparición de ácaros y es muy efectivo contra la formación de hongos y bacterias. El producto interrumpe tanto el desarrollo de ácaros y de hongos, como de malos olores. Su efecto protector conserva su efectividad durante toda la vida útil del colchón.\r\n\r\nBase: Sommier con patas de madera torneada con ruedas para facilitar el movimiento.\r\nGarantia del colchón: 5 años.', 4, 5, NULL, 103, 1, 1),
(108, 'Perseus', 'Perseus', 'Perseus\r\nEstructura de resortes Pocket: (individuales)\r\nAltura: 31 cm.\r\nHi-Pillow Top de espuma de poliuretano Unicell®\r\nSistema Roll Free\r\nResortes Pocket\r\nEstructura de resortes enfundados que trabajan en forma individual permitiendo que el colchón se adapte perfectamente a la anatomía del cuerpo.\r\nReduce a la mínima expresión la transferencia de movimiento que puede producirse si uno de los miembros de la pareja se mueve o levanta durante la noche, brindando así un sueño más profundo y placentero, sin interrupciones.\r\nEvita el efecto \"rolling\", es decir, no permite que el cuerpo más pesado afecte al otro arrastrándolo hacia el centro del colchón.Tela: Tejido de punto totalmente matelasseada con trat. Antiácaros\r\n\r\nSistema HCS (Health Comfort System)\r\nDistribuye adecuadamente los puntos de presión ejercidos por el cuerpo en el momento de descanso minimizando la resistencia del colchón en dichos puntos, permitiendo la óptima circulación de flujo sanguíneo.\r\nHi-Pillow Top\r\nManta adicional de confort compuesta por una doble capa de espuma de poliuretano extra firme integrada por pequeñas celdas de alta homogeneidad que permiten el traspaso del aire.\r\nTela Silk con Antiácaros\r\nDelicado tejido con seda de distinguido diseño que contiene proteínas compatibles con la piel evitando irritaciones. Su alto grado de absorción evapora la humedad obteniendo la temperatura en el equilibrio justo. Posee tratamiento antiácaros previniendo la aparición de hongos y otros alergenos.\r\nAgarraderas laterales en propia tela\r\n\r\nBase: Sommier con patas de madera torneada con ruedas para facilitar el movimiento.\r\nGarantia del colchón: 5 años.', 4, 5, NULL, 104, 1, 1),
(109, 'Magnifisense', 'Magnifisense', 'Magnifisense\r\nEstructura de resortes Maxspring® (continuos)\r\nAltura: 31 cm\r\nPillow Top de espuma viscoelástica\r\nTela: Tejido de punto totalmente matelasseada con trat. Antiácaros\r\nSistema Roll Free\r\nResortes Maxspring\r\nSistema exclusivo de Suavestar compuesto por resortes continuos de acero de altísima resistencia que actúan como una unidad estructural, convirtiéndola en la estructura de resortes más firme del mercado. Por su diseño constructivo evita el efecto \"rolling\".\r\nPosee marcos perimetrales y estabilizadores laterales de acero templado que optimizan la superficie de utilización del colchón, otorgando máxima firmeza aún en los bordes. Esta firmeza en su superficie le brinda a la columna vertebral el soporte necesario para lograr la postura ideal para un descanso apropiado.\r\n\r\nViscoelastic Foam\r\nEspuma de alta tecnología creada por la NASA. que reacciona al peso y la temperatura corporal adaptándose suavemente a las curvas del cuerpo gracias a su estructura celular esférica, logrando aliviar las presiones ejercidas generando sensación de ingravidez. Este material de células abiertas permite el flujo del aire a través del colchón. Se reconoce por su lenta recuperación a la compresión, es decir, recupera lentamente su estado inicial sin sufrir deformación alguna.\r\n\r\nMaster Pillow Top\r\nManta adicional de confort compuesta por una generosa capa de espuma de alta recuperación que se adapta al cuerpo generando una suave y placentera sensación de ingravidez.\r\n\r\nTejido de Punto\r\nEs un tejido de costuras entramadas que forman una malla, bucle o punto obteniendo una sola estructura. La característica principal de este tejido, es la elasticidad que permite que el cuerpo se amolde perfectamente al mismo logrando un descanso confortable y realmente Suave.\r\nAgarraderas laterales en propia tela\r\n\r\nBase: Sommier con patas de madera torneada con ruedas para facilitar el movimiento.\r\nGarantia del colchón: 5 años.', 4, 5, NULL, 103, 1, 1),
(110, 'Esmeralda', 'Esmeralda', 'Esmeralda \r\n- Tela cotton-mix matelasse.\r\n- Espuma de alta densidad.\r\n- Agarres laterales.\r\n- Espesor de confort 22 cm.\r\n\r\nFICHA TÉCNICA\r\nSoporte	Firme\r\nAltura	Conjunto Esmeralda 55 cm.\r\nDensidad	26 kg/m3\r\n\r\nGARANTÍA: 3 años', 4, 5, NULL, 104, 1, 1),
(111, 'Marfil 21', 'Marfil 21', 'Marfil clasico\r\n- Altura: 21 cm.\r\n- Tela jackard-cotton.\r\n- Totalemnte matelasseado.\r\n\r\nSoporte	Extra-Firme\r\nAltura	Conjunto Top Plus 57 cm. \r\n\r\nDensidad	30 kg/m3\r\n\r\nGARANTÍA: 5 años', 5, 10, NULL, 111, 1, 1),
(112, 'Marfil 25', 'Marfil 25', 'Marfil pillow Top\r\n- Altura: 25 cm.\r\n- Tela jackard-cotton.\r\n- Totalemnte matelasseado.\r\n\r\nSoporte	Extra-Firme\r\nAltura	Conjunto Top Plus 61 cm. \r\n\r\nDensidad	30 kg/m3\r\n\r\nGARANTÍA: 5 años', 4, 5, NULL, 104, 1, 1),
(113, 'Marfil 28', 'Marfil 28', 'Marfil Doble pillow Top plus\r\n- Altura: 28 cm.\r\n- Tela jackard-cotton.\r\n- Totalemnte matelasseado.\r\n\r\nSoporte	Extra-Firme\r\nAltura	Conjunto Top Plus 64 cm. \r\n\r\nDensidad	30 kg/m3\r\n\r\nGARANTÍA: 5 años', 4, 5, NULL, 104, 1, 1),
(114, 'Simetric', 'Simetric', 'Simetric\r\nResortes+Espuma\r\n3 ZONAS DE REFUERZOS\r\n\r\n- Tela matelasseada jackard-cotton.\r\n- Estructura interior combinada: Resortes tipo Bonnell, refuerzos transversales SDD, marco perimetral y mantas internas de espuma Mentflex de alta densidad. \r\n- Agarres laterales. \r\n- Altura: de 23 cm.  \r\n\r\n\r\nFICHA TÉCNICA\r\nRefuerzos adicionales	7 SDD\r\nZonas de refuerzo: Lumbares, cadera y rodillas\r\nAltura Conjunto Standard 56 cm.\r\n\r\nGARANTÍA: 5 años', 4, 5, NULL, 104, 1, 1),
(115, 'Simetric Pillow Top', 'Simetric Pillow Top', 'Simetric Pillow Top\r\nResortes+Espuma\r\n3 ZONAS DE REFUERZOS\r\n- Pillow con espuma Mentflex soft\r\n- Tela matelasseada jackard-cotton.\r\n- Estructura interior combinada: Resortes tipo Bonnell, refuerzos transversales SDD, marco perimetral y mantas internas de espuma Mentflex de alta densidad. \r\n- Agarres laterales. \r\n- Altura: de 32 cm.  \r\n\r\n\r\nFICHA TÉCNICA\r\nRefuerzos adicionales	7 SDD\r\nZonas de refuerzo Lumbares, cadera y rodillas\r\nAltura 	Conjunto 65 cm\r\n\r\nGARANTÍA: 5 años', 4, 4, NULL, 115, 1, 1),
(116, 'Complete', 'Complete', 'Complete clasico\r\nResortes+Espumas\r\nFirmeza y flexibilidad \r\n5 Zonas de Refuerzo\r\n\r\n- Tela matelasseada jackard-cotton. \r\n- Estructura interior combinada: resortes bicónicos de acero templado tipo Bonnell, refuerzos transversales SDD, marco perimetral y mantas internas de espuma Mentflex de alta densidad. \r\n- Dos opciones de confort: \r\nAltura: de 25 cm.  \r\n\r\n\r\nFICHA TÉCNICA\r\nRefuerzos \r\nadicionales	11 SSD [soporte de descanso]\r\nZonas de refuerzo	Cervicales, lumbares, cadera, rodillas y tobillos\r\nAltura	Conjunto 61 cm. \r\nRespirador	2 por lado\r\n\r\nGARANTÍA: 5 años', 4, 3, NULL, 41, 1, 1),
(117, 'Complete Pillow Top', 'Complete Pillow Top', 'Complete Pillow Top\r\nResortes+Espumas\r\nFirmeza y flexibilidad \r\n5 Zonas de Refuerzo\r\n- Pillow con espuma Mentflex soft.\r\n- Tela matelasseada jackard-cotton. \r\n- Estructura interior combinada: resortes bicónicos de acero templado tipo Bonnell, refuerzos transversales SDD, marco perimetral y mantas internas de espuma Mentflex de alta densidad. \r\n- Dos opciones de confort: \r\nAltura: de 32 cm.  \r\n\r\n\r\nFICHA TÉCNICA\r\nRefuerzos \r\nadicionales	11 SSD [soporte de descanso]\r\nZonas de refuerzo	Cervicales, lumbares, cadera, rodillas y tobillos\r\nAltura	Conjunto 68 cm. \r\nRespirador	2 por lado\r\n\r\nGARANTÍA: 5 años', 3, 4, NULL, 40, 1, 1),
(118, 'Axis', 'Axis', 'Axis\r\nresorte+Espuma\r\nREFUERZO EN CADERA\r\n- Tela matelasseada cotton-mix. \r\n- Estructura interior combinada: resortes bicónicos de acero templado tipo Bonnell y refuerzos transversales.\r\n- Agarres laterales. \r\n- SDD, marco perimetral y mantas internas de espuma Mentflex.\r\n- Espesor de confort de 25 cm.\r\n\r\nFICHA TÉCNICA\r\nRefuerzos adicionales	3 SDD [soporte de descanso]\r\nZonas de \r\nrefuerzo	Lumbares\r\nAltura	Conjunto Axis 58 cm.\r\n\r\nGARANTÍA: 3 años', 4, 3, NULL, 41, 1, 1),
(119, 'Jurere', 'Jurere', 'JURERE\r\n• CON EFECTO DINÁMICO\r\n• POCKET + HR\r\n• ESTRUCTURA DE SOPORTE PUNTUAL\r\nCARACTERÍSTICAS\r\nSuperficie de confort Mentflex High Resilence, una espuma de muy alta densidad y retorno instantáneo que acompaña inmediatamente al cuerpo y ofrece una sensación de contención muy agradable. Combinada con la respuesta puntual que brindan los resortes individuales enfundados, se obtiene el soporte necesario y preciso en cada punto de contacto.\r\nMATELASSE\r\n\r\nTela Jackard Cotton mix\r\nEspuma Mentflex 21 super soft\r\nSoporte Polipropileno light\r\n \r\nCAPAS\r\nCapa superior Mentflex Hard\r\nManta Mentflex High Resilence\r\nAislante Polipropileno de alta densidad\r\n 	 \r\nESTRUCTURA INTERNA\r\nBase Resortes pocket\r\nEspuma Mentflex de alta densidad\r\nCapa inferior Mentflex Hard\r\n 	 \r\nACCESORIOS\r\nManija lateral Enteriza longtudinal\r\nRespiraderos 4 (cuatro)', 3, 4, NULL, 40, 1, 1),
(120, 'Tahiti', 'Tahiti', 'TAHITI\r\n• CON EFECTO RELAJANTE\r\n• POCKET + VISCOLÁSTICA\r\n• ESTRUCTURA COMPUESTA\r\n\r\nCARACTERÍSTICAS\r\nSuperficie de confort en Mentflex Viscolástica, una espuma de muy alta densidad y retorno lento que produce un efecto de gran mullidez y una sensación de exhuberante rélax. Asociada con la respuesta puntual que brindan los resortes individuales enfundados, se logra el sostén óptimo en cada sitio específico de contacto.\r\nMATELASSE\r\nTela Jackard Cotton mix\r\nEspuma Mentflex 21 super soft\r\nSoporte Polipropileno light\r\n \r\nCAPAS\r\nCapa superior Mentflex Hard\r\nManta Mentflex Viscoelástica\r\nAsistente Polipropileno de alta densidad\r\n 	 \r\nESTRUCTURA INTERNA\r\nBase Resortes pocket\r\nMarco perimetral Mentflex de alta densidad\r\nCapa inferior Mentflex Hard\r\n 	 \r\nACCESORIOS\r\nManija lateral Enteriza longtudinal\r\nRespiraderos 4 (cuatro)', 4, 3, NULL, 41, 1, 1),
(121, 'Martinica', 'Martinica', 'Martinica\r\n• CON EFECTO EQUILIBRADO\r\n• MULTIPLE FOAM\r\n• ESTRUCTURA COMPUESTA\r\n\r\nCARACTERÍSTICAS\r\nSuperficie de confort en Mentflex Súper Soft 35, una espuma de alta densidad, respuesta firme y a la vez mullida que produce un efecto de rélax muy agradable. Este colchón es el único de la línea 3G, cuya estructura interna está íntegramente resuelta en espuma, con capas Mentflex de distinta flexibilidad y densidad que trabajan en conjunto para otorgar una respuesta amplia de soporte corporal.\r\n\r\nMATELASSE\r\nTela Jackard Cotton mix\r\nEspuma Mentflex 21 super soft\r\nSoporte Polipropileno light\r\n \r\nCAPAS\r\nCapa superior Mentflex Súper Soft 35\r\n 	 \r\nESTRUCTURA INTERNA\r\nDesarrollada a través de un núcleo Mentflex Hard 30\r\n 	 \r\nACCESORIOS\r\nManija lateral Enteriza longtudinal\r\nRespiraderos 4 (cuatro)', 3, 4, NULL, 40, 1, 1);
INSERT INTO `modelos` (`id`, `nombre`, `des_corta`, `descripcion`, `postura_id`, `tecnologia_id`, `garantia_id`, `item_id`, `orden`, `activo`) VALUES
(122, 'Tulum', 'Tulum', 'TULUM\r\n• CON EFECTO EQUILIBRADO\r\n• MULTIPLE FOAM\r\n• ESTRUCTURA COMPUESTA\r\n\r\nCARACTERÍSTICAS\r\nSuperficie de confort en Mentflex Súper Soft 35, una espuma de alta densidad y rápido retorno que recibe agradablemente al cuerpo. Produce una sensación de contención y firmeza que en combinación con la estructura interna de resortes Bonnell inyectados con espuma poliuretánica (innovación de Topacio) genera un efecto quiropráctico que conjuga la solidez y estabilidad de la espuma con la flexibilidad de los resortes.\r\nMATELASSE\r\nTela	Jackard Cotton mix\r\nEspuma	Mentflex 21 super soft\r\nSoporte	Polipropileno light\r\n \r\nCAPAS\r\nCapa Superior Mentflex Súper Soft 35\r\nManta Mentflex Hard\r\nAislante Polipropileno de alta densidad\r\n 	 \r\nESTRUCTURA INTERNA\r\nBase Resortes Bonnell\r\nMarco perimetral Mentflex de alta densidad\r\nCapa inferior Mentflex Hard\r\n 	 \r\nACCESORIOS\r\nManija lateral Enteriza longtudinal\r\nRespiraderos 4 (cuatro)', 4, 3, NULL, 41, 1, 1),
(123, 'Sport', 'Sport', 'Modelo  Sport fabricado por ', 3, 4, NULL, 40, 1, 1),
(124, 'Spa Visco', 'Spa Visco', 'Almohada Spa\r\nDiseño ergonómico con fibras entrelazadas de Memory Foam matelasseada en su totalidad con tela interlock blanca. Sensación Extra Soft.', 4, 3, NULL, 41, 1, 1),
(125, 'Nativa c/faja', 'Nativa c/faja', 'Nativa con Faja\r\nTodo el confort dentro de una almohada que ofrece, además, adaptación ergonómica y capacidad de recuperación.\r\n\r\nUna original cabecera perimetral y el logo Nativa Bordado le confieren un aspecto sorprendente.', 3, 4, NULL, 40, 1, 1),
(126, 'Intelligent', 'Intelligent', 'Almohada Intelligent Foam\r\nInterior de Espuma Inteligente. Funda tejido de punto, 100% poliéster. Antibacterial y Antialérgica.', 4, 3, NULL, 41, 1, 1),
(127, 'Cannon Cervical Visco', 'Cannon Cervical Visco', 'Cervical visco\r\n-Almohada de espuma viscoelástica de alta tecnología creada por la NASA\r\n-Sensible a la temperatura que se adapta perfectamente a las curvaturas de la cabeza y cuello relajando las terminaciones nerviosas de la zona cervical.\r\n-Distribuye el peso de manera uniforme en toda su superficie eliminando los puntos de presión facilitando así la circulación sanguínea y la relajación de los músculos.\r\n-Reduce los movimientos durante el descanso logrando un sueño ininterrumpido con una agradable sensación de ingravidez.', 3, 4, NULL, 40, 1, 1),
(128, 'Cannon Clasica Visco', 'Cannon Clasica Visco', 'Visco clasica\r\n-Almohada de espuma viscoelástica de alta tecnología creada por la NASA\r\n-Sensible a la temperatura que se amolda perfectamente al contorno  de la cabeza, cuello y hombros.\r\n-Distribuye el peso de manera uniforme en toda su superficie eliminando los puntos de presión facilitando así la circulación sanguínea y la relajación de los músculos.\r\n-Reduce los movimientos durante el descanso logrando un sueño ininterrumpido con una agradable sensación de ingravidez.\r\n-Se reconoce por su lenta recuperación a la compresión, por lo que vuelve a su estado inicial sin sufrir deformación alguna.', 1, 14, NULL, 128, 1, 1),
(129, 'Americana Visco', 'Americana Visco', 'Visco Americana\r\n-Almohada de espuma viscoelástica de alta tecnología creada por la NASA\r\n-Sensible a la temperatura que se amolda perfectamente al contorno  de la cabeza, cuello y hombros.\r\n-Distribuye el peso de manera uniforme en toda su superficie eliminando los puntos de presión facilitando así la circulación sanguínea y la relajación de los músculos.\r\n-Reduce los movimientos durante el descanso logrando un sueño ininterrumpido con una agradable sensación de ingravidez.\r\n-Se reconoce por su lenta recuperación a la compresión, por lo que vuelve a su estado inicial sin sufrir deformación alguna.', 1, 14, NULL, 129, 1, 1),
(130, 'VLV cervical', 'VLV cervical', 'Almohada Viscoelástica Premium - Cervical\r\n\r\n\r\n\r\nSe amolda a la forma de la cabeza, aliviando regiones de presión concentrada, lo que resulta en una agradable sensación de descanso.\r\nNo se calienta con el calor del cuerpo. No interrumpe la circulación de la sangre. \r\n\r\nAntialérgica y antiácaro.\r\nFabricada sin CFC.\r\nRespeta las normas europeas.\r\nFunda lavable 100% algodón, relleno no lavable.', 1, 14, NULL, 130, 1, 1),
(131, 'VLV clasica', 'VLV clasica', 'Almohada Viscoelástica Premium - Classic\r\n\r\n\r\n\r\nSe amolda a la forma de la cabeza, aliviando regiones de presión concentrada, lo que resulta en una agradable sensación de descanso.\r\nNo se calienta con el calor del cuerpo. No interrumpe la circulación de la sangre. \r\n\r\nAntialérgica y antiácaro.\r\nFabricada sin CFC.\r\nRespeta las normas europeas.\r\nFunda lavable 100% algodón, relleno no lavable.', 1, 14, NULL, 131, 1, 1),
(132, 'Plumax', 'Plumax', 'Almohada Plumax Plus\r\n\r\n\r\n\r\nSuavidad con toque de pluma.\r\nSe amolda perfectamente a su anatomía por el sistema de desplazamiento de microesferas de fibra virgen siliconada.\r\nRelax total y sueño tranquilo.\r\n\r\nTela: Pecal 180 hilos 50% algodón 50% poliéster.\r\nRelleno: 100% microesferas de poliéster.\r\nAntialérgica.\r\nLavable.', 4, 3, NULL, 41, 1, 1),
(133, 'Suite', 'Suite', 'Almohada Suite\r\n\r\n\r\n\r\nSuavidad con toque de seda.\r\nRelax total y sueño tranquilo.\r\n\r\nTela: Pecal 180 hilos 100% algodón.\r\nRelleno: 100% fibra hueca poliéster siliconada.\r\nAntialérgica.\r\nLavable', 3, 4, NULL, 40, 1, 1),
(134, 'Insignia alma', 'Insignia alma', 'Almohada Insignia\r\n-Almohada de Fibra de Poliéster Siliconada Cardada y Peinada con Núcleo de Espuma Hipersosft.\r\n-Tela Percal 180 hilos, estampada. 100% Algodón\r\n-Faja perimetral con doble vivo\r\n-Densidad del núcleo Hipersoft 26 kg./m3\r\n-Hipoalergénica - Antimoho\r\n-Inalterable (no se deforma)\r\n-Lavable\r\n-No planchar\r\n-Bolsa de PVC con manija\r\n-Medidas: 70 x 44 cm.\r\n-Garantía 5 años', 4, 23, NULL, 134, 1, 1),
(135, 'Thermosense', 'Thermosense', 'Thermosense\r\n-Almohada de espuma viscoelástica de alta tecnología creada por la NASA\r\n-Sensible a la temperatura que se amolda perfectamente al contorno  de la cabeza, cuello y hombros.\r\n-Distribuye el peso de manera uniforme en toda su superficie eliminando los puntos de presión facilitando así la circulación sanguínea y la relajación de los músculos.\r\n-Reduce los movimientos durante el descanso logrando un sueño ininterrumpido con una agradable sensación de ingravidez.\r\n-Se reconoce por su lenta recuperación a la compresión, por lo que vuelve a su estado inicial sin sufrir deformación alguna.', 1, 14, NULL, 135, 1, 1),
(136, 'Thermosense Cervical', 'Thermosense Cervical', 'Thermosense Cervical\r\n-Almohada de espuma viscoelástica de alta tecnología creada por la NASA\r\n-Sensible a la temperatura que se adapta perfectamente a las curvaturas de la cabeza y cuello relajando las terminaciones nerviosas de la zona cervical.\r\n-Distribuye el peso de manera uniforme en toda su superficie eliminando los puntos de presión facilitando así la circulación sanguínea y la relajación de los músculos.\r\n-Reduce los movimientos durante el descanso logrando un sueño ininterrumpido con una agradable sensación de ingravidez.', 4, 3, NULL, 41, 1, 1),
(137, 'Florencia', 'Florencia', 'Florencia\r\n-Almohada de espuma viscoelástica de alta tecnología creada por la NASA\r\n-Sensible a la temperatura que se amolda perfectamente al contorno  de la cabeza, cuello y hombros.\r\n-Distribuye el peso de manera uniforme en toda su superficie eliminando los puntos de presión facilitando así la circulación sanguínea y la relajación de los músculos.\r\n-Reduce los movimientos durante el descanso logrando un sueño ininterrumpido con una agradable sensación de ingravidez.\r\n-Se reconoce por su lenta recuperación a la compresión, por lo que vuelve a su estado inicial sin sufrir deformación alguna.', 3, 4, NULL, 40, 1, 1),
(138, 'Milan', 'Milan', 'Milan\r\n-Almohada de espuma viscoelástica de alta tecnología creada por la NASA\r\n-Sensible a la temperatura que se amolda perfectamente al contorno  de la cabeza, cuello y hombros.\r\n-Distribuye el peso de manera uniforme en toda su superficie eliminando los puntos de presión facilitando así la circulación sanguínea y la relajación de los músculos.\r\n-Reduce los movimientos durante el descanso logrando un sueño ininterrumpido con una agradable sensación de ingravidez.\r\n-Se reconoce por su lenta recuperación a la compresión, por lo que vuelve a su estado inicial sin sufrir deformación alguna.', 4, 3, NULL, 41, 1, 1),
(139, 'Duvet 10%', 'Duvet 10%', 'Modelo  Duvet 10% fabricado por ', 3, 4, NULL, 40, 1, 1),
(140, 'Duvet 30%', 'Duvet 30%', 'Modelo  Duvet 30% fabricado por ', 4, 3, NULL, 41, 1, 1),
(141, 'Plooma 50%', 'Plooma 50%', 'Pluma de Ganso  Duvet 50% ind. Brasilera', 3, 4, NULL, 40, 1, 1),
(142, 'Plooma 100%', 'Plooma 100%', 'Pluma de Ganso  Duvet 100% ind. Brasilera', 1, 18, NULL, 142, 1, 1),
(143, 'Milenium', 'Milenium', 'Modelo  Milenium fabricado por ', 4, 24, NULL, 143, 1, 1),
(144, 'Exquisite', 'Exquisite', 'Modelo  Exquisite fabricado por ', 4, 23, NULL, 144, 1, 1),
(145, 'Air Comfort', 'Air Comfort', 'Air Comfort\r\n-Almohada de espuma viscoelástica de alta tecnología creada por La NASA\r\n-Distribuye  el peso de manera uniforme en toda su superficie eliminando los puntos de presión, facilitando la circulación sanguínea  y la relajación de los músculos\r\n-Presenta canales que permiten el flujo del aire logrando un liviano apoyo en cada movimiento. Facilita la respiración de la almohada evitando acumulación de calor, humedad y transpiración, Gracias a dichos canales de aire, se acelera la recuperación a la compresión.\r\n-Funda Cool: que permiten la ventilación de la almohada en zonas de mayor concentración de calor. Controla la humedad.\r\n-Medidas de la funda: 70 x 40 cm.', 1, 14, NULL, 145, 1, 1),
(146, 'Intelligent Cervical', 'Intelligent Cervical', 'Almohada Intelligent Cervical\r\nSimmons presenta la nueva almohada IF Intelligent Foam® CERVICAL, de espuma de alta memoria y baja resiliencia. Con diseño anatómico, para responder a las curvas naturales del cuello y permitir la relajación de la zona cervical.', 1, 14, NULL, 146, 1, 1),
(147, 'Neo Relax visco', 'Neo Relax visco', 'Neorelax \r\nCARACTERÍSTICAS DE LA ALMOHADA\r\n\r\nMaterial: Poliuretano viscoelástico MDI densidad 60 kg/m3. \r\nSe amolda con la temperatura del cuerpo ofreciendo la postura ideal para un buen descanso.\r\nFacilita la relajación muscular. Termosensible.\r\nRecupera la forma después de haberse ejercido presión sobre la misma.\r\nNo se deforma con el paso del tiempo ni pierde sus cualidades.\r\nCuenta con Suave perfume.\r\nMedida: 70x40x12 \r\nTela: Exclusivo tejido de punto desmontable. Fácil de lavar. Diseño exclusivo de Neo Relax.\r\nForma de presentación: En caja para preservar la integridad del producto.', 1, 14, NULL, 147, 1, 1),
(148, 'Algodón 200 hl', 'Algodón 200 hl', 'Modelo  Algodón 200 hl fabricado por ', 7, 20, NULL, 148, 1, 1),
(149, 'Saten Algodón 400 hl', 'Saten Algodón 400 hl', 'Modelo  Saten Algodón 400 hl fabricado por ', 7, 20, NULL, 149, 1, 1),
(150, 'Percal 180', 'Percal 180', 'Modelo  Percal 180 fabricado por ', 7, 20, NULL, 150, 1, 1),
(151, 'Percal 200', 'Percal 200', 'Modelo  Percal 200 fabricado por ', 7, 20, NULL, 151, 1, 1),
(152, 'Saten 280 hl', 'Saten 280 hl', 'Modelo  Saten 280 hl fabricado por ', 7, 20, NULL, 152, 1, 1),
(153, 'Comforter', 'Comforter', 'Modelo  Comforter fabricado por ', 7, 19, NULL, 177, 1, 1),
(154, 'Comforter Plus', 'Comforter Plus', 'Modelo  Comforter Plus fabricado por ', 7, 19, NULL, 178, 1, 1),
(155, 'Corderito', 'Corderito', 'Modelo  Comforter Max fabricado por ', 7, 19, NULL, 155, 1, 1),
(156, 'Dual', 'Dual', 'Modelo  Dual fabricado por ', 3, 4, NULL, 156, 1, 1),
(157, 'Delpa Natural Foam', 'Delpa Natural Foam', 'Núcleo compensado.\r\nLa nobleza y el confort del látex natural junto a su núcleo compensado (decenas de alvéolos distribuidos estratégicamente), hacen que este producto brinde una alta calidad de descanso, pemaneciendo líder en el mercado a través de los años.', 2, 13, NULL, 157, 1, 1),
(158, 'Algodón 300 hl', 'Algodón 300 hl', 'Modelo  Algodón 300 hl fabricado por ', 7, 20, NULL, 158, 1, 1),
(159, 'Primera', 'Primera', 'Modelo  Primera fabricado por ', 4, 9, NULL, 159, 1, 1),
(160, 'Jersey de Algodón', 'Jersey de Algodón', 'Modelo de Jersey de Algodón', 7, 20, NULL, 160, 1, 1),
(161, 'Duobed', 'Duobed', 'Colchón de resortes – Confortables, prácticos y funcionales.\r\nIdeal para solucionar el espacio reducido en las habitaciones de tus hijos o en la sala de huéspedes, la cama DuoBed es una excelente alternativa.\r\nCómoda y confortable. Su sistema de colchón carrito te permitirá aprovechar mejor los espacios del dormitorio, solucionar el buen descanso de los invitados y mantener el cuarto más ordenado.\r\nAdemás, los colchones de resortes bicónicos fueron tapizados con tela de jackard y acolchados con confortables mantas de espumas de poliuretano, para brindar un descanso mas placentero .\r\nCARACTERÍSTICAS\r\n\r\nBase de Resortes bicónicos de acero templado electronicamente.\r\nMarcos de espuma de poliuretano, firmes y resistentes.\r\nMantas superiores de espuma de poliuretano.\r\nColchones superior e inferior para no dar vuelta.\r\nTela de Jackard.\r\nBase auxiliar: 6 ruedas con freno.\r\nDoble manija para extracción de cama adicional carrito.\r\nBase madera tapizadas y matelaseada en su totalidad.\r\nGarantía: 2 años.', 4, 4, NULL, 161, 1, 1),
(162, 'Fit Memory', 'Fit Memory', 'Modelo Fit Memory', 1, 16, NULL, 162, 1, 1),
(163, 'Quilt', 'Quilt', '*  Sistema de resortes Bonnell  perfectamente entrelazados.\r\n\r\n*  Doble Marco Perimetral de acero  que permite el 100% de superficie  de descanso.\r\n\r\n*  Estabilizadores laterales SPG que  otorgan mayor vida útil al  colchón.\r\n\r\n*  Ergo Spand®: Cilindros de  polipropileno expandido de alta  densidad. Refuerzan la zona  lumbar y asegura mayor firmeza  estructural.\r\n\r\n*  Relleno de espuma de alta  densidad\r\n\r\n*  Tela Tejido de Punto\r\n\r\n*  One Face®: Novedosa tecnología  interna que permite no rotar el  colchón\r\n\r\n*  Altura: 27 cm.\r\n\r\n*  Garantia: 10 años', 5, 4, NULL, 163, 1, 1),
(164, 'NeoRelax', 'NeoRelax', 'Neorelax\r\nColchón de poliuretano flexible\r\nInyectado en matrices.\r\nEstructura interna de celdas cerradas.\r\nFabricado a base de materiales no tóxicos.\r\nEvita la acumulación de ácaros y polvillos del medio ambiente.\r\nTotalmente desarmble.\r\nCon aromaterapia.', 6, 16, NULL, 164, 1, 1),
(165, 'Cardigan Pillow Top', 'Cardigan Pillow Top', 'Tapa con Capitonee de lujo.\r\nSoporte de espuma de alta densidad.\r\nPatas de madera lustrada.\r\nDoble marco perimetral de acero.\r\nMarco adicional HARD BELT de espuma “HR” (high resistence). Sistema de resortes bicónicos.\r\nEstructura de resortes reforzada con espuma de alta densidad.', 5, 4, NULL, 165, 1, 1),
(166, 'Realeza Exclusive', 'Realeza Exclusive', 'Euro Top extra alto con combinación de espuma soft y HR que favorece la relajación del cuerpo. Patas de madera lustrada.\r\nSoporte adicional de espuma HR que mejora el confort.\r\nDoble marco perimetral de acero.\r\nMarco adicional HARD BELT de espuma “HR” (high resistence). Sistema de resortes bicónicos.\r\nEstructura de resortes reforzada con espuma de alta densidad.\r\nTejido de punto aromatizado.\r\nExclusivo capitonee Tack and Jump.', 4, 4, NULL, 166, 1, 1),
(167, 'Dynasty', 'Dynasty', 'Lado Invierno: posee una capa euro-top matelasseada con guata siliconada\r\nque brinda mullidez y máximo confort.\r\nLado Verano: posee una manta multiforma que permite la aireación entre el cuerpo y el colchón. Marco adicional HARD BELT de espuma “HR” (High resistence).\r\nEstabilizadores dobles en todos sus laterales.\r\nEstructura de resortes reforzada.', 5, 4, NULL, 167, 1, 1),
(168, 'Terra Jacquard', 'Terra Jacquard', 'Revestido en Sarga Matelasseada. Diseño exclusivo.\r\nCubierto de espuma de poliuretano de alta densidad.\r\nDoble marco perimetral de acero.\r\nEstabilizadores dobles en todos sus laterales.\r\nEstructura de resortes reforzada en su interior con espuma de poliuretano que otorga mayor firmeza.', 3, 4, NULL, 168, 1, 1),
(169, 'Shankar', 'Shankar', 'Colchón de resortes pocket\r\nMáxima tecnología aplicada al descanso.\r\nConfeccionado con sofisticadas telas que realzan su textura, \r\neste modelo es exclusivo para aquellos usuarios que aprecian los beneficios de un descanso saludable.\r\nPOCKET SPRINGS\r\nEstructura de Resortes Individuales encapsulados, que trabajan individualmente adaptándose a la anatomía del cuerpo.\r\nBOTH SIDE PILLOW\r\nDoble acolchado superior e inferior de espuma High Resilience, que amortigua los puntos de presión corporal.\r\nLONG-TERM FIRMNESS\r\nSistema de estabilizadores perimetrales que ofrecen firmeza, rigidez y estabilidad\r\nevitando deformaciones y maximizando la utilización del colchón en toda su superficie.\r\nTEJIDO DE PUNTO ULTRA SOFT\r\nDelicada tela con tratamiento anti ácaros cuya flexibilidad garantiza un descanso acogedor y a temperatura ideal.\r\nEXTRA SUPPORT\r\nExclusiva tela antideslizante cuya firmeza y resistencia le otorga estabilidad a la estructura general del colchón.\r\nDOUBLE SIDE SYSTEM\r\nSistema de maximización de la vida útil del colchón que implica dar vuelta el mismo periódicamente,\r\n equilibrando la amortiguación en ambas caras de los puntos de mayor presión corporal.\r\n*garantia 12 años', 5, 3, NULL, 169, 1, 1),
(170, 'Sensorial', 'Sensorial', 'Almohada Sensorial\r\nEspuma viscoelastica\r\nDensidad 60 kg/M3\r\nFunda algodón 100 % con cierre desmontable\r\nHipoalergenica\r\nThermosensible\r\nPack de PVC con cierre\r\nSoporte Medio', 1, 14, NULL, 170, 1, 1),
(171, 'Sublime Nucleo', 'Sublime Nucleo', 'Almohada Sublime\r\nNúcleo central de espuma Hipersoft Premium de Alta Densidad y una abundante manta de fibra Poliéster hueca, siliconada, cardada y peinada que brindan suavidad y placer.', 4, 23, NULL, 171, 1, 1),
(172, 'Multispace', 'Multispace', 'Divan Multispace\r\nExclusivo modelo que se adapta a las diferentes necesidades del hogar. Permite contar con 2 camas en el espacio de una y al mismo tiempo realza la decoracion.', 3, 8, NULL, 172, 1, 1),
(173, 'Pillow Top Fit Memory', 'Pillow Top Fit Memory', 'Pillow Top Fit Memory\r\nrealizado en espuma viscoelastica de 1ra. Calidad', 1, 14, NULL, 176, 1, 1),
(174, 'Space', 'Space', 'Divan Space\r\nSu exclusiva tecnología de resortes Everflex realizados en acero templado y entrelazados verticalmente, aísla los movimientos evitando su expansión.\r\n \r\nEl Eurotop®, tapa ergonómica rellena de suaves fibras siliconadas, brinda una superficie mullida y envolvente.\r\n \r\nEl sistema de múltiples mantas aislantes, internas y de confort, que cubre la estructura de resortes, garantiza su durabilidad y confianza.\r\n \r\nGracias a su arquitectura OneSide, no requiere rotación periódica del colchón superior.\r\n \r\nConfeccionado con una selección de las más sofisticadas telas Jackard, despierta una agradable sensación de suavidad natural y frescura, en el descanso diario.\r\n \r\nSu práctica cama carrito con colchón inferior de espuma matelaseada en tela Jackard, suma una comodidad ideal para habitaciones infantiles o de huéspedes.', 5, 4, NULL, 174, 1, 1),
(175, 'Sommier Dorado', 'Dorado', 'Colchón de espuma de alta densidad. \r\nLÍNEA 2017. Colchón para no dar vueltas.\r\nFirmeza suprema. Un colchón especialmente diseñado para el cuidado de la espalda, máxima firmeza y soporte. Ideal para mantener una postura saludable durante el descanso.\r\nCARACTERÍSTICAS\r\n\r\nDiseñado para no dar vuelta.\r\nAlta densidad 33kg/m3.\r\nExtra firmeza y soporte.\r\nTapizado en tela de jackard de excelente calidad.\r\nMatelasseado en su totalidad.\r\nAdemás, se combina con el sommier Belmo, cuyo sistema europeo permite obtener un soporte firme y duradero.\r\n5 años de garantía*\r\n*La garantía es decreciente según la siguiente escala: 1er año, 100% del valor de la placa; 2do año, 80%; transcurso del 3er año, 60%; 4to año, 40% y antes de cumplido el 5to año, 20% del valor de la placa de espuma', 5, 22, NULL, 3, 1, 1),
(176, 'Sommier Dorado Pillow Top', 'Dorado Pillow Top', 'Colchón de espuma de alta densidad. La más confortable sensación de firmeza para obtener el soporte necesario para el cuidado de la espalda durante el descanso.\r\nCARACTERÍSTICAS\r\n\r\nAlta densidad 33kg/m3.\r\nFirme y Confortable.\r\nDiseñado para no dar vuelta.\r\nCon Euro Pillow. Una manta adicional extra confortable.\r\nTapizado en tela de jackard de excelente calidad.\r\nMatelasseado en su totalidad.\r\nAdemás, se combina con el sommier Belmo, cuyo sistema europeo permite obtener un soporte firme y duradero.\r\n5 años de garantía*\r\n*La garantía es decreciente según la siguiente escala: 1er año, 100% del valor de la placa; 2do año, 80%; transcurso del 3er año, 60%; 4to año, 40% y antes de cumplido el 5to año, 20% del valor de la placa de espuma.', 5, 22, NULL, 4, 1, 1),
(177, 'Sommier Feeling', 'Feeling', 'Colchón de resortes – soporte y confort.\r\nResortes bicónicos tejidos entre sí por un espiral de acero, una estructura confortable y duradera que sostiene perfectamente el peso del cuerpo.\r\nAcolchados y rellenos de muy buena calidad, que otorgan una sensación de confort y amortiguación sin prescindir de la firmeza que deben otorgar estos importantes componentes.\r\nMarco perimetral de espuma de poliuretano ultra resistente y firme. Actúa como pared lateral estable que contiene la estructura interior de resortes.\r\nColchón y sommier tapizados en tela de jackcard con un diseño moderno de la mejor calidad nacional.\r\nCARACTERÍSTICAS\r\n\r\nResortes bicónicos tejidos entre sí por un espiral de acero.\r\nAcolchados y rellenos de muy buena calidad.\r\nMarco perimetral de espuma de poliuretano ultra resistente y firme.\r\nColchón tapizado en tela de jackcard.\r\nMatelaseado en su totalidad.\r\nEl sommier se presenta con la misma tela que el colchón y posee además una tela antideslizante en la superficie superior para evitar el movimiento del colchón.\r\nGarantía: 1 año', 3, 4, NULL, 5, 1, 1),
(178, 'Sommier Belspring', 'Belspring', 'Colchón de resortes – Sistema Europeo, soporte y durabilidad.\r\nCorazón de resortes bicónicos templados electrónicamente, tejidos entre sí por un espiral de acero. Una estructura interna que no sufre deformaciones con el uso normal del colchón.\r\nMarco perimetral de espuma extra firme, que brinda la más confortable sensación de confort de acuerdo al sistema europeo.\r\nEstabilizadores verticales, brindan estabilidad y firmeza al perímetro del colchón aumentando la durabilidad del colchón.\r\nDiseñado para no ser dado vuelta, firmeza en la base y confort extra en la superficie. Evita el mantenimiento del producto por rotación.\r\nAcolchados y rellenos de la mejor calidad, combinados en las proporciones adecuadas de firmeza y suavidad, permiten disfrutar un alto índice de firmeza y una excelente sensación de confort y amortiguación.\r\nEl juego de colchón y sommier Belspring, diseñado como una unidad, está matelaseado con la tela jackard de excelente calidad.\r\nCARACTERÍSTICAS\r\n\r\nBase de resortes bicónicos templados electrónicamente.\r\nMarco perimetral de espuma extra firme.\r\nPerímetro reforzado con estabilizadores verticales.\r\nDiseñado para no ser dado vuelta.\r\nAcolchados y rellenos de la mejor calidad.\r\nEl juego de colchón y sommier Belspring está matelaseado con la tela jackard de excelente calidad.\r\nGarantía: Colchón 1 año. Juego de colchón y sommier 2 años.', 3, 4, NULL, 6, 1, 1),
(179, 'Sommier Belspring Pillow Top', 'Belspring Pillow Top', 'Colchón de resortes – Confort, soporte y durabilidad\r\nCorazón de resortes bicónicos templados electrónicamente, tejidos entre sí por un espiral de acero. Una estructura interna que no sufre deformaciones con el uso normal del colchón.\r\nMarco perimetral de espuma extra firme que brinda la más confortable sensación de confort de acuerdo al sistema europeo.\r\nEstabilizadores verticales, brindan estabilidad y firmeza al perímetro del colchón aumentando la durabilidad del colchón.\r\nDiseñado para no ser dado vuelta, firmeza en la base y confort extra en la superficie. Evita el mantenimiento del producto por rotación.\r\nAcolchados y rellenos de la mejor calidad, combinados en las proporciones adecuadas de firmeza y suavidad, permiten disfrutar un alto índice de firmeza y una excelente sensación de confort y amortiguación.\r\nCon Euro Pillow, una manta extra confortable, que además jerarquiza la belleza exterior del producto.\r\nEl juego de colchón y sommier Belspring, diseñado como una unidad, está matelaseado con la tela jackard de excelente calidad.\r\nCARACTERÍSTICAS\r\n\r\nCorazón de resortes bicónicos templados electrónicamente.\r\nMarco perimetral de espuma extra firme.\r\nPerímetro reforzado con estabilizadores verticales.\r\nDiseñado para no ser dado vuelta.\r\nCon Euro Pillow.\r\nAcolchados y rellenos de la mejor calidad.\r\nTapizado en tela de jackcard.\r\nEl juego de colchón y sommier Belspring está matelaseado con la tela jackard de excelente calidad.\r\nGarantía: Colchón 1 año. Juego de colchón y sommier 2 años.', 4, 4, NULL, 7, 1, 1),
(180, 'Sommier Belmo Lujo', 'Belmo Lujo', 'Colchón de resortes – Lujo, soporte y durabilidad\r\nBase de resortes bicónicos templados electrónicamente, tejidos entre sí por un espiral de acero. Una estructura interna que no sufre deformaciones con el uso normal del colchón.\r\nDoble marco perimetral de acero, que permite disfrutar del 100% de la superficie de descanso aumentando la estabilidad y durabilidad del colchón.\r\nEstabilizadores esquineros, brindan mayor estabilidad y firmeza en las esquinas del colchón aumentando la durabilidad del colchón.\r\nDiseñado para no ser dado vuelta, firmeza en la base y confort extra en la superficie. Evita el mantenimiento del producto por rotación.\r\nAcolchados y rellenos de la mejor calidad de espuma viscolástica, combinados en las proporciones adecuadas de firmeza y suavidad, permiten disfrutar un alto índice de firmeza y una excelente sensación de confort.\r\nCon Europillow, una manta de confort interna que aumenta la suavidad y el confort al primer contacto con el cuerpo.\r\nEl juego de colchón y sommier Belspring Lujo, diseñado como una unidad, está matelaseado con tela piqué de excelente calidad.\r\nCARACTERÍSTICAS\r\n\r\nEstructura de resortes bicónicos, con doble marco perimetral de acero.\r\nEstabilizadores esquineros.\r\nAcolchados interiores de espuma soft.\r\nMayor altura y confort.\r\nTapizado en Piqué y matelaseado en su totalidad.\r\nCon Europillow interior.\r\nSistema diseñado para no dar vuelta el.\r\nTapa en tela de pique de algodón tapizado en su totalidad en composé con laterales de jackcard.\r\nGarantía: Colchón 1 año. Juego de colchón y sommier 2 años', 4, 4, NULL, 8, 1, 1),
(181, 'Sommier Belmo Pocket', 'Belmo Pocket', 'Colchón de resortes enfundados individualemente. Máximo confort.\r\n¿Pensaste en recostarte en un colchón Belmo y dormirte instantáneamente?\r\nLa tecnología Belmo® Pocket® permite calibrar de manera instantánea el peso y la posición de las dos personas que se acuestan en este nuevo colchón. Cada una de ellas sentirá la comodidad que solo un Belmo® Pocket® puede brindar porque los resortes encapsulados se adaptan y mantienen el cuerpo en la posición ideal de descanso, sin contracturas ni puntos de presión, eliminando las molestias debido a los movimientos de tu pareja.\r\nCARACTERÍSTICAS\r\n\r\nEstructura de resortes pocket encapsulados en forma independiente.\r\nMantas interiores de confort extra soft.\r\nMarco de espuma perimetral firme y durable.\r\nMayor altura, confort y adaptación al contorno del cuerpo.\r\nTela de Piqué, matelaseado en su totalidad.\r\nTapizado en composé: jackard en los laterales y tejido de punto en la tapa con terminaciones de color.\r\nCon Europillow.\r\nSistema Non Turn, para solo girar el colchón.\r\nGarantía: Colchón 1 año. Juego de colchón y sommier 2 años.', 4, 3, NULL, 9, 1, 1),
(182, 'Sommier Princess', 'Princess', 'Excelente colchón que representa la mejor ecuación entre durabilidad y confort.\r\nColchón\r\n. Placa entera de espuma de Poliuretano flexible de alta densidad.\r\nTapizado\r\n. Tela de algodón con exclusivo diseño acolchado con matelasse total multicapa.\r\nEspesor: 20 y opcional 23 cm.\r\nDensidad: 24 kg. / m3', 4, 8, NULL, 10, 1, 1),
(183, 'Sommier Exclusive', 'Exclusive', 'Colchón\r\n. Placa de espuma de Poliuretano flexible de alta densidad que se adapta al peso del cuerpo otorgando máximo confort y durabilidad.\r\n. Indicado para prevenir el desarrollo de problemas de columna y contracturas musculares.\r\nTapizado\r\n. Finísimo Jackard Belga con tratamiento ignífugo y proceso antiácaros.\r\nTotalmente Matelaseados Sommier\r\n. Base de madera estacionada cubierta con espuma de alta densidad, tapizados en tela Jackard, totalmente matelaseados con 7 patas de madera torneada y laqueada.\r\nEspesor: 25 cm.\r\nDensidad: 30 kg. / m3', 5, 10, NULL, 12, 1, 1),
(184, 'Sommier Exclusive Pillow Top', 'Exclusive Pillow Top', 'Colchón con Doble Pillow Top\r\n. Placa de espuma de Poliuretano flexible de alta densidad que se adapta al peso del cuerpo otorgando máximo confort y durabilidad.\r\n. Indicado para prevenir el desarrollo de problemas de columna y contracturas musculares.\r\nTapizado\r\n. Finísimo Jackard Belga con tratamiento ignífugo y proceso antiácaros.\r\nTotalmente Matelaseados Sommier\r\n. Base de madera estacionada cubierta con espuma de alta densidad, tapizados en tela Jackard, totalmente matelaseados con 7 patas de madera torneada y laqueada.\r\nEspesor  29 cm.\r\nDensidad: 30 kg. / m3', 5, 10, NULL, 13, 1, 1),
(185, 'Sommier Renovation', 'Renovation', 'Usted merece lo mejor, por eso este modelo es una alternativa de avanzada, que ayuda a mejorar la calidad de vida, permitiendo el descanso de columna en una posición correcta, convirtiéndolo en la opción ideal para personas con problemas de columna o dolores lumbares.\r\nColchón\r\nAlta densidad 35 kg/m3 26 cm de alto\r\nMayor durabilidad con inigualable confort y firmeza Tapizado en Jackard de diseño exclusivo con tratamiento ignífugo y proceso antiácaros Totalmente matelaseado.\r\nSommier\r\nRígido sistema Europeo Tapizado en Jackard Totalmente matelaseado 7 patas de madera torneada y laqueada', 6, 11, NULL, 14, 1, 1),
(186, 'Sommier Soñar', 'Soñar', 'Resortes\r\nExclusivo sistema reforzado, realizado en acero templado con doble marco perimetral, estabilizadores longitudinales y transversales.\r\nTapizado\r\n. Tela Algodón Polyester de diseño exclusivo totalmente Matelaseado\r\nSommier\r\n. Base de madera estacionada cubierta con espuma de alta densidad . Tapizados en tela de Algodón Polyester, totalmente matelaseados. . 7 patas de madera torneada y laqueada\r\n\r\nAltura total del conjunto: 50 cm.', 3, 4, NULL, 15, 1, 1),
(187, 'Sommier Platino', 'Platino', 'Resortes\r\n. Exclusivo sistema reforzado, realizado en acero templado con doble marco perimetral, estabilizadores longitudinales y transversales.\r\nTapizado\r\n. Tela Algodón Polyester de diseño exclusivo totalmente Matelaseado\r\nSommier\r\n. Base de madera estacionada cubierta con espuma de alta densidad\r\n. Tapizados en tela de Algodón Polyester, totalmente matelaseados.\r\n. 7 patas de madera torneada y laqueada\r\nAltura total del conjunto: 54 cm.', 3, 4, NULL, 16, 1, 1),
(188, 'Sommier Doral', 'Doral', 'Resortes\r\nExclusivo sistema reforzado, realizado en acero templado con doble marco perimetral, estabilizadores longitudinales y transversales.\r\nTapizado\r\nFinísimo Jackard Belga con tratamiento ignífugo y proceso antiácaros, totalmente matelaseado\r\nSommier\r\nBase de madera estacionada cubierta con espuma de alta densidad.\r\n. Tapizados en tela jackard totalmente matelaseados.\r\n. 7 patas de madera torneada y laqueadaAltura colchon con pillow 27 cm, Altura conjunto 54 cm.', 3, 4, NULL, 17, 1, 1),
(189, 'Sommier Doral Pillow Top', 'Doral Pillow Top', 'Resortes\r\nExclusivo sistema reforzado, realizado en acero templado con doble marco perimetral, estabilizadores longitudinales y transversales.\r\nTapizado\r\nFinísimo Jackard Belga con tratamiento ignífugo y proceso antiácaros, totalmente matelaseado\r\nSommier\r\nBase de madera estacionada cubierta con espuma de alta densidad.\r\n. Tapizados en tela jackard totalmente matelaseados.\r\n. 7 patas de madera torneada y laqueadaAltura colchon con pillow 33 cm, Altura conjunto 60 cm.', 4, 4, NULL, 18, 1, 1),
(190, 'Sommier Sublime', 'Sublime', 'Este colchón parte de los materiales tecnolgicamente más avanzados que ofrece una excelente calidad. Su adaptabilidad total al cuerpo y su firmeza independiente lo convierten en un soporte óptimo para descansar. Su tapicería de lujo aumenta el grado de confort y aporta una agradable sensación de suavidad y frescura. Bienestar protegiendo su salud Resortes\r\nSystem pocket, resortes enfundados individualmente\r\nColchón\r\n. Sistema pillow top de doble acolchado\r\n. Piquet Europeo totalmente matelaseado\r\n. 8 aireadores de diseño exclusivo que\r\npermiten una excelente oxigenación.\r\nSommier\r\n. Madera seleccionada\r\n. Totalmente matelaseado\r\n. Igual tela y diseño que el colchón\r\n. 7 patas de madera torneada y laqueada.\r\nAltura colchón sin Pillow Top: 29 cm.\r\nAltura conjunto sin Pillow Top: 56 cm.', 4, 3, NULL, 19, 1, 1),
(191, 'Sommier Sublime Pillow Top', 'Sublime Pillow Top', 'Este colchón parte de los materiales tecnolgicamente más avanzados que ofrece una excelente calidad. Su adaptabilidad total al cuerpo y su firmeza independiente lo convierten en un soporte óptimo para descansar. Su tapicería de lujo aumenta el grado de confort y aporta una agradable sensación de suavidad y frescura. Bienestar protegiendo su salud Resortes\r\nSystem pocket, resortes enfundados individualmente\r\nColchón\r\n. Sistema pillow top de doble acolchado\r\n. Piquet Europeo totalmente matelaseado\r\n. 8 aireadores de diseño exclusivo que\r\npermiten una excelente oxigenación.\r\nSommier\r\n. Madera seleccionada\r\n. Totalmente matelaseado\r\n. Igual tela y diseño que el colchón\r\n. 7 patas de madera torneada y laqueada.\r\nAltura colchón con Pillow Top: 33 cm.\r\nAltura conjunto con Pillow Top: 60 cm.', 4, 3, NULL, 20, 1, 1),
(192, 'Sommier Red', 'Red', 'Colchón de Resortes \r\nCARACTERÍSTICAS\r\nCorazón de resortes bicónicos templados electrónicamente.\r\nMarco perimetral de acero con estabilizadores Fixing.\r\nDiseñado para no ser dado vuelta.\r\nCon Pillow Top.\r\nAcolchados y rellenos de la mejor calidad.\r\nEl juego de colchón y sommier Red está matelaseado con la tela jackard de excelente calidad.\r\n*garantia 4 años', 3, 4, NULL, 21, 1, 1),
(193, 'Sommier Bordeaux', 'Bordeaux', 'Colchón de Resortes \r\nCARACTERÍSTICAS\r\nCorazón de resortes bicónicos templados electrónicamente.\r\nMarco perimetral de acero con estabilizadores Fixing.\r\nDiseñado para no ser dado vuelta.\r\nCon DOBLE EUROPILLOW.\r\nAcolchados y rellenos de la mejor calidad.\r\nEl juego de colchón y sommier Red está matelaseado con la tela jackard de excelente calidad.\r\n*garantia 4 años', 3, 4, NULL, 22, 1, 1),
(194, 'Sommier Bordeaux Night', 'Bordeaux Night', 'Colchón de Resortes  \r\nCARACTERÍSTICAS\r\nCorazón de resortes bicónicos templados electrónicamente.\r\nMarco perimetral de acero con estabilizadores Fixing.\r\nDiseñado para no ser dado vuelta.\r\nCon DOBLE Pillow Top Plus.\r\nTela Chenille.\r\nAcolchados y rellenos de la mejor calidad.\r\nEl juego de colchón y sommier Red está matelaseado con la tela chenille de excelente calidad.\r\n*garantia 4 años', 4, 4, NULL, 23, 1, 1),
(195, 'Sommier Gold Spring', 'Gold Spring', 'Colchón de Resortes \r\nCARACTERÍSTICAS\r\nCon tecnología Posture Axis de refuerzo lumbar\r\nCorazón de resortes bicónicos templados electrónicamente.\r\nMarco perimetral de acero con estabilizadores Fixing.\r\nDiseñado para no ser dado vuelta.\r\nCon DOBLE Pillow Top Plus.\r\nTela Jackard.\r\nAcolchados y rellenos de la mejor calidad.\r\nEl juego de colchón y sommier Red está matelaseado con la tela jackard de excelente calidad.\r\n*garantia 5 años', 4, 4, NULL, 24, 1, 1),
(196, 'Sommier Excelsius', 'Excelsius', 'Colchón de Resortes \r\nCARACTERÍSTICAS\r\nCon tecnología Posture Axis de refuerzo lumbar\r\nCorazón de resortes bicónicos templados electrónicamente.\r\nMarco perimetral de acero con estabilizadores Fixing.\r\nDiseñado para no ser dado vuelta.\r\nCon Hiperpillow.\r\nTela Piqué.\r\nAireadores.\r\nAcolchados y rellenos de la mejor calidad.\r\nEl juego de colchón y sommier Red está matelaseado con la tela jackard de excelente calidad.\r\n*garantia 5 años', 5, 4, NULL, 25, 1, 1),
(197, 'Sommier Angelus', 'Angelus', 'Colchón de espuma de alta densidad. \r\nCARACTERÍSTICAS\r\n\r\nAlta densidad 30kg/m3.\r\nFirme y Confortable.\r\nDiseñado para no dar vuelta.\r\nCon HiperPillow.\r\nTapizado en tela de piqué de excelente calidad.\r\nMatelasseado en su totalidad.\r\nAireadores.\r\n5 años de garantía*', 5, 10, NULL, 26, 1, 1),
(199, 'Sommier Capricious', 'Capricious', 'Colchón de resortes bicónicos\r\nMáxima tecnología aplicada al descanso.\r\nConfeccionado con sofisticadas telas que realzan su textura, \r\neste modelo es exclusivo para aquellos usuarios que aprecian los beneficios de un descanso saludable.\r\nHIGH PILLOW\r\nCapa de apoyo superior de espuma High Ressistance, mullida donde lo desee y firme donde lo necesita.\r\nLONG-TERM FIRMNESS\r\nSistema de estabilizadores perimetrales que ofrecen firmeza, rigidez y estabilidad\r\nevitando deformaciones y maximizando la utilización del colchón en toda su superficie.\r\nTEJIDO DE PUNTO ULTRA FRESH\r\nExclusiva tela cuya suavidad, frescura y elasticidad se combinan para maximizar un descanso confortable y a temperatura ideal.\r\nEXTRA SUPPORT\r\nExclusiva tela antideslizante cuya firmeza y resistencia le otorga estabilidad a la estructura general del colchón.\r\n*garantia 12 años', 4, 4, NULL, 28, 1, 1),
(200, 'Sommier Empathy', 'Empathy', 'Colchón Mix de espumas HD y Visco\r\nPersonalizando tu descanso\r\n\r\nEmpathy es el resultado de la perfecta combinación entre firmeza y adaptabilidad.\r\nNúcleo de Espuma Polimérica Comfort High Density (33Kg/m3) cuyas propiedades internas\r\nproporcionan estabilidad y firmeza para un descanso verdaderamente reparador.\r\nLas mantas de espuma viscoelástica termosensibles reconocen la presión individual, \r\nadaptándose al contorno exacto del cuerpo y favoreciendo las diferentes posturas generadas al dormir.\r\nDOUBLE SIDE SYSTEM\r\nSistema de maximización de la vida útil del colchón que implica dar vuelta el mismo periódicamente, \r\nequilibrando la amortiguación en ambas caras de los puntos de mayor presión corporal.', 5, 11, NULL, 29, 1, 1),
(201, 'Sommier Art', 'Art', 'Colchón de resortes enfundados individualemente. Máximo confort.\r\nLa tecnología Pocket permite calibrar de manera instantánea el peso y la posición de las dos personas que se acuestan en este nuevo colchón. Cada una de ellas sentirá la comodidad que solo un Belmo® Pocket® puede brindar porque los resortes encapsulados se adaptan y mantienen el cuerpo en la posición ideal de descanso, sin contracturas ni puntos de presión, eliminando las molestias debido a los movimientos de tu pareja.\r\nCARACTERÍSTICAS\r\n\r\nEstructura de resortes pocket encapsulados en forma independiente.\r\nMarco de acero con estabilizadores Fixing.\r\nTela de Tejido de Punto.\r\nTapizado en composé: jackard en los laterales y tejido de punto en la tapa con terminaciones de color.\r\nCon Europillow.\r\nSistema Non Turn, para solo girar el colchón.\r\n– Acolchados interiores de espuma de alta densidad.\r\n– Sistema NT, para solo girar tu colchón.\r\n– Aireadores.', 5, 3, NULL, 30, 1, 1),
(202, 'Sommier D Oro 21 cm', 'D Oro 21 cm', 'Colchón de espuma\r\nColchón enteramente fabricado de espuma de poliuretano de alta densidad.\r\n \r\nEl espumado se realiza en un solo bloque de 30kg/m3 de densidad, lo que indica una resistencia superior a cualquier otro colchón, sin ningún tipo de flexión.\r\n \r\nEste colchón es de características terapéuticas ya que corrige las malas posturas adquiridas durante nuestras actividades cotidianas. \r\n \r\nCuenta con el exclusivo sistema La Cardeuse Air Stream, que provee una estructura de micro células abiertas que facilitan la circulación del aire.\r\n \r\nTecnología Flip For Better, que proporciona al colchón las mismas propiedades de ambos lados. Para facilitar la rotación del producto, éste cuenta con el sistema Easy Handle de 4 manijas laterales.\r\n \r\nSe completa con una cubierta matelaseada que dará sensación suave en el primer contacto sin dejar de lado su función correctiva.', 5, 10, NULL, 35, 1, 1),
(203, 'Sommier D Oro 25 cm', 'D Oro 25 cm', 'Colchón de espuma\r\nColchón enteramente fabricado de espuma de poliuretano de alta densidad.\r\n \r\nEl espumado se realiza en un solo bloque de 30kg/m3 de densidad, lo que indica una resistencia superior a cualquier otro colchón, sin ningún tipo de flexión.\r\n \r\nEste colchón es de características terapéuticas ya que corrige las malas posturas adquiridas durante nuestras actividades cotidianas. \r\n \r\nCuenta con el exclusivo sistema La Cardeuse Air Stream, que provee una estructura de micro células abiertas que facilitan la circulación del aire.\r\n \r\nTecnología Flip For Better, que proporciona al colchón las mismas propiedades de ambos lados. Para facilitar la rotación del producto, éste cuenta con el sistema Easy Handle de 4 manijas laterales.\r\n \r\nSe completa con una cubierta matelaseada que dará sensación suave en el primer contacto sin dejar de lado su función correctiva.', 5, 10, NULL, 36, 1, 1),
(204, 'Sommier Platine', 'Platine', 'Colchón de espuma\r\nColchón enteramente fabricado de espuma de poliuretano de alta densidad.\r\n \r\nEl espumado se realiza en un solo bloque de 30kg/m3 de densidad, lo que indica una resistencia superior a cualquier otro colchón, sin ningún tipo de flexión.\r\n \r\nEste colchón es de características terapéuticas ya que corrige las malas posturas adquiridas durante nuestras actividades cotidianas. \r\n \r\nCuenta con el exclusivo sistema La Cardeuse Air Stream, que provee una estructura de micro células abiertas que facilitan la circulación del aire.\r\n \r\nTecnología Flip For Better, que proporciona al colchón las mismas propiedades de ambos lados. Para facilitar la rotación del producto, éste cuenta con el sistema Easy Handle de 4 manijas laterales.\r\n \r\nSe completa con una cubierta matelaseada que dará sensación suave en el primer contacto sin dejar de lado su función correctiva.', 6, 10, NULL, 37, 1, 1),
(205, 'Sommier Primor de Luxe', 'Primor de Luxe', 'Es el primero modelo de resorte que diseñamos y fabricamos y sigue siendo uno de los más vendidos.\r\n \r\nEl modelo Primor de Luxe le brindara un descanso suave y relajante gracias a sus resortes helicoidales que, mediante el exclusivo sistema La Cardeuse Solidary Link, están unidos de manera tal que trabajan en conjunto y permiten que el cuerpo se distienda en todo el plano del colchón.\r\n \r\nTecnología Flip For Better, que proporciona al colchón las mismas propiedades de ambos lados. Para facilitar la rotación del producto, éste cuenta con el sistema Easy Handle de 4 manijas laterales.\r\n \r\nCuenta con una combinación de capas de espuma de última generación y está totalmente tapizado y matelaseado con Jackard, con protección contra el polvo ambiental y los malos olores.', 3, 4, NULL, 38, 1, 1),
(206, 'Sommier Privelle', 'Privelle', 'Es una de los modelos más elegidos en colchón de resortes.\r\n \r\nEl modelo Privelle brindara una posición perfecta de descanso gracias a sus resortes helicoidales que trabajan en conjunto con el exclusivo sistema La Cardeuse Solidary Link y permiten que el cuerpo se distienda en todo el plano del colchón.\r\n \r\nCuenta con Gradual Feeling Anti Stress, una novedosa disposición y matelaseado de la zona de confort que presenta una sensación mullida al primer contacto para luego encontrar el soporte necesario para una comodidad superior.\r\n \r\nTecnología Flip For Better, que proporciona al colchón las mismas propiedades de ambos lados. Para facilitar la rotación del producto, éste cuenta con el sistema Easy Handle de 4 manijas laterales.\r\n \r\nCuenta con una combinación de capas de espuma de última generación y está totalmente tapizado y matelaseado con Jackard, con protección contra el polvo ambiental y los malos olores.', 3, 4, NULL, 39, 1, 1),
(207, 'Sommier BonellTop', 'BonellTop', 'Es una de las gamas más altas de colchones, por esto es también uno de los más elegidos por las grandes cadenas hoteleras.\r\n \r\nEl modelo Bonelltop le brindara una posición perfecta de descanso sin interrupciones gracias a sus resortes de máxima flexibilidad. Cuenta con el exclusivo sistema La Cardeuse Solidary Link, que permite que los resortes trabajen en conjunto para lograr un soporte suave y relajante\r\n \r\nCuenta con Gradual Feeling Anti Stress, una novedosa disposición y matelaseado de la zona de confort que presenta una sensación mullida al primer contacto para luego encontrar el soporte necesario para una comodidad superior.\r\n \r\n Tecnología Flip For Better, que proporciona al colchón las mismas propiedades de ambos lados. Para facilitar la rotación del producto, éste cuenta       con el sistema Easy Handle de 4 manijas laterales.\r\n \r\n En el exterior está totalmente tapizado y matelaseado con Jackard, y cuenta con Doble Pillow Top que es un acolchado', 3, 4, NULL, 40, 1, 1),
(208, 'Sommier Nouvelle', 'Nouvelle', 'El modelo Nouvelle le brindara un descanso ininterrumpido gracias a sus resortes con sistema La Cardeuse Body Surround, el cual permite que el colchón se adapte al contorno del cuerpo, absorbiendo al máximo la transferencia de movimientos.\r\n \r\nLas cubiertas internas están diseñadas y desarrolladas específicamente para dar una mejor sensación de firmeza y relajación, cuidando la postura del cuerpo.\r\n \r\nTecnología Flip For Better, que proporciona al colchón las mismas propiedades de ambos lados. Para facilitar la rotación del producto, éste cuenta con el sistema Easy Handle de 4 manijas laterales.\r\n \r\nPor el lado externo la terminación se realiza de ambas caras del colchón con un matelase suave y compacto el cual dará una sensación única al acostarse.', 4, 3, NULL, 41, 1, 1),
(209, 'Sommier DoFuan', 'DoFuan', 'El modelo Dofuan le brindara una posición perfecta de descanso sin interrupciones gracias a sus resortes envueltos de forma individual. Cuenta con el sistema La Cardeuse Body Surround, el cual permite que el colchón se adapte al contorno del cuerpo, absorbiendo al máximo la transferencia de movimientos.\r\nLas cubiertas internas están diseñadas y desarrolladas específicamente para dar una mejor sensación de firmeza y relajación, cuidando la postura del cuerpo.\r\nTecnología Flip For Better, que proporciona al colchón las mismas propiedades de ambos lados. Para facilitar la rotación del producto, éste cuenta con el sistema Easy Handle de 4 manijas laterales.\r\nCuenta con Gradual Feeling Anti Stress, una novedosa disposición y matelaseado de la zona de confort que presenta una sensación mullida al primer contacto para luego encontrar el soporte y firmeza necesarios para una comodidad superior.\r\nPor el lado externo la terminación se realiza de ambas caras del colchón con un matelase de gran espesor, el cual dará una sensación única al acostarse ya que logra combinar a la perfección la suavidad y la firmeza.', 4, 3, NULL, 42, 1, 1),
(210, 'Sommier TopFuan', 'TopFuan', 'Es una de las gamas más altas en colchón de resortes, por esto es también uno de los más elegidos por las grandes cadenas hoteleras.\r\n\r\nEl modelo Topfuan le brindara una posición perfecta de descanso sin interrupciones gracias a sus resortes envueltos de forma individual. Cuenta con el sistema La Cardeuse Body Surround, el cual permite que el colchón se adapte al contorno del cuerpo, absorbiendo al máximo la transferencia de movimientos.\r\n\r\nLas cubiertas internas están diseñadas y desarrolladas específicamente para dar una mejor sensación de firmeza y relajación cuidando la postura del cuerpo\r\n\r\nTecnología Flip For Better, que proporciona al colchón las mismas propiedades de ambos lados. Para facilitar la rotación del producto, éste cuenta con el sistema Easy Handle de 4 manijas laterales.\r\n\r\nCuenta con Gradual Feeling Anti Stress, una novedosa disposición y matelaseado de la zona de confort que presenta una sensación mullida al primer contacto para luego encontrar el soporte y firmeza necesarios para una comodidad superior.\r\n\r\nPor el lado externo la terminación se realiza de ambas caras del colchón con un matelase de gran espesor y el sistema Doble Pillow Top, un acolchado flotante adicional que maximiza el efecto “Gradual Feeling Anti Stress”.', 5, 3, NULL, 43, 1, 1);
INSERT INTO `modelos` (`id`, `nombre`, `des_corta`, `descripcion`, `postura_id`, `tecnologia_id`, `garantia_id`, `item_id`, `orden`, `activo`) VALUES
(211, 'Sommier LC 500', 'LC 500', 'Este colchón es la gama más alta y completa en resortes helicoidales, está fabricado y garantizado por la calidad de La Cardeuse.\r\nHasta 500 resortes de acero templado de máxima elasticidad le otorgaran una amortiguación perfecta, logrando un placentero descanso. Estos resortes trabajan en conjunto gracias al exclusivo sistema La Cardeuse Solidary Link. Al estar unidos, se llega a una comodidad mayor, permitiendo que el cuerpo se distienda en todo el plano del colchón.\r\nSu complemento ideal es el nuevo sistema de acolchado flotante Doble Pillow Top especial para Sleep Art, que se encuentra de ambos lados del colchón y cuenta con una novedosa combinación de capas extra de espuma que lo diferencian de cualquier otro colchón.\r\nTecnología Flip For Better, que proporciona al colchón las mismas propiedades de ambos lados. Para facilitar la rotación del producto, éste cuenta con el sistema Easy Handle de 4 manijas laterales.\r\nTodo está tapizado y matelaseado con tela Jackard de algodón con procesos de última generación que protegen el colchón contra el polvo ambiental y los malos olores.', 3, 4, NULL, 44, 1, 1),
(212, 'Sommier LC 1000', 'LC 1000', 'Este colchón es la gama más alta y más completa en resortes individuales.\r\n \r\nHasta 1000 resortes de acero templado de máxima elasticidad envueltos de forma individual le otorgaran una amortiguación perfecta, logrando un placentero descanso sin interrupciones. Cuenta con el sistema La Cardeuse Body Surround, el cual permite que el colchón se adapte al contorno del cuerpo, absorbiendo al máximo la transferencia de movimientos.\r\n \r\nSu complemento ideal es el nuevo sistema de acolchado flotante Doble Pillow Top especial para Sleep Art, que se encuentra de ambos lados del colchón y cuenta con una novedosa combinación de capas extra de espuma que lo diferencian de cualquier otro colchón.\r\n \r\nTecnología Flip For Better, que proporciona al colchón las mismas propiedades de ambos lados. Para facilitar la rotación del producto, éste cuenta con el sistema Easy Handle de 4 manijas laterales.\r\n \r\nTodo está tapizado y matelaseado con tela Jackard de algodón con procesos de última generación que protegen el colchón contra el', 5, 3, NULL, 45, 1, 1),
(213, 'Sommier Eifel', 'Eifel', 'La exclusiva tecnología de resortes bicónicos realizados en acero templado y entrelazados verticalmente, aísla los movimientos evitando su expansión.\r\n \r\nSus múltiples mantas de Espuma Dosiflex, brindan \r\nuna comodidad inigualable, de gran resistencia, confort y durabilidad.\r\n \r\nLa elasticidad de la espuma alivia las presiones, proporcionando un buen apoyo al cuerpo.\r\n \r\nMáxima relajación y descanso renovador, gracias a su composición y diseño de alta calidad.\r\n \r\nCon costuras reforzadas que garantizan una gran vida útil del colchón y confiabilidad en su uso.\r\n \r\nTapizado en delicada Tela Sábana totalmente matelaseada, para una increíble sensación de frescura en el descanso diario.\r\n \r\nEl Sommier Europeo, de moderno diseño realizado íntegramente en madera estacionada.', 3, 4, NULL, 46, 1, 1),
(214, 'Sommier Sensation', 'Sensation', 'Su exclusiva tecnología de resortes bicónicos realizados en acero templado y entrelazados verticalmente, aísla los movimientos evitando su expansión.\r\n \r\nEl Eurotopdoble ribeteado en ambos lados, realza su estética y confort, brindando una suave superficie de descanso, mullida y envolvente.\r\n \r\nSus múltiples mantas de Espuma Dosiflex, brindan una comodidad y firmeza inigualable. De gran resistencia, confort y durabilidad.\r\n \r\nConfeccionado en tela Jackard totalmente matelaseada, despierta una agradable sensación de suavidad natural y frescura, en el descanso diario.\r\n \r\nEl Sommier Europeo, de moderno diseño realizado íntegramente en madera estacionada y tapizado en Jackard matelaseado.', 3, 4, NULL, 47, 1, 1),
(215, 'Sommier Olympic Jackard', 'Olympic Jackard', 'Su exclusiva tecnología de resortes bicónicos realizados en acero templado, con extra resistencia y durabilidad. Mantiene un perfecto control sobre la estabilidad del colchón, para un descanso profundo e inalterable.\r\n \r\nLa tecnología NTM (Not Transferable Movement), un innovador sistema de entrelazado de resortes en forma vertical, aísla los movimientos evitando su expansión. \r\n \r\nEl marco en Espuma de alta densidad permite una perfecta ventilación interna, suavidad y mayor superficie de uso.\r\n \r\nConfeccionado en tela Jackard totalmente \r\nmatelaseada, despierta una agradable sensación de suavidad natural y frescura, en el descanso diario.\r\n \r\nSommier Europeo: Realizado en madera estacionada, totalmente matelaseado, tela antideslizante en su capa superior y borde continental.', 4, 4, NULL, 49, 1, 1),
(216, 'Sommier Paradise Soft', 'Paradise Soft', 'Su exclusiva tecnología de resortes bicónicos realizados en acero templado, con extra resistencia y durabilidad. Mantiene un perfecto control sobre la estabilidad del colchón, para un descanso profundo e inalterable\r\n \r\nLa tecnología NTM (Not Transferable Movement), un innovador sistema de entrelazado de resortes en forma vertical, aísla los movimientos evitando su expansión. \r\n \r\nCon confortable EuroTop, una suave capa acolchonada que permite disfrutar aún más la superficie del colchón, brindando una sensación extra de comodidad al descanso. Cubierto por la novedosa tela Cool Max, de alta tecnología desarrollada para mantenerse siempre seca y fresca.\r\n \r\nLos aireadores dispuestos en las distintas capas de la estructura del colchón, junto con pequeñas cámaras que permiten que el aire circule disipando la humedad.\r\n \r\nSommier Europeo: Realizado en madera estacionada, totalmente matelaseado, tela antideslizante en su capa superior y borde continental.', 4, 4, NULL, 50, 1, 1),
(217, 'Sommier Eden', 'Eden', 'Estructura interna de resortes Pocket enfundados individualmente, que aísla la activación de cada resorte, sin contacto entre sí. Cada resorte se \r\nadapta a la presión y los movimientos, sin alterar la estructura total.\r\n \r\nCon confortable EuroTop, una suave capa acolchonada que permite disfrutar aún más la superficie del colchón, brindando una sensación extra de comodidad al descanso. Cubierto por la novedosa tela Cool Max, de alta tecnología desarrollada para mantenerse siempre seca y fresca.\r\n \r\nGracias a su arquitectura One Side, no requiere rotación periódica. Una probada tecnología de vanguardia, que agrega una importante ventaja \r\nen innovación y comodidad al descanso.\r\n \r\nConfeccionado con una selección de las más sofisticadas telas en Tejido de Punto, despierta una agradable sensación de suavidad natural y frescura en el descanso diario. \r\n \r\nSommier Europeo: Realizado en madera estacionada, totalmente matelaseado, tela antideslizante en su capa superior y borde continental.', 5, 3, NULL, 51, 1, 1),
(218, 'Sommier Correct Comfort', 'Correct Comfort', 'Modelo  Correct Comfort fabricado por ', 5, 3, NULL, 52, 1, 1),
(219, 'Sommier NaturalFoam bajo', 'NaturalFoam bajo', 'Los colchones de látex natural Naturalfoam® están diseñados especialmente para brindar el máximo confort y durabilidad. Su exclusivo diseño a base de alvéolos asegura un soporte confortable y anatómico que proporciona una corrrecta posición de la columna vertebral. Todo ello, sumado a nuestra trayectoria en el mercado, garantiza a nuestros clientes un máximo de prestación.', 3, 13, NULL, 53, 1, 1),
(220, 'Sommier NaturalFoam 17 cm', 'NaturalFoam 17 cm', 'Los colchones de látex natural Naturalfoam® están diseñados especialmente para brindar el máximo confort y durabilidad. Su exclusivo diseño a base de alvéolos asegura un soporte confortable y anatómico que proporciona una corrrecta posición de la columna vertebral. Todo ello, sumado a nuestra trayectoria en el mercado, garantiza a nuestros clientes un máximo de prestación.', 4, 13, NULL, 54, 1, 1),
(221, 'Sommier NaturalFoam Pillow Top', 'NaturalFoam Pillow Top', 'Los colchones de látex natural Naturalfoam® están diseñados especialmente para brindar el máximo confort y durabilidad. Su exclusivo diseño a base de alvéolos asegura un soporte confortable y anatómico que proporciona una corrrecta posición de la columna vertebral. Todo ello, sumado a nuestra trayectoria en el mercado, garantiza a nuestros clientes un máximo de prestación.', 5, 13, NULL, 55, 1, 1),
(222, 'Sommier Premier', 'Premier', 'Fabricado en Espuma Dosiflex de Alta Densidad 35, que brinda una comodidad y firmeza inigualable. \r\nDe gran resistencia, confort y durabilidad.\r\n \r\nLa moderna tecnología desarrollada en la estructura del poliuretano, otorga una superficie de descanso de fabulosa comodidad.\r\n \r\nConfeccionado en tela Jackard totalmente  \r\nmatelaseado, despierta una agradable sensación \r\nde suavidad natural y frescura, en el descanso diario.\r\n \r\nSus costuras reforzadas garantizan una gran vida útil del colchón y confiabilidad en su uso.\r\n \r\nOpcional: Sommier Europeo adicional, de moderno diseño realizado íntegramente en madera estacionada.', 5, 10, NULL, 58, 1, 1),
(223, 'Sommier Massage', 'Massage', 'Fabricado en Espuma Látex HD 35, que brinda una comodidad y firmeza inigualable. \r\nDe gran resistencia, confort y durabilidad.\r\n \r\nLa tecnología implementada en su estructura alveolada de látex, otorga una superficie de descanso de fabulosa comodidad.\r\n \r\nEl tejido de punto es muy elástico, se adapta perfectamente a la superficie. Posee un acabado  extremadamente suave, terso y confortable, y un bellísimo diseño elegante y delicado. \r\n \r\nEl Sommier Europeo, de moderno diseño realizado íntegramente en madera estacionada, y tapizado en Jackard matelaseado.', 6, 11, NULL, 59, 1, 1),
(224, 'Sommier Sensación', 'Sensación', 'Modelo  Sensación fabricado por ', 5, 10, NULL, 60, 1, 1),
(225, 'Sommier Premium', 'Premium', 'Modelo  Premium fabricado por ', 4, 11, NULL, 61, 1, 1),
(226, 'Sommier Realeza', 'Realeza', 'Doble capa Euro Top de espuma SOFT de alta densidad. Doble marco perimetral de acero.\r\nMarco adicional HARD BELT de espuma “HR” (high resistance). Sistema de resortes bicónicos.\r\nEstructura de resortes reforzada en su interior con espuma de alta densidad.', 4, 4, NULL, 64, 1, 1),
(227, 'Sommier Laguna', 'Laguna', 'Modelo  Laguna fabricado por ', 4, 4, NULL, 65, 1, 1),
(228, 'Sommier Rome', 'Rome', 'Modelo  Rome fabricado por ', 4, 4, NULL, 66, 1, 1),
(229, 'Sommier Greyland', 'Greyland', 'Modelo  Greyland fabricado por ', 5, 4, NULL, 67, 1, 1),
(230, 'Sommier Tilbury', 'Tilbury', 'Modelo  Tilbury fabricado por ', 5, 3, NULL, 68, 1, 1),
(231, 'Sommier Trenton', 'Trenton', 'Modelo  Trenton fabricado por ', 5, 3, NULL, 69, 1, 1),
(232, 'Sommier New Jersey', 'New Jersey', 'Modelo  New Jersey fabricado por ', 5, 3, NULL, 70, 1, 1),
(233, 'Sommier Moline', 'Moline', 'Modelo  Moline fabricado por ', 5, 3, NULL, 71, 1, 1),
(234, 'Sommier Back Therapy', 'Back Therapy', 'El nuevo BackTherapy combina un sistema de resortes de espuma de alta densidad (Spring Foam®) con mantas de Evolution®Gel para brindar una mayor firmeza, más soporte y sensaciones de suavidad y confort totalmente nuevas. Tapizado en tejido de punto de la más alta calidad y con el tratamiento de aroma terapia que brinda un aroma dulce y exótico que relaja el cuerpo y la mente. El colchón BackTherapy® ha sido desarrollado en pos de cuidar la salud de su espalda porque la columna, el cuello y las articulaciones se relajarán en su posición natural.\r\nBeneﬁcios del Backtherapy\r\nSPRING FOAM®\r\nAlta densidad y firmeza. Con corte reticular que brinda el soporte y funcionamiento semejante a las bases de resortes individuales.\r\n\r\nTRANSFLEXION\r\nEspumas precomprimidas que mantienen la sensación de confort durante toda la vida útil, disminuyendo considerablemente el hundimiento causado por el cuerpo.\r\n\r\nEVOLUTION GEL®\r\nEspuma con gel frío de última generación. Celdas abiertas que aumentan la circulación de aire regulando la temperatura corporal. Mejor adaptación al cuerpo generando espacio para la relajación de los músculos del cuerpo.\r\n\r\nAIR INSIDE\r\nLa circulación de aire dentro del colchón prolonga la vida útil de todos los materiales utilizados en la fabricación del sistema BackTherapy®. El aire fresco que circula en el interior renueva la vida útil del producto.\r\n\r\nRECUPERACION RÁPIDA\r\nPermite movimientos más rápidos y libres, eliminando la sensación de quedarse atrapado que se siente en las espumas viscolasticas tradicionales.\r\n\r\nNUEVA GENERACIÓN DE CONFORT\r\nOtorga una sensación de confort totalmente nueva, más fresca y placentera.\r\n\r\nDISIPA EL CALOR\r\nEsta nueva generación de espuma lo ayuda a mantener la temperatura ideal del cuerpo durante el descanso.\r\n\r\nAROMATERAPIA\r\nMillones de micro esferas con una suave fragancia que se liberan gradualmente al contacto, brindando un aroma dulce y exótico, con propiedades relajantes para el cuerpo y la mente.\r\n\r\nALLERGIC CARE\r\nUn tratamiento Antialérgico del tejido de punto que evita el desarrollo de ácaros, bacterias y hongos, permitiendo un descanso naturalmente limpio y saludable.\r\n\r\nNONFLIP\r\nBackTherapy® fue diseñado con sistema Non Flip, la tecnología más moderna de la industria que revolucionó el mercado de colchones al evitar darlos vuelta para su mantenimiento. El sistema Non Flip es una novedosa construcción interna, con 4 capas bien diferenciadas: durabilidad, soporte, adaptabilidad y confort, que permite nunca más dar vuelta el colchón y así evitar los esfuerzos innecesarios que provoca la rotación de otros sistemas de descanso.\r\n\r\nTEJIDO ANTIDESLIZANTE\r\nEvita el desplazamiento del colchón sobre el sommier.', 5, 22, NULL, 72, 1, 1),
(235, 'Sommier DeepSleep', 'DeepSleep', 'Beneﬁcios del DeepSleep\r\n\r\nRESORTES BICÓNICOS\r\nDe acero templado electrónicamente con 2,16 mm de diámetro, (el mayor diámetro de acero en el mercado) unidos entre sí de manera longitudinal. Una base firme, resistente y durable.\r\n\r\nESTABILIZADORES\r\nEn todo su perimetro para fortalecer las 4 esquinas y los laterales del colchón.\r\n\r\nDOBLE MARCO DE PERIMETRAL\r\nDe acero, ultra reforzado que permite disfrutar de toda la superficie del colchón.\r\n\r\nACOLCHADOS Y RELLENOS\r\nDe calidad superior, combinados en las proporciones adecuadas para brindar una suavidad más mullida y confortable en las superficies y soporte debajo de los resortes bicónicos.\r\n\r\nTRANSFLEXIÓN\r\nEspumas precomprimidas que mantienen la sensación de confort durante toda la vida útil, disminuyendo considerablemente el hundimiento causado por el cuerpo (Body Impression).\r\n\r\nTELAS DE PIQUE Y JACKARD FALTA INFO\r\nNuevas texturas que componen un moderno diseño en composé entre los laterales, la tapa y el somier que se cortan y combinan con detalles de cintas y etiquetas bordadas.\r\n\r\nNONFLIP\r\nUna novedosa construcción interna con 4 capas bien diferenciadas permite nunca más dar vuelta el colchón y así evitar los esfuerzos innecesarios que provoca la rotación de otros sistemas de descanso.', 4, 4, NULL, 73, 1, 1),
(236, 'Sommier BackCare Siesta', 'BackCare Siesta', 'Beneﬁcios del BackCare Siesta\r\nRESORTES BICONICOS\r\nDe acero templado electrónicamente con 2,16 mm de diámetro, (el mayor diámetro de acero en el mercado) unidos entre sí de manera longitudinal. Una base firme, resistente y durable.\r\n\r\nBETTER SLEEP\r\n3 zonas de confort, 2 zonas de soporte extra donde tu espalda mas lo necesita, para una excelente noche de descanso.\r\n\r\nDOBLE MARCO Y ESTABILIZADORES\r\nDoble marco perimetral de acero, reforzado con estabilizadores laterales. El complemento indispensable y fundamental para que una base de resortes Beautyrest® sea la más firme y estable del mercado.\r\n\r\nSOPORTE PROGRESIVO\r\nEspumas y acolchados interiores dispuestos de manera tal que la primera sensación sea suave y fresca para que luego el cuerpo comience a sentir el soporte, y así obtener un mayor confort.\r\n\r\nESPUMA LATEXGEL\r\nLa difusión de gel en las nuevas espumas LatexGel® regula la temperatura corporal para un descanso más fresco y placentero.\r\n\r\nESPUMAS ENERGY (100 Y 120)\r\nEspumas precomprimidas que brindan un confort inalterable. Sensación suave y mullida (Energy 100) o firme (Energy 120).\r\n\r\nTRANSFLEXION\r\nEspumas precomprimidas que mantienen la sensación de confort durante toda la vida útil, disminuyendo considerablemente el hundimiento causado por el cuerpo (Body Impression).\r\n\r\nDESCANSO BORDE A BORDE\r\nEstabilizadores verticales en todo su perímetro y doble marco perimetral de acero que permite obtener un 30% más de superficie de descanso en relación a los colchones que no poseen este tipo de marco. Este diseño permite aprovechar al 100% la superficie de descanso.\r\n\r\nNONFLIP\r\nUna novedosa construcción interna con 4 capas bien diferenciadas permite nunca más dar vuelta el colchón y así evitar los esfuerzos innecesarios que provoca la rotación de otros sistemas de descanso.\r\n\r\nALLERGIC CARE®\r\nLas telas de piqué de algodón han sido sometidas al tratamiendo Allergic Care®, que previene el desarrollo de ácaros y bacterias rechazando el polvo ambiental. Su colchón Simmons® permanecerá más limpio e higiénico.\r\n\r\nTEJIDO ANTIDESLIZANTE\r\nEvita el desplazamiento del colchón sobre el sommier.', 5, 4, NULL, 74, 1, 1),
(237, 'Sommier Recharge Classic', 'Recharge Classic', 'Beneﬁcios del\r\nBeautyrest Recharge Classic.\r\n\r\nRESORTES BEAUTYREST Y BEAUTYREST PLUS\r\nBases con resortes enfundados de acción independiente y resortes Beautyrest PLUS en los laterales. Todos están unidos a través del centro y precomprimidos de 23 a 18 cm. Otorgan movimiento independiente ante la presión, menor transferencia de movimiento y aseguran un descanso sin interrupciones.\r\n\r\nDOBLE MARCO Y ESTABILIZADORES\r\nDoble marco perimetral de acero, reforzado con estabilizadores laterales. El complemento indispensable y fundamental para que una base de resortes Beautyrest® sea la más firme y estable del mercado.\r\n\r\nESPUMAS ENERGY (100 Y 120)\r\nEspumas precomprimidas que brindan un confort inalterable. Sensación suave y mullida (Energy 100) o firme (Energy 120).\r\n\r\nTRANSFLEXION®\r\nEspumas precomprimidas que mantienen la sensación de confort durante toda la vida útil, disminuyendo considerablemente el hundimiento causado por el cuerpo (Body Impression).\r\n\r\nTEJIDO DE PUNTO\r\nSuavidad aterciopelada. Tejidos de punto de la más alta calidad, producidos con suaves fibras textiles, brindan una nueva sensación de confort, aún más suave y fresca.\r\n\r\nALLERGIC CARE®\r\nLas fibras textiles fueron impermeabilizadas previamente para evitar que ácaros y bacterias encuentren en los colchones el ambiente ideal para reproducirse.\r\n\r\nNONFLIP®\r\nUna novedosa construcción interna con 4 capas bien diferenciadas permite nunca más dar vuelta el colchón y así evitar los esfuerzos innecesarios que provoca la rotación de otros sistemas de descanso.\r\n\r\nTEJIDO ANTIDESLIZANTE\r\nEvita el desplazamiento del colchón sobre el sommier.\r\n\r\nINDICE IAM 100\r\nMediante rigurosos testeos con medición de rayo láser se identificaron los Indices de Absorción de Movimiento (IAM) y sobre la base de esos resultados se cuantificaron los valores, quedando comprobado que cuanto mayor es el índice IAM menor será la transferencia del movimiento.', 4, 3, NULL, 75, 1, 1),
(238, 'Sommier Smart Elegance', 'Smart Elegance', 'Beneﬁcios del\r\nBeautyrest Recharge Smart Elegance\r\n\r\nRESORTES BEAUTYREST® ORIGINAL, SMART® Y PLUS®\r\nPosee en su interior una base dual de resortes enfundados Beautyrest original y Beautyrest Smart que ofrece mayores niveles de adaptabilidad y soporte individualizado para la espalda. El resorte Beautyrest Smart reacciona en forma dinámica en relación al peso de las personas y la forma única de sus cuerpos. Resortes Beautyrest Plus para reforzar los laterales.\r\n\r\nDOBLE MARCO Y ESTABILIZADORES\r\nDoble marco perimetral de acero, reforzado con estabilizadores laterales. El complemento indispensable y fundamental para que una base de resortes Beautyrest® sea la más firme y estable del mercado.\r\n\r\nESPUMA LATEXGEL\r\nLa difusión de gel en las nuevas espumas LatexGel® regula la temperatura corporal para un descanso más fresco y placentero.\r\n\r\nESPUMAS ENERGY (100 Y 120)\r\nEspumas precomprimidas que brindan un confort inalterable. Sensación suave y mullida (Energy 100) o firme (Energy 120).\r\n\r\nTEJIDO DE PUNTO\r\nSuavidad aterciopelada. Tejidos de punto de la más alta calidad, producidos con suaves fibras textiles, brindan una nueva sensación de confort, aún más suave y fresca.\r\n\r\nTRANSFLEXION®\r\nEspumas precomprimidas que mantienen la sensación de confort durante toda la vida útil, disminuyendo considerablemente el hundimiento causado por el cuerpo (Body Impression).\r\n\r\nNON FLIP®\r\nUna novedosa construcción interna con 4 capas bien diferenciadas permite nunca más dar vuelta el colchón y así evitar los esfuerzos innecesarios que provoca la rotación de otros sistemas de descanso.\r\n\r\nALLERGIC CARE®\r\nLas fibras textiles fueron impermeabilizadas previamente para evitar que ácaros y bacterias encuentren en los colchones el ambiente ideal para reproducirse.\r\n\r\nTEJIDO ANTIDESLIZANTE\r\nEvita el desplazamiento del colchón sobre el sommier.\r\n\r\nINDICE IAM 150\r\nMediante rigurosos testeos con medición de rayo láser se identificaron los Indices de Absorción de Movimiento (IAM) y sobre la base de esos resultados se cuantificaron los valores, quedando comprobado que cuanto mayor es el índice IAM menor será la transferencia del movimiento.', 3, 3, NULL, 76, 1, 1),
(239, 'Sommier World Class Spa', 'World Class Spa', 'Beneﬁcios del Beautyrest Worldclass Spa\r\n\r\nRESORTES BEAUTYREST® Y BEAUTYREST PLUS®\r\nBases con resortes enfundados de acción independiente y resortes Beautyrest Plus para reforzar la zona de los lumbares y los muslos. Todos están unidos a través del centro y pre comprimidos de 23 a 18 cm. Otorgan movimiento independiente ante la presión, menor transferencia de movimiento y aseguran un descanso sin interrupciones.\r\n\r\nDOBLE MARCO Y ESTABILIZADORES LATERALES\r\nDoble marco perimetral de acero, reforzado con estabilizadores laterales. El complemento indispensable y fundamental para que una base de resortes Beautyrest® sea la más firme y estable del mercado.\r\n\r\nESPUMA AIRCOOL®MEMORY\r\nLa difusión de gel en las nuevas espumas AirCool®Memory regula la temperatura corporal y proporciona un alivio de presión en los músculos del cuerpo, para un descanso más fresco y placentero.\r\n\r\nESPUMAS ENERGY (100 Y 120)\r\nEspumas precomprimidas que brindan un confort inalterable. Sensación suave y mullida (Energy 100) o firme (Energy 120).\r\n\r\nTEJIDO DE PUNTO\r\nSuavidad aterciopelada. Tejidos de punto de la más alta calidad, producidos con suaves fibras textiles, brindan una nueva sensación de confort, aún más suave y fresca.\r\n\r\nTRANSFLEXION®\r\nEspumas precomprimidas que mantienen la sensación de confort durante toda la vida útil, disminuyendo considerablemente el hundimiento causado por el cuerpo (Body Impression).\r\n\r\nNONFLIP®\r\nUna novedosa construcción interna con 4 capas bien diferenciadas permite nunca más dar vuelta el colchón y así evitar los esfuerzos innecesarios que provoca la rotación de otros sistemas de descanso.\r\n\r\nALLERGIC CARE®\r\nLas fibras textiles fueron impermeabilizadas previamente para evitar que ácaros y bacterias encuentren en los colchones el ambiente ideal para reproducirse.\r\n\r\nTEJIDO ANTIDESLIZANTE\r\nEvita el desplazamiento del colchón sobre el sommier.\r\n\r\nINDICE IAM 200\r\nMediante rigurosos testeos con medición de rayo láser se identificaron los Indices de Absorción de Movimiento (IAM) y sobre la base de esos resultados se cuantificaron los valores, quedando comprobado que cuanto mayor es el índice IAM menor será la transferencia del movimiento.', 2, 3, NULL, 77, 1, 1),
(240, 'Sommier Liz', 'Liz', 'Modelo  Liz fabricado por ', 3, 4, NULL, 78, 1, 1),
(241, 'Sommier Regina', 'Regina', 'Modelo  Regina fabricado por ', 3, 4, NULL, 79, 1, 1),
(242, 'Sommier Luxe', 'Luxe', 'Modelo  Luxe fabricado por ', 5, 10, NULL, 80, 1, 1),
(243, 'Sommier Jackie', 'Jackie', '*  Sistema de resortes Bonnell  perfectamente entrelazados.\r\n\r\n*  Doble Marco Perimetral de  acero que permite el 100% de  superficie de descanso.\r\n\r\n*  Estabilizadores laterales SPG  que otorgan mayor vida útil al  colchón.\r\n\r\n*  SPG Eurotop®: Innovadora  manta adicional de confort.\r\n\r\n*  Rellenos de espuma de  densidad superior\r\n\r\n*  Tela Jackard, Algodón, Poliéster.\r\n\r\n*  One Face®: Novedosa  tecnología interna que permite  no rotar el colchón.\r\n\r\n*  Altura: 24 cm.', 4, 4, NULL, 81, 1, 1),
(244, 'Sommier Multilastic', 'Multilastic', '*  Sistema de resortes continuos,  entrelazados y sin nudos.  Mejora la distribución del peso.\r\n\r\n*  Doble Marco Perimetral de  acero que permite el 100% de  superficie de descanso.\r\n\r\n*  Estabilizadores laterales SPG  que otorgan mayor vida útil al  colchón.\r\n\r\n*  Relleno de espuma de alta  densidad\r\n\r\n*  Tela Jackard, Algodón, Viscosa.\r\n\r\n*  One Face®: Novedosa  tecnología interna que permite  no rotar el colchón.\r\n\r\n*  Altura: 25 cm.\r\n\r\n*  Garantia: 6 años', 4, 5, NULL, 82, 1, 1),
(245, 'Sommier Gran Realce', 'Gran Realce', '*  Sistema resortes Bonnell  perfectamente entrelazados. \r\n\r\n*  MDoble arco Perimetral de acero  que permite el 100% de superficie  de descanso.\r\n\r\n*  Estabilizadores laterales SPG que  otorgan mayor vida útil al colchón.\r\n\r\n*  Rellenos de espuma de densidad  superior y de espuma soft.\r\n\r\n*  Tela Piqué de algodón.\r\n\r\n*  Tejido Inteligente 3D Air Supplier®:  Consiste en un tejido que permite la  libre circulación de aire en el interior  del colchón.\r\n\r\n*  One Face®: Novedosa tecnología  interna que permite no rotar el  colchón.\r\n\r\n*  Altura: 26 cm.\r\n\r\n*  Garantia: 6 años', 4, 4, NULL, 83, 1, 1),
(246, 'Sommier Power', 'Power', '*  Sistema de resortes Pocket  que minimiza la  transferencia de  movimiento.\r\n\r\n*  Doble Marco Perimetral de  acero que permite el 100%  de superficie de descanso.\r\n\r\n*  Estabilizadores laterales SPG  que otorgan mayor vida útil  al colchón.\r\n\r\n*  Refuerzo estructural de  espuma de alto impacto.\r\n\r\n*  Rellenos de espuma de  densidad superior\r\n\r\n*  Tela Piqué de Algodón.\r\n\r\n*  One Face®: Novedosa  tecnología interna que  permite no rotar el colchón.\r\n\r\n*  Altura: 26 cm.\r\n\r\n*  Garantia: 6 años', 5, 3, NULL, 84, 1, 1),
(247, 'Sommier Magnetic', 'Magnetic', '*  Sistema de resortes Pocket que  minimiza la transferencia de  movimiento.\r\n\r\n*  Doble Marco perimetral de acero que otorgan mayor resistencia a la estructura.\r\n\r\n*  Estabilizadores laterales SPG que  otorgan mayor vida útil al  colchón.\r\n\r\n*  Refuerzo estructural de espuma  de alto impacto.\r\n\r\n*  SPG Eurotop®: Innovadora manta  adicional de confort con  ProLatex®.\r\n\r\n*  Incorporated Fragances: \r\n\r\nMicrocápsulas aromáticas de  EUCALIPTO: se liberan  gradualmente con el contacto.  Aroma continuo y gradual.  Combate el agotamiento y el  letargo. Estimulante y tonificante.  Elimina gérmenes y bacterias.  Activa el sistema inmunológico.\r\n\r\n*  Relleno de espumas ProLatex® y  espumas de densidad superior.\r\n\r\n*  Tela Tejido de Punto.\r\n\r\n*  One Face®: Novedosa tecnología  interna que permite no rotar el  colchón.\r\n\r\n*  Altura: 29 cm.\r\n\r\n*  Garantia: 10 años', 4, 3, NULL, 85, 1, 1),
(248, 'Sommier Maximus', 'Maximus', '*  Sistema de resortes Pocket que minimiza la  transferencia de movimiento.\r\n\r\n*  Estabilizadores laterales SPG que otorgan  mayor vida útil al colchón.\r\n\r\n*  Doble Marco Perimetral de acero.\r\n\r\n*  Tecnología CSC (Completly Smooth Cover)\r\n\r\n*  Capas de espuma viscoelástica\r\n\r\n*  Air Modular System®: Brinda una mullida  sensación de confort y frescura.\r\n\r\n*  Refuerzo estructural de espuma de alto  impacto.\r\n\r\n*  SPG Air®: 2 aireadores laterales que  dosifican el paso del aire y permiten una  permanente ventilación en el interior del  colchón.\r\n\r\n*  Soja‐Bamboo: Tejido suave al tacto,  antibacteriano, antihongos,  termorregulador, antialérgico. Estimulante  natural del metabolismo. Reduce el  cansancio y el stress. Gran absorción de  humedad corporal. Resistente al desgaste.\r\n\r\n*  Rellenos de espumas Soft y espumas de  alta densidad.\r\n\r\n*  Tela Tejido de Punto\r\n\r\n*  One Face®: Novedosa tecnología interna  que permite no rotar el colchón.\r\n\r\n*  Altura: 31 cm.\r\n\r\n*  Garantía: 10 años', 3, 3, NULL, 86, 1, 1),
(249, 'Sommier Roomy', 'Roomy', '*  Confort + practicidad\r\n\r\n*  Diseñado para guardar en  forma prolija y ordenada  distintos tipos de objetos.\r\n\r\n*  Sistema hidráulico de  apertura y cierre, sin ningún  esfuerzo.\r\n\r\n*  Firmeza estructural.\r\n\r\n*  Totalmente revestido en  tejido piqué de algodón.  100% hipoalergénico.\r\n\r\n*  Juego de patas coloniales.\r\n\r\n*  Altura 29 cm.\r\n\r\n*  Garantía 6 años.', 7, 21, NULL, 87, 1, 1),
(250, 'Sommier Relax', 'Relax', 'Relax\r\nResortes de Espuma\r\nPlaca ranurada de alta densidad la cual simula resortes de espuma de poliuretano que además de brindar un firme soporte en las zonas del cuerpo de mayor peso, ofrecen una mayor sensación de confort.\r\nDensidad: 30 Kg/m3\r\nAltura: 22 cm.\r\nTela: de algodón totalmente matelasseada con cierre perimetral que permite la ventilación del colchón.\r\nBase: Sommier con patas de madera torneada con ruedas para facilitar el movimiento. \r\nGarantía: 5 años', 5, 10, NULL, 96, 1, 1),
(251, 'Sommier Relax SF', 'Relax SF', 'Modelo: Relax Stress Free\r\nPlaca ranurada con núcleo de espuma de poliuretano Unicell®\r\nDensidad: 30 Kg/m3\r\nAltura: 24 cm.\r\nEspuma Unicell ®\r\nEspuma de poliuretano integrada por pequeñas celdas de alta homogeneidad que permiten el traspaso del aire. Su grado de firmeza está dado por la densidad de la misma: mayor densidad, mayor firmeza.\r\nTela: Tejido de punto totalmente matelasseada con trat. Antiácaros y cierre perimetral que permite la ventilación del colchón.\r\nTejido de punto - Relax SF\r\nEs un tejido de costuras entramadas que forman una malla, bucle o punto obteniendo una sola estructura. La característica principal de este tejido, es la elasticidad que permite que el cuerpo se amolde perfectamente al mismo logrando un descanso confortable y realmente suave.\r\n\r\nBase: Sommier con patas de madera torneada con ruedas para facilitar el movimiento.\r\nGarantía: 5 años', 5, 10, NULL, 97, 1, 1),
(252, 'Sommier Centuria Pro', 'Centuria Pro', 'Centuria Pro - Con aromaterapia\r\nNúcleo de Espuma de poliuretano Unicell® de alta resistencia – “Heavy Duty Foam”\r\nDensidad: 35 Kg/m3\r\nAltura: 26 cm.\r\nTela: Tela jackard totalmente matelasseada con trat. Antiácaros\r\nEspuma Unicell ®\r\nEspuma de poliuretano integrada por pequeñas celdas de alta homogeneidad que permiten el traspaso del aire. Su grado de firmeza está dado por la densidad de la misma: mayor densidad, mayor firmeza.\r\nTela Aromaterapia\r\nMicrocápsulas con aceites etéricos que se insertan en las fibras ayudando a estimular ciertas zonas del cerebro a través de su aroma, provocando efectos de relajación que mejoran la calidad del sueño.\r\nTela Antiácaros\r\nLos colchones no se pueden lavar minuciosamente al 100%, por lo que se pueden formar fácilmente ácaros y microorganismos. El tratamiento antiácaros se aplica a las fibras textiles durante la fabricación y ayuda a prevenir la aparición de ácaros y es muy efectivo contra la formación de hongos y bacterias. El producto interrumpe tanto el desarrollo de ácaros y de hongos, como de malos olores. Su efecto protector conserva su efectividad durante toda la vida útil del colchón.\r\n\r\nBase: Sommier con patas de madera torneada con ruedas para facilitar el movimiento.\r\nGarantía: 5 años', 6, 11, NULL, 98, 1, 1),
(253, 'Sommier Atmosphere', 'Atmosphere', 'Atmosphere\r\nNúcleo de espuma de poliuretano Unicell de 35 kg/m3 de densidad\r\nAltura: 27 cm.\r\nPillow Top interno de espuma viscoelástica indeformable\r\nTela: Tejido de punto totalmente matelasseada con trat. Antiácaros \r\nTejido de punto - Atmosphere\r\nEs un tejido de costuras entramadas que forman una malla, bucle o punto obteniendo una sola estructura. La característica principal de este tejido, es la elasticidad que permite que el cuerpo se amolde perfectamente al mismo logrando un descanso confortable y realmente suave.Agarraderas laterales\r\n\r\nHeavy Duty Foam\r\nEspuma de altísima densidad que distribuye los puntos de apoyo de manera uniforme logrando el soporte adecuado aún en casos de gran peso. Su alto grado de firmeza permite: una importante reducción de los ángulos de las articulaciones previniendo dolores artrósicos y artríticos, permite una adecuada relajación de los distintos grupos musculares del cuello, espalda y cintura, y brinda un soporte adecuado en la zona lumbar impidiendo que se hunda, combatiendo lumbalgias.\r\nViscoelastic Foam\r\nEspuma de alta tecnología creada por la NASA. que reacciona al peso y la temperatura corporal adaptándose suavemente a las curvas del cuerpo gracias a su estructura celular esférica, logrando aliviar las presiones ejercidas generando sensación de ingravidez. Este material de células abiertas permite el flujo del aire a través del colchón. Se reconoce por su lenta recuperación a la compresión, es decir, recupera lentamente su estado inicial sin sufrir deformación alguna.\r\n\r\nBase: Sommier con patas de madera torneada con ruedas para facilitar el movimiento.\r\nGarantia del colchón: 5 años.', 6, 11, NULL, 99, 1, 1),
(254, 'Sommier Floustar', 'Floustar', 'Floustar\r\nEstructura de Resortes Maxspring® (continuos)\r\nAltura: 23 cm.\r\nTela: sábana totalmente matelasseada\r\nResortes Maxspring\r\nSistema exclusivo de Suavestar compuesto por resortes continuos de acero de altísima resistencia que actúan como una unidad estructural, convirtiéndola en la estructura de resortes más firme del mercado. Por su diseño constructivo evita el efecto \"rolling\".\r\nPosee marcos perimetrales y estabilizadores laterales de acero templado que optimizan la superficie de utilización del colchón, otorgando máxima firmeza aún en los bordes. Esta firmeza en su superficie le brinda a la columna vertebral el soporte necesario para lograr la postura ideal para un descanso apropiado.\r\n\r\nBase: Sommier con patas de madera torneada.\r\nGarantía del colchón: 5 años', 3, 5, NULL, 100, 1, 1),
(255, 'Sommier Superstar', 'Superstar', 'Superstar\r\nEstructura de Resortes Maxspring® (continuos)\r\nAltura: 24 cm.\r\nTela: Jackard totalmente matelasseada con tratamiento antiácaros\r\nAgarraderas laterales\r\nResortes Maxspring\r\nSistema exclusivo de Suavestar compuesto por resortes continuos de acero de altísima resistencia que actúan como una unidad estructural, convirtiéndola en la estructura de resortes más firme del mercado. Por su diseño constructivo evita el efecto \"rolling\".\r\nPosee marcos perimetrales y estabilizadores laterales de acero templado que optimizan la superficie de utilización del colchón, otorgando máxima firmeza aún en los bordes. Esta firmeza en su superficie le brinda a la columna vertebral el soporte necesario para lograr la postura ideal para un descanso apropiado.\r\n\r\nBase: Sommier con patas de madera torneada.\r\nGarantía del colchón: 5 años', 3, 5, NULL, 101, 1, 1),
(256, 'Sommier Superstar Pillow Top', 'Superstar Pillow Top', 'Superstar Pillow Top\r\nEstructura de Resortes Maxspring® (continuos)\r\nAltura: 29 cm.\r\nTela: Jackard totalmente matelasseada con tratamiento antiácaros\r\nAgarraderas laterales\r\nResortes Maxspring\r\nSistema exclusivo de Suavestar compuesto por resortes continuos de acero de altísima resistencia que actúan como una unidad estructural, convirtiéndola en la estructura de resortes más firme del mercado. Por su diseño constructivo evita el efecto \"rolling\".\r\nPosee marcos perimetrales y estabilizadores laterales de acero templado que optimizan la superficie de utilización del colchón, otorgando máxima firmeza aún en los bordes. Esta firmeza en su superficie le brinda a la columna vertebral el soporte necesario para lograr la postura ideal para un descanso apropiado.\r\n\r\nBase: Sommier con patas de madera torneada.\r\nGarantía del colchón: 5 años', 3, 5, NULL, 102, 1, 1),
(257, 'Sommier Blue Star', 'Blue Star', 'Bluestar\r\nEstructura de Resortes Maxspring® (continuos)\r\nAltura: 26 cm.\r\nTela: Jackard totalmente matelasseada con tratamiento antiácaros\r\nAgarraderas laterales\r\nResortes Maxspring\r\nSistema exclusivo de Suavestar compuesto por resortes continuos de acero de altísima resistencia que actúan como una unidad estructural, convirtiéndola en la estructura de resortes más firme del mercado. Por su diseño constructivo evita el efecto \"rolling\".\r\nPosee marcos perimetrales y estabilizadores laterales de acero templado que optimizan la superficie de utilización del colchón, otorgando máxima firmeza aún en los bordes. Esta firmeza en su superficie le brinda a la columna vertebral el soporte necesario para lograr la postura ideal para un descanso apropiado.\r\n\r\nBase: Sommier con patas de madera torneada.\r\nGarantía del colchón: 5 años', 4, 5, NULL, 103, 1, 1),
(258, 'Sommier Boreal', 'Boreal', 'Boreal Bamboo\r\nEstructura de Resortes Maxspring® (continuos)\r\nAltura: 27 cm..\r\nTela: Jackard  Bamboo totalmente matelasseada \r\nTela Bamboo\r\nLa fibra del bamboo se aplica en la composición de las fibras textiles en el momento de fabricación, la misma genera una antibiosis natural que repele insectos, bacterias y hongos, especialmente recomendado para personas alérgicas. Presenta características higroscópicas que por su excelente permeabilidad regulan la temperatura corporal en invierno y verano, ya que absorbe y exhala la humedad según el ambiente donde se encuentra, ofreciendo un tejido limpio y fresco todo el año. Activa la circulación sanguínea, aliviando el cansancio y estimulando el metabolismo.\r\nAgarraderas laterales\r\n\r\nResortes Maxspring\r\nSistema exclusivo de Suavestar compuesto por resortes continuos de acero de altísima resistencia que actúan como una unidad estructural, convirtiéndola en la estructura de resortes más firme del mercado. Por su diseño constructivo evita el efecto \"rolling\".\r\nPosee marcos perimetrales y estabilizadores laterales de acero templado que optimizan la superficie de utilización del colchón, otorgando máxima firmeza aún en los bordes. Esta firmeza en su superficie le brinda a la columna vertebral el soporte necesario para lograr la postura ideal para un descanso apropiado.\r\n\r\nBase: Sommier con patas de madera torneada.\r\nGarantía del colchón: 5 años', 4, 5, NULL, 104, 1, 1),
(259, 'Sommier Boreal Pillow Top', 'Boreal Pillow Top', 'Boreal Bamboo Pillow Top\r\nEstructura de Resortes Maxspring® (continuos)\r\nAltura: 21 cm..\r\nTela: Jackard  Bamboo totalmente matelasseada \r\nTela Bamboo\r\nLa fibra del bamboo se aplica en la composición de las fibras textiles en el momento de fabricación, la misma genera una antibiosis natural que repele insectos, bacterias y hongos, especialmente recomendado para personas alérgicas. Presenta características higroscópicas que por su excelente permeabilidad regulan la temperatura corporal en invierno y verano, ya que absorbe y exhala la humedad según el ambiente donde se encuentra, ofreciendo un tejido limpio y fresco todo el año. Activa la circulación sanguínea, aliviando el cansancio y estimulando el metabolismo.\r\nAgarraderas laterales\r\nPillow Top\r\nManta adicional de espuma suave y mullida que permite brindar una mayor sensación de confort, especialmente en colchones de alta firmeza. Se adapta a la superficie corporal mientras la estructura del colchón se mantiene\r\nrígida, logrando la postura ideal sin incomodidades.\r\n\r\nResortes Maxspring\r\nSistema exclusivo de Suavestar compuesto por resortes continuos de acero de altísima resistencia que actúan como una unidad estructural, convirtiéndola en la estructura de resortes más firme del mercado. Por su diseño constructivo evita el efecto \"rolling\".\r\nPosee marcos perimetrales y estabilizadores laterales de acero templado que optimizan la superficie de utilización del colchón, otorgando máxima firmeza aún en los bordes. Esta firmeza en su superficie le brinda a la columna vertebral el soporte necesario para lograr la postura ideal para un descanso apropiado.\r\n\r\nBase: Sommier con patas de madera torneada.\r\nGarantía del colchón: 5 años', 4, 5, NULL, 105, 1, 1),
(260, 'Sommier Insignia Rouge', 'Insignia Rouge', 'Insignia Rouge\r\nEstructura de Resortes Maxspring® (continuos)\r\nAltura: 31 cm.\r\nTela: Jackard antiácaros totalmente matelasseada\r\nTela Antiácaros\r\nLos colchones no se pueden lavar minuciosamente al 100%, por lo que se pueden formar fácilmente ácaros y microorganismos. El tratamiento antiácaros se aplica a las fibras textiles durante la fabricación y ayuda a prevenir la aparición de ácaros y es muy efectivo contra la formación de hongos y bacterias. El producto interrumpe tanto el desarrollo de ácaros y de hongos, como de malos olores. Su efecto protector conserva su efectividad durante toda la vida útil del colchón.Agarraderas laterales\r\n\r\nViscoelastic Inner Pillow\r\nPillow Interno que se adapta al cuerpo logrando tal relajación y confort que disminuye el movimiento durante la noche.\r\n\r\nResortes Maxspring\r\nSistema exclusivo de Suavestar compuesto por resortes continuos de acero de altísima resistencia que actúan como una unidad estructural, convirtiéndola en la estructura de resortes más firme del mercado. Por su diseño constructivo evita el efecto \"rolling\".\r\nPosee marcos perimetrales y estabilizadores laterales de acero templado que optimizan la superficie de utilización del colchón, otorgando máxima firmeza aún en los bordes. Esta firmeza en su superficie le brinda a la columna vertebral el soporte necesario para lograr la postura ideal para un descanso apropiado.\r\n\r\nTela Ignífuga\r\nEl Tratamiento Ignífugo o retardante de llama es totalmente ecológico y no tóxico y actúa como barrera integral frente a fuentes de calor, sin comprometer las características propias de la tela. Este tratamiento, se aplica a las fibras textiles durante la fabricación para evitar accidentes provocados por cigarrillos y otras fuentes de calor de uso doméstico de bajo riesgo. Cuando un tejido con tratamiento ignífugo es expuesto al fuego, no despide gases tóxicos ya que se autoextingue ligeramente evitando la combustión rápida y ayudando a reducir el humo que surge de los componentes del colchón, ofreciendo así una mayor protección y seguridad ya que está libre de compuestos orgánicos volátiles y sustancias perjudiciales. Este tratamiento, además de contribuir a la seguridad del hogar, protege nuestra salud y el medio ambiente.\r\n\r\nBase: Sommier con patas de madera torneada.\r\nGarantía del colchón: 5 años', 4, 5, NULL, 106, 1, 1),
(261, 'Sommier Loft', 'Loft', 'Estructura de resortes Pocket (individuales)\r\nAltura: 29 cm.\r\nTela: Tela jackard con Aloe Vera totalmente matelasseada con tratamiento antiácaros\r\nTela Aloe Vera\r\nEl Aloe Vera presenta componentes protectores y nutritivos que cuidan y regeneran la piel durante el sueño. El gel del Aloe se aplica a las fibras textiles el cual produce un efecto estimulante y activador en contacto con el cuerpo reforzando las defensas. Favorece el tejido conjuntivo, estimula el crecimiento de nuevas células de la piel y la protege de los efectos negativos del entorno siendo un antioxidante natural. Ayuda al sistema inmunológico y aumenta la resistencia del organismo. Posee tratamiento antiácaros previniendo la aparición de hongos y otros alergenos.Agarraderas laterales en propia tela\r\n\r\nSistema HCS (Health Comfort System)\r\nDistribuye adecuadamente los puntos de presión ejercidos por el cuerpo en el momento de descanso minimizando la resistencia del colchón en dichos puntos, permitiendo la óptima circulación de flujo sanguíneo.\r\n\r\nResortes Pocket\r\nEstructura de resortes enfundados que trabajan en forma individual permitiendo que el colchón se adapte perfectamente a la anatomía del cuerpo.\r\nReduce a la mínima expresión la transferencia de movimiento que puede producirse si uno de los miembros de la pareja se mueve o levanta durante la noche, brindando así un sueño más profundo y placentero, sin interrupciones.\r\nEvita el efecto \"rolling\", es decir, no permite que el cuerpo más pesado afecte al otro arrastrándolo hacia el centro del colchón.\r\n\r\nTela Antiácaros\r\nLos colchones no se pueden lavar minuciosamente al 100%, por lo que se pueden formar fácilmente ácaros y microorganismos. El tratamiento antiácaros se aplica a las fibras textiles durante la fabricación y ayuda a prevenir la aparición de ácaros y es muy efectivo contra la formación de hongos y bacterias. El producto interrumpe tanto el desarrollo de ácaros y de hongos, como de malos olores. Su efecto protector conserva su efectividad durante toda la vida útil del colchón.\r\n\r\nBase: Sommier con patas de madera torneada con ruedas para facilitar el movimiento.\r\nGarantia del colchón: 5 años.', 5, 3, NULL, 107, 1, 1),
(262, 'Sommier Perseus', 'Perseus', 'Perseus\r\nEstructura de resortes Pocket: (individuales)\r\nAltura: 31 cm.\r\nHi-Pillow Top de espuma de poliuretano Unicell®\r\nSistema Roll Free\r\nResortes Pocket\r\nEstructura de resortes enfundados que trabajan en forma individual permitiendo que el colchón se adapte perfectamente a la anatomía del cuerpo.\r\nReduce a la mínima expresión la transferencia de movimiento que puede producirse si uno de los miembros de la pareja se mueve o levanta durante la noche, brindando así un sueño más profundo y placentero, sin interrupciones.\r\nEvita el efecto \"rolling\", es decir, no permite que el cuerpo más pesado afecte al otro arrastrándolo hacia el centro del colchón.Tela: Tejido de punto totalmente matelasseada con trat. Antiácaros\r\n\r\nSistema HCS (Health Comfort System)\r\nDistribuye adecuadamente los puntos de presión ejercidos por el cuerpo en el momento de descanso minimizando la resistencia del colchón en dichos puntos, permitiendo la óptima circulación de flujo sanguíneo.\r\nHi-Pillow Top\r\nManta adicional de confort compuesta por una doble capa de espuma de poliuretano extra firme integrada por pequeñas celdas de alta homogeneidad que permiten el traspaso del aire.\r\nTela Silk con Antiácaros\r\nDelicado tejido con seda de distinguido diseño que contiene proteínas compatibles con la piel evitando irritaciones. Su alto grado de absorción evapora la humedad obteniendo la temperatura en el equilibrio justo. Posee tratamiento antiácaros previniendo la aparición de hongos y otros alergenos.\r\nAgarraderas laterales en propia tela\r\n\r\nBase: Sommier con patas de madera torneada con ruedas para facilitar el movimiento.\r\nGarantia del colchón: 5 años.', 5, 3, NULL, 108, 1, 1),
(263, 'Sommier Magnifisense', 'Magnifisense', 'Magnifisense\r\nEstructura de resortes Maxspring® (continuos)\r\nAltura: 31 cm\r\nPillow Top de espuma viscoelástica\r\nTela: Tejido de punto totalmente matelasseada con trat. Antiácaros\r\nSistema Roll Free\r\nResortes Maxspring\r\nSistema exclusivo de Suavestar compuesto por resortes continuos de acero de altísima resistencia que actúan como una unidad estructural, convirtiéndola en la estructura de resortes más firme del mercado. Por su diseño constructivo evita el efecto \"rolling\".\r\nPosee marcos perimetrales y estabilizadores laterales de acero templado que optimizan la superficie de utilización del colchón, otorgando máxima firmeza aún en los bordes. Esta firmeza en su superficie le brinda a la columna vertebral el soporte necesario para lograr la postura ideal para un descanso apropiado.\r\n\r\nViscoelastic Foam\r\nEspuma de alta tecnología creada por la NASA. que reacciona al peso y la temperatura corporal adaptándose suavemente a las curvas del cuerpo gracias a su estructura celular esférica, logrando aliviar las presiones ejercidas generando sensación de ingravidez. Este material de células abiertas permite el flujo del aire a través del colchón. Se reconoce por su lenta recuperación a la compresión, es decir, recupera lentamente su estado inicial sin sufrir deformación alguna.\r\n\r\nMaster Pillow Top\r\nManta adicional de confort compuesta por una generosa capa de espuma de alta recuperación que se adapta al cuerpo generando una suave y placentera sensación de ingravidez.\r\n\r\nTejido de Punto\r\nEs un tejido de costuras entramadas que forman una malla, bucle o punto obteniendo una sola estructura. La característica principal de este tejido, es la elasticidad que permite que el cuerpo se amolde perfectamente al mismo logrando un descanso confortable y realmente Suave.\r\nAgarraderas laterales en propia tela\r\n\r\nBase: Sommier con patas de madera torneada con ruedas para facilitar el movimiento.\r\nGarantia del colchón: 5 años.', 3, 5, NULL, 109, 1, 1),
(264, 'Sommier Esmeralda', 'Esmeralda', 'Esmeralda \r\n- Tela cotton-mix matelasse.\r\n- Espuma de alta densidad.\r\n- Agarres laterales.\r\n- Espesor de confort 22 cm.\r\n\r\nFICHA TÉCNICA\r\nSoporte	Firme\r\nAltura	Conjunto Esmeralda 55 cm.\r\nDensidad	26 kg/m3\r\n\r\nGARANTÍA: 3 años', 5, 9, NULL, 110, 1, 1),
(265, 'Sommier Marfil 21', 'Marfil 21', 'Marfil clasico\r\n- Altura: 21 cm.\r\n- Tela jackard-cotton.\r\n- Totalemnte matelasseado.\r\n\r\nSoporte	Extra-Firme\r\nAltura	Conjunto Top Plus 57 cm. \r\n\r\nDensidad	30 kg/m3\r\n\r\nGARANTÍA: 5 años', 5, 10, NULL, 111, 1, 1);
INSERT INTO `modelos` (`id`, `nombre`, `des_corta`, `descripcion`, `postura_id`, `tecnologia_id`, `garantia_id`, `item_id`, `orden`, `activo`) VALUES
(266, 'Sommier Marfil 25', 'Marfil 25', 'Marfil pillow Top\r\n- Altura: 25 cm.\r\n- Tela jackard-cotton.\r\n- Totalemnte matelasseado.\r\n\r\nSoporte	Extra-Firme\r\nAltura	Conjunto Top Plus 61 cm. \r\n\r\nDensidad	30 kg/m3\r\n\r\nGARANTÍA: 5 años', 5, 10, NULL, 112, 1, 1),
(267, 'Sommier Marfil 28', 'Marfil 28', 'Marfil Doble pillow Top plus\r\n- Altura: 28 cm.\r\n- Tela jackard-cotton.\r\n- Totalemnte matelasseado.\r\n\r\nSoporte	Extra-Firme\r\nAltura	Conjunto Top Plus 64 cm. \r\n\r\nDensidad	30 kg/m3\r\n\r\nGARANTÍA: 5 años', 5, 10, NULL, 113, 1, 1),
(268, 'Sommier Simetric', 'Simetric', 'Simetric\r\nResortes+Espuma\r\n3 ZONAS DE REFUERZOS\r\n\r\n- Tela matelasseada jackard-cotton.\r\n- Estructura interior combinada: Resortes tipo Bonnell, refuerzos transversales SDD, marco perimetral y mantas internas de espuma Mentflex de alta densidad. \r\n- Agarres laterales. \r\n- Altura: de 23 cm.  \r\n\r\n\r\nFICHA TÉCNICA\r\nRefuerzos adicionales	7 SDD\r\nZonas de refuerzo: Lumbares, cadera y rodillas\r\nAltura Conjunto Standard 56 cm.\r\n\r\nGARANTÍA: 5 años', 4, 4, NULL, 114, 1, 1),
(269, 'Sommier Simetric Pillow Top', 'Simetric Pillow Top', 'Simetric Pillow Top\r\nResortes+Espuma\r\n3 ZONAS DE REFUERZOS\r\n- Pillow con espuma Mentflex soft\r\n- Tela matelasseada jackard-cotton.\r\n- Estructura interior combinada: Resortes tipo Bonnell, refuerzos transversales SDD, marco perimetral y mantas internas de espuma Mentflex de alta densidad. \r\n- Agarres laterales. \r\n- Altura: de 32 cm.  \r\n\r\n\r\nFICHA TÉCNICA\r\nRefuerzos adicionales	7 SDD\r\nZonas de refuerzo Lumbares, cadera y rodillas\r\nAltura 	Conjunto 65 cm\r\n\r\nGARANTÍA: 5 años', 4, 4, NULL, 115, 1, 1),
(270, 'Sommier Complete', 'Complete', 'Complete clasico\r\nResortes+Espumas\r\nFirmeza y flexibilidad \r\n5 Zonas de Refuerzo\r\n\r\n- Tela matelasseada jackard-cotton. \r\n- Estructura interior combinada: resortes bicónicos de acero templado tipo Bonnell, refuerzos transversales SDD, marco perimetral y mantas internas de espuma Mentflex de alta densidad. \r\n- Dos opciones de confort: \r\nAltura: de 25 cm.  \r\n\r\n\r\nFICHA TÉCNICA\r\nRefuerzos \r\nadicionales	11 SSD [soporte de descanso]\r\nZonas de refuerzo	Cervicales, lumbares, cadera, rodillas y tobillos\r\nAltura	Conjunto 61 cm. \r\nRespirador	2 por lado\r\n\r\nGARANTÍA: 5 años', 5, 4, NULL, 116, 1, 1),
(271, 'Sommier Complete Pillow Top', 'Complete Pillow Top', 'Complete Pillow Top\r\nResortes+Espumas\r\nFirmeza y flexibilidad \r\n5 Zonas de Refuerzo\r\n- Pillow con espuma Mentflex soft.\r\n- Tela matelasseada jackard-cotton. \r\n- Estructura interior combinada: resortes bicónicos de acero templado tipo Bonnell, refuerzos transversales SDD, marco perimetral y mantas internas de espuma Mentflex de alta densidad. \r\n- Dos opciones de confort: \r\nAltura: de 32 cm.  \r\n\r\n\r\nFICHA TÉCNICA\r\nRefuerzos \r\nadicionales	11 SSD [soporte de descanso]\r\nZonas de refuerzo	Cervicales, lumbares, cadera, rodillas y tobillos\r\nAltura	Conjunto 68 cm. \r\nRespirador	2 por lado\r\n\r\nGARANTÍA: 5 años', 5, 4, NULL, 117, 1, 1),
(272, 'Sommier Axis', 'Axis', 'Axis\r\nresorte+Espuma\r\nREFUERZO EN CADERA\r\n- Tela matelasseada cotton-mix. \r\n- Estructura interior combinada: resortes bicónicos de acero templado tipo Bonnell y refuerzos transversales.\r\n- Agarres laterales. \r\n- SDD, marco perimetral y mantas internas de espuma Mentflex.\r\n- Espesor de confort de 25 cm.\r\n\r\nFICHA TÉCNICA\r\nRefuerzos adicionales	3 SDD [soporte de descanso]\r\nZonas de \r\nrefuerzo	Lumbares\r\nAltura	Conjunto Axis 58 cm.\r\n\r\nGARANTÍA: 3 años', 3, 4, NULL, 118, 1, 1),
(273, 'Sommier Jurere', 'Jurere', 'JURERE\r\n• CON EFECTO DINÁMICO\r\n• POCKET + HR\r\n• ESTRUCTURA DE SOPORTE PUNTUAL\r\nCARACTERÍSTICAS\r\nSuperficie de confort Mentflex High Resilence, una espuma de muy alta densidad y retorno instantáneo que acompaña inmediatamente al cuerpo y ofrece una sensación de contención muy agradable. Combinada con la respuesta puntual que brindan los resortes individuales enfundados, se obtiene el soporte necesario y preciso en cada punto de contacto.\r\nMATELASSE\r\n\r\nTela Jackard Cotton mix\r\nEspuma Mentflex 21 super soft\r\nSoporte Polipropileno light\r\n \r\nCAPAS\r\nCapa superior Mentflex Hard\r\nManta Mentflex High Resilence\r\nAislante Polipropileno de alta densidad\r\n 	 \r\nESTRUCTURA INTERNA\r\nBase Resortes pocket\r\nEspuma Mentflex de alta densidad\r\nCapa inferior Mentflex Hard\r\n 	 \r\nACCESORIOS\r\nManija lateral Enteriza longtudinal\r\nRespiraderos 4 (cuatro)', 6, 3, NULL, 119, 1, 1),
(274, 'Sommier Tahiti', 'Tahiti', 'TAHITI\r\n• CON EFECTO RELAJANTE\r\n• POCKET + VISCOLÁSTICA\r\n• ESTRUCTURA COMPUESTA\r\n\r\nCARACTERÍSTICAS\r\nSuperficie de confort en Mentflex Viscolástica, una espuma de muy alta densidad y retorno lento que produce un efecto de gran mullidez y una sensación de exhuberante rélax. Asociada con la respuesta puntual que brindan los resortes individuales enfundados, se logra el sostén óptimo en cada sitio específico de contacto.\r\nMATELASSE\r\nTela Jackard Cotton mix\r\nEspuma Mentflex 21 super soft\r\nSoporte Polipropileno light\r\n \r\nCAPAS\r\nCapa superior Mentflex Hard\r\nManta Mentflex Viscoelástica\r\nAsistente Polipropileno de alta densidad\r\n 	 \r\nESTRUCTURA INTERNA\r\nBase Resortes pocket\r\nMarco perimetral Mentflex de alta densidad\r\nCapa inferior Mentflex Hard\r\n 	 \r\nACCESORIOS\r\nManija lateral Enteriza longtudinal\r\nRespiraderos 4 (cuatro)', 3, 3, NULL, 120, 1, 1),
(275, 'Sommier Martinica', 'Martinica', 'Martinica\r\n• CON EFECTO EQUILIBRADO\r\n• MULTIPLE FOAM\r\n• ESTRUCTURA COMPUESTA\r\n\r\nCARACTERÍSTICAS\r\nSuperficie de confort en Mentflex Súper Soft 35, una espuma de alta densidad, respuesta firme y a la vez mullida que produce un efecto de rélax muy agradable. Este colchón es el único de la línea 3G, cuya estructura interna está íntegramente resuelta en espuma, con capas Mentflex de distinta flexibilidad y densidad que trabajan en conjunto para otorgar una respuesta amplia de soporte corporal.\r\n\r\nMATELASSE\r\nTela Jackard Cotton mix\r\nEspuma Mentflex 21 super soft\r\nSoporte Polipropileno light\r\n \r\nCAPAS\r\nCapa superior Mentflex Súper Soft 35\r\n 	 \r\nESTRUCTURA INTERNA\r\nDesarrollada a través de un núcleo Mentflex Hard 30\r\n 	 \r\nACCESORIOS\r\nManija lateral Enteriza longtudinal\r\nRespiraderos 4 (cuatro)', 5, 10, NULL, 121, 1, 1),
(276, 'Sommier Tulum', 'Tulum', 'TULUM\r\n• CON EFECTO EQUILIBRADO\r\n• MULTIPLE FOAM\r\n• ESTRUCTURA COMPUESTA\r\n\r\nCARACTERÍSTICAS\r\nSuperficie de confort en Mentflex Súper Soft 35, una espuma de alta densidad y rápido retorno que recibe agradablemente al cuerpo. Produce una sensación de contención y firmeza que en combinación con la estructura interna de resortes Bonnell inyectados con espuma poliuretánica (innovación de Topacio) genera un efecto quiropráctico que conjuga la solidez y estabilidad de la espuma con la flexibilidad de los resortes.\r\nMATELASSE\r\nTela	Jackard Cotton mix\r\nEspuma	Mentflex 21 super soft\r\nSoporte	Polipropileno light\r\n \r\nCAPAS\r\nCapa Superior Mentflex Súper Soft 35\r\nManta Mentflex Hard\r\nAislante Polipropileno de alta densidad\r\n 	 \r\nESTRUCTURA INTERNA\r\nBase Resortes Bonnell\r\nMarco perimetral Mentflex de alta densidad\r\nCapa inferior Mentflex Hard\r\n 	 \r\nACCESORIOS\r\nManija lateral Enteriza longtudinal\r\nRespiraderos 4 (cuatro)', 6, 6, NULL, 122, 1, 1),
(277, 'Sommier Sport', 'Sport', 'Modelo  Sport fabricado por ', 5, 9, NULL, 123, 1, 1),
(278, 'Sommier Fit Memory', 'Fit Memory', 'Modelo Fit-Memory:\r\n\r\nColchón bicapa con:\r\n1 capa de 18 cm. De espuma Fit Foam de 50 kg/m3(descripción previa) \r\ny otra cacpa de 5 cm. De espuma Sensorial Memory de 50 kg/m3 (viscoelástica)\r\nque le otorga una inmejorable sensación anatómica.\r\n\r\nTotalmente Hipoalergénico', 5, 4, NULL, 163, 1, 1),
(279, 'Sommier Quilt', 'Quilt', '*  Sistema de resortes Bonnell  perfectamente entrelazados.\r\n\r\n*  Doble Marco Perimetral de acero  que permite el 100% de superficie  de descanso.\r\n\r\n*  Estabilizadores laterales SPG que  otorgan mayor vida útil al  colchón.\r\n\r\n*  Ergo Spand®: Cilindros de  polipropileno expandido de alta  densidad. Refuerzan la zona  lumbar y asegura mayor firmeza  estructural.\r\n\r\n*  Relleno de espuma de alta  densidad\r\n\r\n*  Tela Tejido de Punto\r\n\r\n*  One Face®: Novedosa tecnología  interna que permite no rotar el  colchón\r\n\r\n*  Altura: 27 cm.\r\n\r\n*  Garantia: 10 años', 5, 4, NULL, 163, 1, 1),
(280, 'Sommier NeoRelax', 'NeoRelax', 'CARACTERISTICAS  NeoRelax:\r\n- Inyectado en moldes cerrados.\r\n- Poliuretano Flexible MDI. A Base de materiales NO Tóxicos.\r\n- Densidad 60 kg/m3. Mayor durabilidad y resistencia a la deformación.\r\n- No posee insertos metálicos de ningún tipo.\r\nDETALLES ÚNICOS :\r\n- Colchón desarmable en tres piezas.\r\n- Amortiguadores realizados en poliuretano con una densidad de 60 kg/m3.\r\n- No requiere rotación.\r\n- Canales internos de aireación que otorga una sensación de frescura al dormir.\r\n- Puede ser utilizado en toda su superficie.\r\n- No transfiere movimiento.\r\n- Funda desmontable y lavable', 6, 16, NULL, 164, 1, 1),
(281, 'Sommier Cardigan Pillow Top', 'Cardigan Pillow Top', 'Tapa con Capitonee de lujo.\r\nSoporte de espuma de alta densidad.\r\nPatas de madera lustrada.\r\nDoble marco perimetral de acero.\r\nMarco adicional HARD BELT de espuma “HR” (high resistence). Sistema de resortes bicónicos.\r\nEstructura de resortes reforzada con espuma de alta densidad.', 5, 4, NULL, 165, 1, 1),
(282, 'Sommier Realeza Exclusive', 'Realeza Exclusive', 'Euro Top extra alto con combinación de espuma soft y HR que favorece la relajación del cuerpo. Patas de madera lustrada.\r\nSoporte adicional de espuma HR que mejora el confort.\r\nDoble marco perimetral de acero.\r\nMarco adicional HARD BELT de espuma “HR” (high resistence). Sistema de resortes bicónicos.\r\nEstructura de resortes reforzada con espuma de alta densidad.\r\nTejido de punto aromatizado.\r\nExclusivo capitonee Tack and Jump.', 4, 4, NULL, 166, 1, 1),
(283, 'Sommier Dynasty', 'Dynasty', 'Lado Invierno: posee una capa euro-top matelasseada con guata siliconada\r\nque brinda mullidez y máximo confort.\r\nLado Verano: posee una manta multiforma que permite la aireación entre el cuerpo y el colchón. Marco adicional HARD BELT de espuma “HR” (High resistence).\r\nEstabilizadores dobles en todos sus laterales.\r\nEstructura de resortes reforzada.', 5, 4, NULL, 167, 1, 1),
(284, 'Sommier Terra Jacquard', 'Terra Jacquard', 'Revestido en Jaquard Matelasseado. Diseño exclusivo.\r\nCubierto de espuma de poliuretano de alta densidad.\r\nDoble marco perimetral de acero.\r\nEstabilizadores dobles en todos sus laterales.\r\nEstructura de resortes reforzada en su interior con espuma de poliuretano que otorga mayor firmeza.', 3, 4, NULL, 168, 1, 1),
(285, 'Sommier Shankar', 'Shankar', 'Colchón de resortes pocket\r\nMáxima tecnología aplicada al descanso.\r\nConfeccionado con sofisticadas telas que realzan su textura, \r\neste modelo es exclusivo para aquellos usuarios que aprecian los beneficios de un descanso saludable.\r\nPOCKET SPRINGS\r\nEstructura de Resortes Individuales encapsulados, que trabajan individualmente adaptándose a la anatomía del cuerpo.\r\nBOTH SIDE PILLOW\r\nDoble acolchado superior e inferior de espuma High Resilience, que amortigua los puntos de presión corporal.\r\nLONG-TERM FIRMNESS\r\nSistema de estabilizadores perimetrales que ofrecen firmeza, rigidez y estabilidad\r\nevitando deformaciones y maximizando la utilización del colchón en toda su superficie.\r\nTEJIDO DE PUNTO ULTRA SOFT\r\nDelicada tela con tratamiento anti ácaros cuya flexibilidad garantiza un descanso acogedor y a temperatura ideal.\r\nEXTRA SUPPORT\r\nExclusiva tela antideslizante cuya firmeza y resistencia le otorga estabilidad a la estructura general del colchón.\r\nDOUBLE SIDE SYSTEM\r\nSistema de maximización de la vida útil del colchón que implica dar vuelta el mismo periódicamente,\r\n equilibrando la amortiguación en ambas caras de los puntos de mayor presión corporal.\r\n*garantia 12 años', 5, 3, NULL, 169, 1, 1),
(286, 'Boxspring Primor de Luxe', 'Primor de Luxe', 'Es el primero modelo de resorte que diseñamos y fabricamos y sigue siendo uno de los más vendidos.\r\n \r\nEl modelo Primor de Luxe le brindara un descanso suave y relajante gracias a sus resortes helicoidales que, mediante el exclusivo sistema La Cardeuse Solidary Link, están unidos de manera tal que trabajan en conjunto y permiten que el cuerpo se distienda en todo el plano del colchón.\r\n \r\nTecnología Flip For Better, que proporciona al colchón las mismas propiedades de ambos lados. Para facilitar la rotación del producto, éste cuenta con el sistema Easy Handle de 4 manijas laterales.\r\n \r\nCuenta con una combinación de capas de espuma de última generación y está totalmente tapizado y matelaseado con Jackard, con protección contra el polvo ambiental y los malos olores.', 3, 4, NULL, 38, 1, 1),
(287, 'Boxspring Privelle', 'Privelle', 'Es una de los modelos más elegidos en colchón de resortes.\r\n \r\nEl modelo Privelle brindara una posición perfecta de descanso gracias a sus resortes helicoidales que trabajan en conjunto con el exclusivo sistema La Cardeuse Solidary Link y permiten que el cuerpo se distienda en todo el plano del colchón.\r\n \r\nCuenta con Gradual Feeling Anti Stress, una novedosa disposición y matelaseado de la zona de confort que presenta una sensación mullida al primer contacto para luego encontrar el soporte necesario para una comodidad superior.\r\n \r\nTecnología Flip For Better, que proporciona al colchón las mismas propiedades de ambos lados. Para facilitar la rotación del producto, éste cuenta con el sistema Easy Handle de 4 manijas laterales.\r\n \r\nCuenta con una combinación de capas de espuma de última generación y está totalmente tapizado y matelaseado con Jackard, con protección contra el polvo ambiental y los malos olores.', 3, 4, NULL, 39, 1, 1),
(288, 'Boxspring BonellTop', 'BonellTop', 'Es una de las gamas más altas de colchones, por esto es también uno de los más elegidos por las grandes cadenas hoteleras.\r\n \r\nEl modelo Bonelltop le brindara una posición perfecta de descanso sin interrupciones gracias a sus resortes de máxima flexibilidad. Cuenta con el exclusivo sistema La Cardeuse Solidary Link, que permite que los resortes trabajen en conjunto para lograr un soporte suave y relajante\r\n \r\nCuenta con Gradual Feeling Anti Stress, una novedosa disposición y matelaseado de la zona de confort que presenta una sensación mullida al primer contacto para luego encontrar el soporte necesario para una comodidad superior.\r\n \r\n Tecnología Flip For Better, que proporciona al colchón las mismas propiedades de ambos lados. Para facilitar la rotación del producto, éste cuenta       con el sistema Easy Handle de 4 manijas laterales.\r\n \r\n En el exterior está totalmente tapizado y matelaseado con Jackard, y cuenta con Doble Pillow Top que es un acolchado', 3, 4, NULL, 40, 1, 1),
(289, 'Boxspring Nouvelle', 'Nouvelle', 'El modelo Nouvelle le brindara un descanso ininterrumpido gracias a sus resortes con sistema La Cardeuse Body Surround, el cual permite que el colchón se adapte al contorno del cuerpo, absorbiendo al máximo la transferencia de movimientos.\r\n \r\nLas cubiertas internas están diseñadas y desarrolladas específicamente para dar una mejor sensación de firmeza y relajación, cuidando la postura del cuerpo.\r\n \r\nTecnología Flip For Better, que proporciona al colchón las mismas propiedades de ambos lados. Para facilitar la rotación del producto, éste cuenta con el sistema Easy Handle de 4 manijas laterales.\r\n \r\nPor el lado externo la terminación se realiza de ambas caras del colchón con un matelase suave y compacto el cual dará una sensación única al acostarse.', 4, 3, NULL, 41, 1, 1),
(290, 'Boxspring DoFuan', 'DoFuan', 'El modelo Dofuan le brindara una posición perfecta de descanso sin interrupciones gracias a sus resortes envueltos de forma individual. Cuenta con el sistema La Cardeuse Body Surround, el cual permite que el colchón se adapte al contorno del cuerpo, absorbiendo al máximo la transferencia de movimientos.\r\nLas cubiertas internas están diseñadas y desarrolladas específicamente para dar una mejor sensación de firmeza y relajación, cuidando la postura del cuerpo.\r\nTecnología Flip For Better, que proporciona al colchón las mismas propiedades de ambos lados. Para facilitar la rotación del producto, éste cuenta con el sistema Easy Handle de 4 manijas laterales.\r\nCuenta con Gradual Feeling Anti Stress, una novedosa disposición y matelaseado de la zona de confort que presenta una sensación mullida al primer contacto para luego encontrar el soporte y firmeza necesarios para una comodidad superior.\r\nPor el lado externo la terminación se realiza de ambas caras del colchón con un matelase de gran espesor, el cual dará una sensación única al acostarse ya que logra combinar a la perfección la suavidad y la firmeza.', 4, 3, NULL, 42, 1, 1),
(291, 'Boxspring TopFuan', 'TopFuan', 'Es una de las gamas más altas en colchón de resortes, por esto es también uno de los más elegidos por las grandes cadenas hoteleras.\r\n\r\nEl modelo Topfuan le brindara una posición perfecta de descanso sin interrupciones gracias a sus resortes envueltos de forma individual. Cuenta con el sistema La Cardeuse Body Surround, el cual permite que el colchón se adapte al contorno del cuerpo, absorbiendo al máximo la transferencia de movimientos.\r\n\r\nLas cubiertas internas están diseñadas y desarrolladas específicamente para dar una mejor sensación de firmeza y relajación cuidando la postura del cuerpo\r\n\r\nTecnología Flip For Better, que proporciona al colchón las mismas propiedades de ambos lados. Para facilitar la rotación del producto, éste cuenta con el sistema Easy Handle de 4 manijas laterales.\r\n\r\nCuenta con Gradual Feeling Anti Stress, una novedosa disposición y matelaseado de la zona de confort que presenta una sensación mullida al primer contacto para luego encontrar el soporte y firmeza necesarios para una comodidad superior.\r\n\r\nPor el lado externo la terminación se realiza de ambas caras del colchón con un matelase de gran espesor y el sistema Doble Pillow Top, un acolchado flotante adicional que maximiza el efecto “Gradual Feeling Anti Stress”.', 5, 3, NULL, 43, 1, 1),
(292, 'Boxspring LC 500', 'LC 500', 'Este colchón es la gama más alta y completa en resortes helicoidales, está fabricado y garantizado por la calidad de La Cardeuse.\r\nHasta 500 resortes de acero templado de máxima elasticidad le otorgaran una amortiguación perfecta, logrando un placentero descanso. Estos resortes trabajan en conjunto gracias al exclusivo sistema La Cardeuse Solidary Link. Al estar unidos, se llega a una comodidad mayor, permitiendo que el cuerpo se distienda en todo el plano del colchón.\r\nSu complemento ideal es el nuevo sistema de acolchado flotante Doble Pillow Top especial para Sleep Art, que se encuentra de ambos lados del colchón y cuenta con una novedosa combinación de capas extra de espuma que lo diferencian de cualquier otro colchón.\r\nTecnología Flip For Better, que proporciona al colchón las mismas propiedades de ambos lados. Para facilitar la rotación del producto, éste cuenta con el sistema Easy Handle de 4 manijas laterales.\r\nTodo está tapizado y matelaseado con tela Jackard de algodón con procesos de última generación que protegen el colchón contra el polvo ambiental y los malos olores.', 3, 4, NULL, 44, 1, 1),
(293, 'Boxspring LC 1000', 'LC 1000', 'Este colchón es la gama más alta y más completa en resortes individuales.\r\n \r\nHasta 1000 resortes de acero templado de máxima elasticidad envueltos de forma individual le otorgaran una amortiguación perfecta, logrando un placentero descanso sin interrupciones. Cuenta con el sistema La Cardeuse Body Surround, el cual permite que el colchón se adapte al contorno del cuerpo, absorbiendo al máximo la transferencia de movimientos.\r\n \r\nSu complemento ideal es el nuevo sistema de acolchado flotante Doble Pillow Top especial para Sleep Art, que se encuentra de ambos lados del colchón y cuenta con una novedosa combinación de capas extra de espuma que lo diferencian de cualquier otro colchón.\r\n \r\nTecnología Flip For Better, que proporciona al colchón las mismas propiedades de ambos lados. Para facilitar la rotación del producto, éste cuenta con el sistema Easy Handle de 4 manijas laterales.\r\n \r\nTodo está tapizado y matelaseado con tela Jackard de algodón con procesos de última generación que protegen el colchón contra el', 5, 3, NULL, 45, 1, 1),
(294, 'Boxspring Jackie', 'Jackie', '*  Sistema de resortes Bonnell  perfectamente entrelazados.\r\n\r\n*  Doble Marco Perimetral de  acero que permite el 100% de  superficie de descanso.\r\n\r\n*  Estabilizadores laterales SPG  que otorgan mayor vida útil al  colchón.\r\n\r\n*  SPG Eurotop®: Innovadora  manta adicional de confort.\r\n\r\n*  Rellenos de espuma de  densidad superior\r\n\r\n*  Tela Jackard, Algodón, Poliéster.\r\n\r\n*  One Face®: Novedosa  tecnología interna que permite  no rotar el colchón.\r\n\r\n*  Altura: 24 cm.', 4, 4, NULL, 81, 1, 1),
(295, 'Boxspring Multilastic', 'Multilastic', '*  Sistema de resortes continuos,  entrelazados y sin nudos.  Mejora la distribución del peso.\r\n\r\n*  Doble Marco Perimetral de  acero que permite el 100% de  superficie de descanso.\r\n\r\n*  Estabilizadores laterales SPG  que otorgan mayor vida útil al  colchón.\r\n\r\n*  Relleno de espuma de alta  densidad\r\n\r\n*  Tela Jackard, Algodón, Viscosa.\r\n\r\n*  One Face®: Novedosa  tecnología interna que permite  no rotar el colchón.\r\n\r\n*  Altura: 25 cm.\r\n\r\n*  Garantia: 6 años', 4, 5, NULL, 82, 1, 1),
(296, 'Boxspring Gran Realce', 'Gran Realce', '*  Sistema resortes Bonnell  perfectamente entrelazados. \r\n\r\n*  MDoble arco Perimetral de acero  que permite el 100% de superficie  de descanso.\r\n\r\n*  Estabilizadores laterales SPG que  otorgan mayor vida útil al colchón.\r\n\r\n*  Rellenos de espuma de densidad  superior y de espuma soft.\r\n\r\n*  Tela Piqué de algodón.\r\n\r\n*  Tejido Inteligente 3D Air Supplier®:  Consiste en un tejido que permite la  libre circulación de aire en el interior  del colchón.\r\n\r\n*  One Face®: Novedosa tecnología  interna que permite no rotar el  colchón.\r\n\r\n*  Altura: 26 cm.\r\n\r\n*  Garantia: 6 años', 4, 4, NULL, 83, 1, 1),
(297, 'Boxspring Power', 'Power', '*  Sistema de resortes Pocket  que minimiza la  transferencia de  movimiento.\r\n\r\n*  Doble Marco Perimetral de  acero que permite el 100%  de superficie de descanso.\r\n\r\n*  Estabilizadores laterales SPG  que otorgan mayor vida útil  al colchón.\r\n\r\n*  Refuerzo estructural de  espuma de alto impacto.\r\n\r\n*  Rellenos de espuma de  densidad superior\r\n\r\n*  Tela Piqué de Algodón.\r\n\r\n*  One Face®: Novedosa  tecnología interna que  permite no rotar el colchón.\r\n\r\n*  Altura: 26 cm.\r\n\r\n*  Garantia: 6 años', 5, 3, NULL, 84, 1, 1),
(298, 'Boxspring Magnetic', 'Magnetic', '*  Sistema de resortes Pocket que  minimiza la transferencia de  movimiento.\r\n\r\n*  Doble Marco perimetral de acero que otorgan mayor resistencia a la estructura.\r\n\r\n*  Estabilizadores laterales SPG que  otorgan mayor vida útil al  colchón.\r\n\r\n*  Refuerzo estructural de espuma  de alto impacto.\r\n\r\n*  SPG Eurotop®: Innovadora manta  adicional de confort con  ProLatex®.\r\n\r\n*  Incorporated Fragances: \r\n\r\nMicrocápsulas aromáticas de  EUCALIPTO: se liberan  gradualmente con el contacto.  Aroma continuo y gradual.  Combate el agotamiento y el  letargo. Estimulante y tonificante.  Elimina gérmenes y bacterias.  Activa el sistema inmunológico.\r\n\r\n*  Relleno de espumas ProLatex® y  espumas de densidad superior.\r\n\r\n*  Tela Tejido de Punto.\r\n\r\n*  One Face®: Novedosa tecnología  interna que permite no rotar el  colchón.\r\n\r\n*  Altura: 29 cm.\r\n\r\n*  Garantia: 10 años', 4, 3, NULL, 85, 1, 1),
(299, 'Boxspring Maximus', 'Maximus', '*  Sistema de resortes Pocket que minimiza la  transferencia de movimiento.\r\n\r\n*  Estabilizadores laterales SPG que otorgan  mayor vida útil al colchón.\r\n\r\n*  Doble Marco Perimetral de acero.\r\n\r\n*  Tecnología CSC (Completly Smooth Cover)\r\n\r\n*  Capas de espuma viscoelástica\r\n\r\n*  Air Modular System®: Brinda una mullida  sensación de confort y frescura.\r\n\r\n*  Refuerzo estructural de espuma de alto  impacto.\r\n\r\n*  SPG Air®: 2 aireadores laterales que  dosifican el paso del aire y permiten una  permanente ventilación en el interior del  colchón.\r\n\r\n*  Soja‐Bamboo: Tejido suave al tacto,  antibacteriano, antihongos,  termorregulador, antialérgico. Estimulante  natural del metabolismo. Reduce el  cansancio y el stress. Gran absorción de  humedad corporal. Resistente al desgaste.\r\n\r\n*  Rellenos de espumas Soft y espumas de  alta densidad.\r\n\r\n*  Tela Tejido de Punto\r\n\r\n*  One Face®: Novedosa tecnología interna  que permite no rotar el colchón.\r\n\r\n*  Altura: 31 cm.\r\n\r\n*  Garantía: 10 años', 5, 4, NULL, 163, 1, 1),
(300, 'Boxspring Quilt', 'Quilt', '*  Sistema de resortes Bonnell  perfectamente entrelazados.\r\n\r\n*  Doble Marco Perimetral de acero  que permite el 100% de superficie  de descanso.\r\n\r\n*  Estabilizadores laterales SPG que  otorgan mayor vida útil al  colchón.\r\n\r\n*  Ergo Spand®: Cilindros de  polipropileno expandido de alta  densidad. Refuerzan la zona  lumbar y asegura mayor firmeza  estructural.\r\n\r\n*  Relleno de espuma de alta  densidad\r\n\r\n*  Tela Tejido de Punto\r\n\r\n*  One Face®: Novedosa tecnología  interna que permite no rotar el  colchón\r\n\r\n*  Altura: 27 cm.\r\n\r\n*  Garantia: 10 años', 5, 4, NULL, 163, 1, 1),
(301, 'Colchón  Inedit 20', 'Colchón  Inedit 20', 'Colchón  Inedit 20', 4, 9, NULL, 32, 1, 1),
(302, 'Colchón  Super Plus 18', 'Colchón  Super Plus 18', 'Colchón  Super Plus 18', 4, 8, NULL, 31, 1, 1),
(303, 'Colchón  Sueño', 'Colchón  Sueño', 'Colchón  Sueño', 4, 8, NULL, 94, 1, 1),
(304, 'Colchón con Sommier  Imperio', 'Colchón con  Imperio', 'Colchón con Sommier  Imperio', 4, 4, NULL, 63, 1, 1),
(305, 'Colchón con Sommier  Terra Top', 'Colchón con  Terra Top', 'Colchón con Sommier  Terra Top', 3, 4, NULL, 62, 1, 1),
(306, 'Colchón  Belflex 20', 'Colchón  Belflex 20', 'Colchón  Belflex 20', 4, 8, NULL, 1, 1, 1),
(307, 'Multibox', 'Multibox', 'Sommier Multibox', 7, 9, NULL, 2, 1, 1),
(308, 'testtt ashok', 'Lorem Ipsum 22', 'Lorem Ipsum is simply dummy text of the printing and typesetting industry.asd asd sa', 5, 8, 7, 9, 1, 1);

-- --------------------------------------------------------

--
-- Table structure for table `model_has_permissions`
--

DROP TABLE IF EXISTS `model_has_permissions`;
CREATE TABLE IF NOT EXISTS `model_has_permissions` (
  `permission_id` bigint(20) UNSIGNED NOT NULL,
  `model_type` varchar(191) COLLATE utf8mb4_unicode_ci NOT NULL,
  `model_id` bigint(20) UNSIGNED NOT NULL,
  PRIMARY KEY (`permission_id`,`model_id`,`model_type`),
  KEY `model_has_permissions_model_id_model_type_index` (`model_id`,`model_type`)
) ENGINE=MyISAM DEFAULT CHARSET=utf8mb4 COLLATE=utf8mb4_unicode_ci;

-- --------------------------------------------------------

--
-- Table structure for table `model_has_roles`
--

DROP TABLE IF EXISTS `model_has_roles`;
CREATE TABLE IF NOT EXISTS `model_has_roles` (
  `role_id` bigint(20) UNSIGNED NOT NULL,
  `model_type` varchar(191) COLLATE utf8mb4_unicode_ci NOT NULL,
  `model_id` bigint(20) UNSIGNED NOT NULL,
  PRIMARY KEY (`role_id`,`model_id`,`model_type`),
  KEY `model_has_roles_model_id_model_type_index` (`model_id`,`model_type`)
) ENGINE=MyISAM DEFAULT CHARSET=utf8mb4 COLLATE=utf8mb4_unicode_ci;

--
-- Dumping data for table `model_has_roles`
--

INSERT INTO `model_has_roles` (`role_id`, `model_type`, `model_id`) VALUES
(1, 'App\\User', 1),
(2, 'App\\User', 12);

-- --------------------------------------------------------

--
-- Table structure for table `password_resets`
--

DROP TABLE IF EXISTS `password_resets`;
CREATE TABLE IF NOT EXISTS `password_resets` (
  `email` varchar(255) COLLATE utf8mb4_unicode_ci NOT NULL,
  `token` varchar(255) COLLATE utf8mb4_unicode_ci NOT NULL,
  `created_at` timestamp NULL DEFAULT NULL
) ENGINE=InnoDB DEFAULT CHARSET=utf8mb4 COLLATE=utf8mb4_unicode_ci;

--
-- Dumping data for table `password_resets`
--

INSERT INTO `password_resets` (`email`, `token`, `created_at`) VALUES
('ashok@nrt.co.in', '5wxQxSYWY2PzjrSjJAoSzZdopBt4YG78cS5OncebCsr3GhOVkeCsNcMtJNWU', '2018-04-15 23:36:24'),
('admin@nrtsms.com', '$2y$10$O/grSISUIW3u5JgJqAm5k.q/fdbO6et2wOVF5CQaS.nuhmOvVpH4a', '2020-07-27 08:03:19');

-- --------------------------------------------------------

--
-- Table structure for table `permissions`
--

DROP TABLE IF EXISTS `permissions`;
CREATE TABLE IF NOT EXISTS `permissions` (
  `id` bigint(20) UNSIGNED NOT NULL AUTO_INCREMENT,
  `name` varchar(191) COLLATE utf8mb4_unicode_ci NOT NULL,
  `guard_name` varchar(191) COLLATE utf8mb4_unicode_ci NOT NULL,
  `created_at` timestamp NULL DEFAULT NULL,
  `updated_at` timestamp NULL DEFAULT NULL,
  PRIMARY KEY (`id`)
) ENGINE=MyISAM AUTO_INCREMENT=38 DEFAULT CHARSET=utf8mb4 COLLATE=utf8mb4_unicode_ci;

--
-- Dumping data for table `permissions`
--

INSERT INTO `permissions` (`id`, `name`, `guard_name`, `created_at`, `updated_at`) VALUES
(1, 'edit-profile', 'web', '2020-07-27 06:41:38', '2020-07-27 06:41:38'),
(2, 'employee-list', 'web', '2020-07-27 06:41:38', '2020-07-27 06:41:38'),
(3, 'employee-create', 'web', '2020-07-27 06:41:38', '2020-07-27 06:41:38'),
(4, 'employee-edit', 'web', '2020-07-27 06:41:38', '2020-07-27 06:41:38'),
(5, 'employee-view', 'web', '2020-07-27 06:41:38', '2020-07-27 06:41:38'),
(6, 'employee-delete', 'web', '2020-07-27 06:41:38', '2020-07-27 06:41:38'),
(7, 'employee-action', 'web', '2020-07-27 06:41:38', '2020-07-27 06:41:38'),
(8, 'supplier-list', 'web', '2020-07-27 06:41:38', '2020-07-27 06:41:38'),
(9, 'supplier-create', 'web', '2020-07-27 06:41:38', '2020-07-27 06:41:38'),
(10, 'supplier-edit', 'web', '2020-07-27 06:41:38', '2020-07-27 06:41:38'),
(11, 'supplier-delete', 'web', '2020-07-27 06:41:38', '2020-07-27 06:41:38'),
(12, 'supplier-action', 'web', '2020-07-27 06:41:38', '2020-07-27 06:41:38'),
(13, 'purchase-order-list', 'web', '2020-07-27 06:41:38', '2020-07-27 06:41:38'),
(14, 'purchase-order-create', 'web', '2020-07-27 06:41:38', '2020-07-27 06:41:38'),
(15, 'purchase-order-view', 'web', '2020-07-27 06:41:38', '2020-07-27 06:41:38'),
(16, 'purchase-order-download', 'web', '2020-07-27 06:41:38', '2020-07-27 06:41:38'),
(17, 'purchase-order-action', 'web', '2020-07-27 06:41:38', '2020-07-27 06:41:38'),
(18, 'purchase-return-list', 'web', '2020-07-27 06:41:38', '2020-07-27 06:41:38'),
(19, 'purchase-return-create', 'web', '2020-07-27 06:41:38', '2020-07-27 06:41:38'),
(20, 'purchase-stock-list', 'web', '2020-07-27 06:41:38', '2020-07-27 06:41:38'),
(21, 'purchase-stock-create', 'web', '2020-07-27 06:41:38', '2020-07-27 06:41:38'),
(22, 'customer-list', 'web', '2020-07-27 06:41:38', '2020-07-27 06:41:38'),
(23, 'customer-create', 'web', '2020-07-27 06:41:38', '2020-07-27 06:41:38'),
(24, 'customer-edit', 'web', '2020-07-27 06:41:38', '2020-07-27 06:41:38'),
(25, 'customer-delete', 'web', '2020-07-27 06:41:38', '2020-07-27 06:41:38'),
(26, 'customer-action', 'web', '2020-07-27 06:41:38', '2020-07-27 06:41:38'),
(27, 'sales-order-list', 'web', '2020-07-27 06:41:38', '2020-07-27 06:41:38'),
(28, 'sales-order-create', 'web', '2020-07-27 06:41:38', '2020-07-27 06:41:38'),
(29, 'sales-order-view', 'web', '2020-07-27 06:41:38', '2020-07-27 06:41:38'),
(30, 'sales-order-download', 'web', '2020-07-27 06:41:38', '2020-07-27 06:41:38'),
(31, 'sales-order-action', 'web', '2020-07-27 06:41:38', '2020-07-27 06:41:38'),
(32, 'sales-return-list', 'web', '2020-07-27 06:41:38', '2020-07-27 06:41:38'),
(33, 'sales-return-create', 'web', '2020-07-27 06:41:38', '2020-07-27 06:41:38'),
(34, 'reports-weekly', 'web', '2020-07-27 06:41:38', '2020-07-27 06:41:38'),
(35, 'reports-monthly', 'web', '2020-07-27 06:41:38', '2020-07-27 06:41:38'),
(36, 'reports-custom', 'web', '2020-07-27 06:41:38', '2020-07-27 06:41:38'),
(37, 'reports-all', 'web', '2020-07-27 06:41:38', '2020-07-27 06:41:38');

-- --------------------------------------------------------

--
-- Table structure for table `posturas`
--

DROP TABLE IF EXISTS `posturas`;
CREATE TABLE IF NOT EXISTS `posturas` (
  `id` int(10) UNSIGNED NOT NULL AUTO_INCREMENT,
  `nombre` varchar(100) COLLATE utf8_unicode_ci NOT NULL,
  PRIMARY KEY (`id`),
  UNIQUE KEY `nombre_unique` (`nombre`),
  UNIQUE KEY `posturas_nombre_unique` (`nombre`)
) ENGINE=InnoDB AUTO_INCREMENT=9 DEFAULT CHARSET=utf8 COLLATE=utf8_unicode_ci;

--
-- Dumping data for table `posturas`
--

INSERT INTO `posturas` (`id`, `nombre`) VALUES
(6, 'Extra Firm'),
(5, 'Firm'),
(1, 'Hiper Soft'),
(4, 'Medium Firm'),
(3, 'Medium Soft'),
(7, 'No Registra'),
(2, 'Soft'),
(8, 'testtt uopdae');

-- --------------------------------------------------------

--
-- Table structure for table `productos`
--

DROP TABLE IF EXISTS `productos`;
CREATE TABLE IF NOT EXISTS `productos` (
  `id` int(10) UNSIGNED NOT NULL AUTO_INCREMENT,
  `nombre` varchar(200) COLLATE utf8_unicode_ci NOT NULL,
  `item_id` int(10) UNSIGNED NOT NULL,
  `categoria_id` int(10) UNSIGNED NOT NULL,
  `marca_id` int(10) UNSIGNED NOT NULL,
  `modelo_id` int(10) UNSIGNED NOT NULL,
  `medida_id` int(10) UNSIGNED NOT NULL,
  `altura_id` int(10) UNSIGNED NOT NULL,
  `precio` double(8,2) UNSIGNED NOT NULL,
  `stock` int(10) UNSIGNED NOT NULL,
  `tecnologia_id` int(10) UNSIGNED DEFAULT NULL,
  `garantia_id` int(10) UNSIGNED DEFAULT NULL,
  `postura_id` int(10) UNSIGNED DEFAULT NULL,
  `oferta` int(10) UNSIGNED DEFAULT NULL,
  `destacado` int(10) UNSIGNED DEFAULT NULL,
  `novedad` int(10) UNSIGNED DEFAULT NULL,
  `activo` int(10) UNSIGNED DEFAULT NULL,
  `slug` varchar(255) COLLATE utf8_unicode_ci NOT NULL,
  `item_imagen` int(10) UNSIGNED DEFAULT NULL,
  `imagen` varchar(150) COLLATE utf8_unicode_ci DEFAULT NULL,
  PRIMARY KEY (`id`),
  UNIQUE KEY `nombre_unique` (`nombre`),
  UNIQUE KEY `productos_nombre_unique` (`nombre`),
  KEY `productos_item_id_index` (`item_id`),
  KEY `productos_categoria_id_index` (`categoria_id`),
  KEY `productos_marca_id_index` (`marca_id`),
  KEY `productos_modelo_id_index` (`modelo_id`),
  KEY `productos_medida_id_index` (`medida_id`),
  KEY `productos_altura_id_index` (`altura_id`),
  KEY `productos_tecnologia_id_index` (`tecnologia_id`),
  KEY `productos_garantia_id_index` (`garantia_id`),
  KEY `productos_postura_id_index` (`postura_id`)
) ENGINE=InnoDB AUTO_INCREMENT=11963 DEFAULT CHARSET=utf8 COLLATE=utf8_unicode_ci;

--
-- Dumping data for table `productos`
--

INSERT INTO `productos` (`id`, `nombre`, `item_id`, `categoria_id`, `marca_id`, `modelo_id`, `medida_id`, `altura_id`, `precio`, `stock`, `tecnologia_id`, `garantia_id`, `postura_id`, `oferta`, `destacado`, `novedad`, `activo`, `slug`, `item_imagen`, `imagen`) VALUES
(29, 'Colchón  Sueño 0,80 x 1,90 x 20', 94, 1, 1, 303, 2, 7, 2543.00, 0, 8, 1, 4, 0, 0, 29, 0, '', 94, 'suenio.jpg'),
(30, 'Colchón  Sueño 0,90 x 1,90 x 20', 94, 1, 1, 303, 4, 7, 2986.00, 0, 8, 1, 4, 0, 0, 29, 0, '', 94, 'suenio.jpg'),
(31, 'Colchón  Sueño 1,00 x 1,90 x 20', 94, 1, 1, 303, 6, 7, 3275.00, 11, 8, 1, 4, 0, 0, 29, 1, '', 94, 'suenio.jpg'),
(32, 'Colchón  Sueño 1,30 x 1,90 x 20', 94, 1, 1, 303, 10, 7, 4211.00, 2, 8, 1, 4, 0, 0, 29, 1, '', 94, 'suenio.jpg'),
(33, 'Colchón  Sueño 1,40 x 1,90 x 20', 94, 1, 1, 303, 13, 7, 4349.00, 0, 8, 1, 4, 0, 0, 29, 1, '', 94, 'suenio.jpg'),
(41, 'Colchón  Liz 0,80 x 1,90 x 22', 78, 1, 13, 78, 2, 9, 3998.15, 1, 4, 1, 3, 0, 0, 41, 1, '', 78, 'liz.jpg'),
(42, 'Colchón  Liz 0,90 x 1,90 x 22', 78, 1, 13, 78, 4, 9, 4397.38, 0, 4, 1, 3, 0, 0, 41, 1, '', 78, 'liz.jpg'),
(44, 'Colchón  Liz 1,30 x 1,90 x 22', 78, 1, 13, 78, 10, 9, 5847.52, 0, 4, 1, 3, 0, 0, 41, 1, '', 78, 'liz.jpg'),
(45, 'Colchón  Liz 1,40 x 1,90 x 22', 78, 1, 13, 78, 13, 9, 6215.04, 2, 4, 1, 3, 0, 0, 41, 1, '', 78, 'liz.jpg'),
(50, 'Colchón  Relax 0,80 x 1,90 x 22', 96, 1, 1, 96, 2, 9, 4300.00, 0, 10, 1, 5, 0, 0, 50, 1, '', 96, 'relax-gs.jpg'),
(51, 'Colchón con Sommier  Relax 0,80 x 1,90 x 54', 96, 2, 1, 250, 2, 54, 7012.00, 0, 10, 2, 5, 0, 0, 51, 1, '', 96, 'relax-gs.jpg'),
(52, 'Colchón  Relax 0,90 x 1,90 x 22', 96, 1, 1, 96, 4, 9, 4909.00, 0, 10, 1, 5, 0, 0, 50, 1, '', 96, 'relax-gs.jpg'),
(53, 'Colchón con Sommier  Relax 0,90 x 1,90 x 54', 96, 2, 1, 250, 4, 54, 7914.00, 0, 10, 2, 5, 0, 0, 51, 1, '', 96, 'relax-gs.jpg'),
(54, 'Colchón  Relax 1,00 x 1,90 x 22', 96, 1, 1, 96, 6, 9, 5398.00, 0, 10, 1, 5, 0, 0, 50, 1, '', 96, 'relax-gs.jpg'),
(55, 'Colchón con Sommier  Relax 1,00 x 1,90 x 54', 96, 2, 1, 250, 6, 54, 8510.00, 0, 10, 2, 5, 0, 0, 51, 1, '', 96, 'relax-gs.jpg'),
(56, 'Colchón  Relax 1,30 x 1,90 x 22', 96, 1, 1, 96, 10, 9, 6696.00, 0, 10, 1, 5, 0, 0, 50, 1, '', 96, 'relax-gs.jpg'),
(57, 'Colchón con Sommier  Relax 1,30 x 1,90 x 54', 96, 2, 1, 250, 10, 54, 10244.00, 0, 10, 2, 5, 0, 0, 51, 1, '', 96, 'relax-gs.jpg'),
(58, 'Colchón  Relax 1,40 x 1,90 x 22', 96, 1, 1, 96, 13, 9, 7075.00, 0, 10, 1, 5, 0, 0, 50, 1, '', 96, 'relax-gs.jpg'),
(59, 'Colchón con Sommier  Relax 1,40 x 1,90 x 54', 96, 2, 1, 250, 13, 54, 10793.00, 25, 10, 2, 5, 0, 0, 51, 1, '', 96, 'relax-gs.jpg'),
(60, 'Colchón  Relax 1,50 x 1,90 x 22', 96, 1, 1, 96, 15, 9, 7624.00, 0, 10, 1, 5, 0, 0, 50, 1, '', 96, 'relax-gs.jpg'),
(61, 'Colchón con Sommier  Relax 1,50 x 1,90 x 54', 96, 2, 1, 250, 15, 54, 11471.00, 0, 10, 2, 5, 0, 0, 51, 1, '', 96, 'relax-gs.jpg'),
(62, 'Colchón  Relax SF 0,80 x 1,90 x 24', 97, 1, 1, 97, 2, 11, 4433.00, 0, 10, 1, 5, 0, 0, 62, 1, '', 97, 'relax-sf.jpg'),
(63, 'Colchón con Sommier  Relax SF 0,80 x 1,90 x 56', 97, 2, 1, 250, 2, 56, 7636.00, 0, 10, 2, 5, 0, 0, 63, 1, '', 97, 'relax-sf.jpg'),
(64, 'Colchón  Relax SF 0,90 x 1,90 x 24', 97, 1, 1, 97, 4, 11, 5121.00, 0, 10, 1, 5, 0, 0, 62, 1, '', 97, 'relax-sf.jpg'),
(65, 'Colchón con Sommier  Relax SF 0,90 x 1,90 x 56', 97, 2, 1, 250, 4, 56, 8465.00, 0, 10, 2, 5, 1, 0, 63, 1, '', 97, 'relax-sf.jpg'),
(66, 'Colchón  Relax SF 1,00 x 1,90 x 24', 97, 1, 1, 97, 6, 11, 5600.00, 0, 10, 1, 5, 0, 0, 62, 1, '', 97, 'relax-sf.jpg'),
(67, 'Colchón con Sommier  Relax SF 1,00 x 1,90 x 56', 97, 2, 1, 250, 6, 56, 9109.00, 0, 10, 2, 5, 0, 0, 63, 1, '', 97, 'relax-sf.jpg'),
(68, 'Colchón  Relax SF 1,30 x 1,90 x 24', 97, 1, 1, 97, 10, 11, 7078.00, 0, 10, 1, 5, 0, 0, 62, 1, '', 97, 'relax-sf.jpg'),
(69, 'Colchón con Sommier  Relax SF 1,30 x 1,90 x 56', 97, 2, 1, 250, 10, 56, 11046.00, 0, 10, 2, 5, 0, 0, 63, 1, '', 97, 'relax-sf.jpg'),
(70, 'Colchón  Relax SF 1,40 x 1,90 x 24', 97, 1, 1, 97, 13, 11, 7472.00, 0, 10, 1, 5, 1, 0, 62, 1, '', 97, 'relax-sf.jpg'),
(71, 'Colchón con Sommier  Relax SF 1,40 x 1,90 x 56', 97, 2, 1, 250, 13, 56, 11659.00, 0, 10, 2, 5, 0, 0, 63, 1, '', 97, 'relax-sf.jpg'),
(72, 'Colchón  Relax SF 1,50 x 1,90 x 24', 97, 1, 1, 97, 15, 11, 8036.00, 0, 10, 1, 5, 0, 0, 62, 1, '', 97, 'relax-sf.jpg'),
(73, 'Colchón con Sommier  Relax SF 1,50 x 1,90 x 56', 97, 2, 1, 250, 15, 56, 12432.00, 0, 10, 2, 5, 0, 0, 63, 1, '', 97, 'relax-sf.jpg'),
(78, 'Colchón  Relax SF 1,60 x 2,00 x 24', 97, 1, 1, 97, 18, 11, 8871.00, 0, 10, 1, 5, 0, 0, 62, 1, '', 97, 'relax-sf.jpg'),
(79, 'Colchón con Sommier  Relax SF 1,60 x 2,00 x 56', 97, 2, 1, 250, 18, 56, 15745.00, 0, 10, 2, 5, 0, 0, 63, 1, '', 97, 'relax-sf.jpg'),
(80, 'Colchón  Superstar 0,80 x 1,90 x 23', 101, 1, 1, 101, 2, 10, 4063.00, 0, 5, 1, 3, 0, 0, 80, 1, '', 101, 'superstar.jpg'),
(82, 'Colchón  Superstar 0,90 x 1,90 x 23', 101, 1, 1, 101, 4, 10, 4487.00, 0, 5, 1, 3, 0, 0, 80, 1, '', 101, 'superstar.jpg'),
(84, 'Colchón  Superstar 1,00 x 1,90 x 23', 101, 1, 1, 101, 6, 10, 4821.00, 0, 5, 1, 3, 0, 0, 80, 1, '', 101, 'superstar.jpg'),
(85, 'Colchón con Sommier  Superstar 1,00 x 1,90 x 57', 101, 2, 1, 254, 6, 57, 7402.00, 0, 5, 2, 3, 0, 0, 1569, 1, '', 101, 'superstar.jpg'),
(86, 'Colchón  Superstar 1,30 x 1,90 x 23', 101, 1, 1, 101, 10, 10, 6214.00, 0, 5, 1, 3, 0, 0, 80, 1, '', 101, 'superstar.jpg'),
(88, 'Colchón  Superstar 1,40 x 1,90 x 23', 101, 1, 1, 101, 13, 10, 6392.00, 0, 5, 1, 3, 0, 0, 80, 1, '', 101, 'superstar.jpg'),
(90, 'Colchón  Superstar 1,50 x 1,90 x 23', 101, 1, 1, 101, 15, 10, 6971.00, 0, 5, 1, 3, 0, 0, 80, 1, '', 101, 'superstar.jpg'),
(92, 'Colchón  Blue Star 0,80 x 1,90 x 25', 103, 1, 1, 103, 2, 12, 4063.00, 0, 5, 1, 4, 0, 0, 92, 1, '', 103, 'bluestar.jpg'),
(94, 'Colchón  Blue Star 0,90 x 1,90 x 25', 103, 1, 1, 103, 4, 12, 4487.00, 0, 5, 1, 4, 0, 0, 92, 1, '', 103, 'bluestar.jpg'),
(96, 'Colchón  Blue Star 1,00 x 1,90 x 25', 103, 1, 1, 103, 6, 12, 4821.00, 0, 5, 1, 4, 0, 0, 92, 1, '', 103, 'bluestar.jpg'),
(97, 'Colchón con Sommier  Blue Star 1,00 x 1,90 x 58', 103, 2, 1, 256, 6, 58, 7807.00, 0, 5, 2, 4, 0, 0, 1560, 1, '', 103, 'bluestar.jpg'),
(98, 'Colchón  Blue Star 1,30 x 1,90 x 25', 103, 1, 1, 103, 10, 12, 6214.00, 0, 5, 1, 4, 0, 0, 92, 1, '', 103, 'bluestar.jpg'),
(99, 'Colchón con Sommier  Blue Star 1,30 x 1,90 x 58', 103, 2, 1, 256, 10, 58, 9602.00, 0, 5, 2, 4, 0, 0, 1560, 1, '', 103, 'bluestar.jpg'),
(100, 'Colchón  Blue Star 1,40 x 1,90 x 25', 103, 1, 1, 103, 13, 12, 6392.00, 0, 5, 1, 4, 0, 0, 92, 1, '', 103, 'bluestar.jpg'),
(101, 'Colchón con Sommier  Blue Star 1,40 x 1,90 x 58', 103, 2, 1, 256, 13, 58, 9826.00, 1, 5, 2, 4, 0, 0, 1560, 1, '', 103, 'bluestar.jpg'),
(102, 'Colchón  Blue Star 1,50 x 1,90 x 25', 103, 1, 1, 103, 15, 12, 6971.00, 0, 5, 1, 4, 0, 0, 92, 1, '', 103, 'bluestar.jpg'),
(103, 'Colchón con Sommier  Blue Star 1,50 x 1,90 x 58', 103, 2, 1, 256, 15, 58, 10781.00, 0, 5, 2, 4, 0, 0, 1560, 1, '', 103, 'bluestar.jpg'),
(104, 'Colchón  Boreal 0,80 x 1,90 x 27', 104, 1, 1, 104, 2, 14, 4375.00, 0, 5, 1, 4, 0, 0, 104, 1, '', 104, 'boreal.jpg'),
(105, 'Colchón con Sommier  Atmosphere 1,00 x 1,90 x 61', 99, 2, 1, 253, 6, 61, 12455.00, 0, 11, 2, 6, 0, 0, 105, 1, '', 99, 'atmosphere-00.jpg'),
(106, 'Colchón  Boreal 0,90 x 1,90 x 27', 104, 1, 1, 104, 4, 14, 4809.00, 0, 5, 1, 4, 0, 0, 104, 1, '', 104, 'boreal.jpg'),
(107, 'Colchón con Sommier  Boreal 1,80 x 2,00 x 58', 104, 2, 1, 257, 19, 58, 15331.00, 0, 5, 2, 4, 0, 0, 1749, 1, '', 104, 'boreal.jpg'),
(108, 'Colchón  Boreal 1,00 x 1,90 x 27', 104, 1, 1, 104, 6, 14, 5238.00, 0, 5, 1, 4, 0, 0, 104, 1, '', 104, 'boreal.jpg'),
(109, 'Colchón con Sommier  Boreal 2,00 x 2,00 x 58', 104, 2, 1, 257, 21, 58, 16471.00, 0, 5, 2, 4, 0, 0, 1749, 1, '', 104, 'boreal.jpg'),
(110, 'Colchón  Boreal 1,30 x 1,90 x 27', 104, 1, 1, 104, 10, 14, 6805.00, 0, 5, 1, 4, 0, 0, 104, 1, '', 104, 'boreal.jpg'),
(112, 'Colchón  Boreal 1,40 x 1,90 x 27', 104, 1, 1, 104, 13, 14, 7226.00, 0, 5, 1, 4, 0, 0, 104, 1, '', 104, 'boreal.jpg'),
(113, 'Colchón con Sommier  Boreal Pillow Top 2,00 x 2,00 x 61', 105, 2, 1, 258, 21, 61, 19331.00, 0, 5, 2, 4, 0, 0, 1903, 1, '', 105, 'boreal-pillow.jpg'),
(114, 'Colchón  Boreal 1,50 x 1,90 x 27', 104, 1, 1, 104, 15, 14, 7772.00, 0, 5, 1, 4, 0, 0, 104, 1, '', 104, 'boreal.jpg'),
(116, 'Colchón  Nouvelle 0,80 x 1,90 x 25', 41, 1, 4, 41, 2, 12, 8978.00, 0, 3, 1, 4, 0, 0, 116, 1, '', 41, 'nouvelle-colchon-00.jpg'),
(117, 'Colchón con Boxspring  Nouvelle 0,80 x 1,90 x 59', 41, 3, 4, 289, 2, 59, 0.00, 0, 5, 3, 4, 0, 0, 117, 1, '', 41, 'nouvelle.jpg'),
(118, 'Colchón  Nouvelle 0,90 x 1,90 x 25', 41, 1, 4, 41, 4, 12, 10035.00, 0, 3, 1, 4, 0, 0, 116, 1, '', 41, 'nouvelle-colchon-00.jpg'),
(119, 'Colchón con Boxspring  Nouvelle 0,90 x 1,90 x 59', 41, 3, 4, 289, 4, 59, 0.00, 0, 4, 3, 4, 0, 0, 117, 1, '', 41, 'nouvelle.jpg'),
(120, 'Colchón  Nouvelle 1,00 x 1,90 x 25', 41, 1, 4, 41, 6, 12, 10941.00, 0, 3, 1, 4, 0, 0, 116, 1, '', 41, 'nouvelle-colchon-00.jpg'),
(121, 'Colchón con Boxspring  Nouvelle 1,00 x 1,90 x 59', 41, 3, 4, 289, 6, 59, 0.00, 0, 4, 3, 4, 0, 0, 117, 1, '', 41, 'nouvelle.jpg'),
(122, 'Colchón  Nouvelle 1,30 x 1,90 x 25', 41, 1, 4, 41, 10, 12, 13507.00, 0, 3, 1, 4, 0, 0, 116, 1, '', 41, 'nouvelle-colchon-00.jpg'),
(123, 'Colchón con Boxspring  Nouvelle 1,30 x 1,90 x 59', 41, 3, 4, 289, 10, 59, 0.00, 0, 4, 3, 4, 0, 0, 117, 1, '', 41, 'nouvelle.jpg'),
(124, 'Colchón  Nouvelle 1,40 x 1,90 x 25', 41, 1, 4, 41, 13, 12, 14413.00, 0, 3, 1, 4, 0, 0, 116, 1, '', 41, 'nouvelle-colchon-00.jpg'),
(125, 'Colchón con Boxspring  Nouvelle 1,40 x 1,90 x 59', 41, 3, 4, 289, 13, 59, 0.00, 0, 4, 3, 4, 0, 0, 117, 1, '', 41, 'nouvelle.jpg'),
(126, 'Colchón  Nouvelle 1,50 x 1,90 x 25', 41, 1, 4, 41, 15, 12, 15318.00, 0, 3, 1, 4, 0, 0, 116, 1, '', 41, 'nouvelle-colchon-00.jpg'),
(127, 'Colchón con Boxspring  Nouvelle 1,50 x 1,90 x 59', 41, 3, 4, 289, 15, 59, 0.00, 0, 4, 3, 4, 0, 0, 117, 1, '', 41, 'nouvelle.jpg'),
(132, 'Colchón  Nouvelle 1,20 x 1,90 x 25', 41, 1, 4, 41, 8, 12, 12605.00, 0, 3, 1, 4, 0, 0, 116, 1, '', 41, 'nouvelle-colchon-00.jpg'),
(133, 'Colchón con Boxspring  Nouvelle 1,20 x 1,90 x 59', 41, 3, 4, 289, 8, 59, 0.00, 0, 4, 3, 4, 0, 0, 117, 1, '', 41, 'nouvelle.jpg'),
(136, 'Colchón  Nouvelle 1,60 x 1,90 x 25', 41, 1, 4, 41, 17, 12, 16224.00, 0, 3, 1, 4, 1, 0, 116, 1, '', 41, 'nouvelle-colchon-00.jpg'),
(137, 'Colchón con Boxspring  Nouvelle 1,60 x 1,90 x 59', 41, 3, 4, 289, 17, 59, 0.00, 0, 4, 3, 4, 0, 0, 117, 1, '', 41, 'nouvelle.jpg'),
(138, 'Colchón  Nouvelle 1,60 x 2,00 x 25', 41, 1, 4, 41, 18, 12, 17847.00, 0, 3, 1, 4, 0, 0, 116, 1, '', 41, 'nouvelle-colchon-00.jpg'),
(139, 'Colchón con Boxspring  Nouvelle 1,60 x 2,00 x 59', 41, 3, 4, 289, 18, 59, 0.00, 0, 4, 3, 4, 0, 0, 117, 1, '', 41, 'nouvelle.jpg'),
(140, 'Colchón  Nouvelle 2,00 x 2,00 x 25', 41, 1, 4, 41, 21, 12, 22155.00, 0, 3, 1, 4, 0, 0, 116, 1, '', 41, 'nouvelle-colchon-00.jpg'),
(141, 'Colchón con Boxspring  Nouvelle 2,00 x 2,00 x 59', 41, 3, 4, 289, 21, 59, 0.00, 0, 4, 3, 4, 0, 0, 117, 1, '', 41, 'nouvelle.jpg'),
(197, 'Colchón  D Oro 21 1,20 x 1,90 x 21', 35, 1, 4, 35, 8, 8, 6650.00, 0, 10, 1, 5, 0, 0, 1039, 1, '', 35, 'doro-21.jpg'),
(198, 'Colchón con Sommier  BonellTop 0,80 x 1,90 x 63', 40, 2, 4, 207, 2, 63, 11710.00, 0, 4, 2, 3, 0, 0, 198, 1, '', 40, 'bonelltop.jpg'),
(200, 'Colchón con Sommier  BonellTop 0,90 x 1,90 x 63', 40, 2, 4, 207, 4, 63, 12835.00, 0, 4, 2, 3, 0, 0, 198, 1, '', 40, 'bonelltop.jpg'),
(206, 'Colchón con Sommier  BonellTop 1,40 x 1,90 x 63', 40, 2, 4, 207, 13, 63, 17680.00, 0, 4, 2, 3, 0, 1, 198, 1, '', 40, 'bonelltop.jpg'),
(210, 'Colchón con Sommier  BonellTop 1,60 x 2,00 x 63', 40, 2, 4, 207, 18, 63, 24335.00, 0, 4, 2, 3, 0, 0, 198, 1, '', 40, 'bonelltop.jpg'),
(211, 'Colchón  D Oro 25 0,80 x 1,90 x 25', 36, 1, 4, 36, 2, 12, 5475.00, 0, 10, 1, 5, 0, 0, 211, 1, '', 36, 'doro-25.jpg'),
(213, 'Colchón  D Oro 25 0,90 x 1,90 x 25', 36, 1, 4, 36, 4, 12, 6023.00, 0, 10, 1, 5, 0, 0, 211, 1, '', 36, 'doro-25.jpg'),
(215, 'Colchón  D Oro 25 1,00 x 1,90 x 25', 36, 1, 4, 36, 6, 12, 6659.00, 0, 10, 1, 5, 0, 0, 211, 1, '', 36, 'doro-25.jpg'),
(217, 'Colchón  D Oro 25 1,30 x 1,90 x 25', 36, 1, 4, 36, 10, 12, 8482.00, 0, 10, 1, 5, 0, 0, 211, 1, '', 36, 'doro-25.jpg'),
(218, 'Colchón con Sommier  BonellTop 1,30 x 1,90 x 63', 40, 2, 4, 207, 10, 63, 16755.00, 0, 4, 2, 3, 0, 0, 198, 1, '', 40, 'bonelltop.jpg'),
(219, 'Colchón  D Oro 25 1,40 x 1,90 x 25', 36, 1, 4, 36, 13, 12, 9122.00, 0, 10, 1, 5, 0, 0, 211, 1, '', 36, 'doro-25.jpg'),
(220, 'Colchón con Sommier  D Oro 21 cm 1,60 x 1,90 x 56', 35, 2, 4, 202, 17, 56, 16033.00, 0, 10, 2, 5, 0, 0, 1629, 1, '', 35, 'doro-21.jpg'),
(221, 'Colchón  D Oro 25 1,50 x 1,90 x 25', 36, 1, 4, 36, 15, 12, 9762.00, 0, 10, 1, 5, 0, 0, 211, 1, '', 36, 'doro-25.jpg'),
(222, 'Colchón con Sommier  BonellTop 1,50 x 1,90 x 63', 40, 2, 4, 207, 15, 63, 18696.00, 0, 4, 2, 3, 1, 1, 198, 1, '', 40, 'bonelltop.jpg'),
(297, 'Colchón  Belflex 20 0,80 x 1,90 x 20', 1, 1, 3, 306, 2, 7, 2953.00, 0, 8, 1, 4, 0, 0, 297, 1, '', 1, 'belflex-00.jpg'),
(298, 'Colchón  Belflex 20 0,90 x 1,90 x 20', 1, 1, 3, 306, 4, 7, 3285.00, 0, 8, 1, 4, 0, 0, 297, 1, '', 1, 'belflex-00.jpg'),
(299, 'Colchón  Belflex 20 1,00 x 1,90 x 20', 1, 1, 3, 306, 6, 7, 3693.00, 0, 8, 1, 4, 0, 0, 297, 1, '', 1, 'belflex-00.jpg'),
(300, 'Colchón  Belflex 20 1,30 x 1,90 x 20', 1, 1, 3, 306, 10, 7, 4689.00, 0, 8, 1, 4, 0, 0, 297, 1, '', 1, 'belflex-00.jpg'),
(301, 'Colchón  Belflex 20 1,40 x 1,90 x 20', 1, 1, 3, 306, 13, 7, 5043.00, 0, 8, 1, 4, 0, 0, 297, 1, '', 1, 'belflex-00.jpg'),
(302, 'Colchón  Belflex 20 1,50 x 1,90 x 20', 1, 1, 3, 306, 15, 7, 5390.00, 0, 8, 1, 4, 0, 0, 297, 1, '', 1, 'belflex-00.jpg'),
(303, 'Colchón  Matelasse 0,80 x 1,90 x 22', 2, 1, 3, 2, 2, 9, 3984.00, 0, 9, 1, 7, 0, 0, 303, 1, '', 2, 'matelasse-colchon-00.jpg'),
(304, 'Colchón  Matelasse 0,90 x 1,90 x 22', 2, 1, 3, 2, 4, 9, 4333.00, 0, 9, 1, 7, 0, 0, 303, 1, '', 2, 'matelasse-colchon-00.jpg'),
(305, 'Colchón  Matelasse 1,00 x 1,90 x 22', 2, 1, 3, 2, 6, 9, 4687.00, 0, 9, 1, 7, 0, 0, 303, 1, '', 2, 'matelasse-colchon-00.jpg'),
(306, 'Colchón  Matelasse 1,30 x 1,90 x 22', 2, 1, 3, 2, 10, 9, 5801.00, 0, 9, 1, 7, 0, 0, 303, 1, '', 2, 'matelasse-colchon-00.jpg'),
(307, 'Colchón  Matelasse 1,40 x 1,90 x 22', 2, 1, 3, 2, 13, 9, 6155.00, 0, 9, 1, 7, 0, 0, 303, 1, '', 2, 'matelasse-colchon-00.jpg'),
(308, 'Colchón  Matelasse 1,50 x 1,90 x 2', 2, 1, 3, 2, 15, 28, 6506.00, 0, 9, 1, 7, 0, 0, 303, 1, '', 2, 'matelasse-colchon-00.jpg'),
(309, 'Colchón  Dorado 0,80 x 1,90 x 24', 3, 1, 3, 3, 2, 11, 5182.00, 0, 22, 1, 5, 0, 0, 309, 1, '', 3, 'dorado-00.jpg'),
(311, 'Colchón  Dorado 0,90 x 1,90 x 24', 3, 1, 3, 3, 4, 11, 5745.00, 0, 22, 1, 5, 0, 0, 309, 1, '', 3, 'dorado-00.jpg'),
(313, 'Colchón  Dorado 1,30 x 1,90 x 24', 3, 1, 3, 3, 10, 11, 7616.00, 0, 22, 1, 5, 0, 0, 309, 1, '', 3, 'dorado-00.jpg'),
(315, 'Colchón  Dorado 1,40 x 1,90 x 24', 3, 1, 3, 3, 13, 11, 8055.00, 0, 22, 1, 5, 0, 0, 309, 1, '', 3, 'dorado-00.jpg'),
(317, 'Colchón  Dorado 1,50 x 1,90 x 24', 3, 1, 3, 3, 15, 11, 8512.00, 0, 22, 1, 5, 0, 0, 309, 1, '', 3, 'dorado-00.jpg'),
(319, 'Colchón  Dorado Pillow Top 0,80 x 1,90 x 26', 4, 1, 3, 4, 2, 13, 6123.00, 0, 22, 1, 5, 0, 0, 319, 1, '', 4, 'dorado-pillow-00.jpg'),
(320, 'Colchón con Sommier  Dorado Pillow Top 0,80 x 1,90 x 57', 4, 2, 3, 176, 2, 57, 6123.00, 0, 22, 2, 5, 0, 0, 320, 1, '', 4, 'dorado-pillow-00.jpg'),
(321, 'Colchón  Dorado Pillow Top 0,90 x 1,90 x 26', 4, 1, 3, 4, 4, 13, 6790.00, 0, 22, 1, 5, 0, 0, 319, 1, '', 4, 'dorado-pillow-00.jpg'),
(322, 'Colchón con Sommier  Dorado Pillow Top 0,90 x 1,90 x 57', 4, 2, 3, 176, 4, 57, 6790.00, 0, 22, 2, 5, 0, 0, 320, 1, '', 4, 'dorado-pillow-00.jpg'),
(323, 'Colchón  Dorado Pillow Top 1,30 x 1,90 x 26', 4, 1, 3, 4, 10, 13, 8759.00, 0, 22, 1, 5, 0, 0, 319, 1, '', 4, 'dorado-pillow-00.jpg'),
(324, 'Colchón con Sommier  Dorado Pillow Top 1,30 x 1,90 x 57', 4, 2, 3, 176, 10, 57, 9000.00, 0, 22, 2, 5, 0, 0, 320, 1, '', 4, 'dorado-pillow-00.jpg'),
(325, 'Colchón  Dorado Pillow Top 1,40 x 1,90 x 26', 4, 1, 3, 4, 13, 13, 9265.00, 0, 22, 1, 5, 0, 0, 319, 1, '', 4, 'dorado-pillow-00.jpg'),
(326, 'Colchón con Sommier  Dorado Pillow Top 1,40 x 1,90 x 57', 4, 2, 3, 176, 13, 57, 9520.00, 0, 22, 2, 5, 1, 1, 320, 1, '', 4, 'dorado-pillow-00.jpg'),
(327, 'Colchón  D Oro 25 1,60 x 1,90 x 25', 36, 1, 4, 36, 17, 12, 10398.00, 0, 10, 1, 5, 0, 0, 1039, 1, '', 35, 'doro-25.jpg'),
(328, 'Colchón con Sommier  Dorado Pillow Top 1,50 x 1,90 x 57', 4, 2, 3, 176, 15, 57, 10060.00, 0, 22, 2, 5, 0, 0, 320, 1, '', 4, 'dorado-pillow-00.jpg'),
(329, 'Colchón  Belspring 0,80 x 1,90 x 24', 6, 1, 3, 6, 2, 11, 4877.00, 0, 4, 1, 3, 0, 0, 329, 1, '', 6, 'belspring-00.jpg'),
(330, 'Colchón con Sommier  Belspring Pillow Top 0,80 x 1,90 x 59', 7, 2, 3, 179, 2, 59, 8763.00, 0, 4, 2, 4, 0, 0, 330, 1, '', 7, 'belspring-pillow-00.jpg'),
(331, 'Colchón  Belspring 0,90 x 1,90 x 24', 6, 1, 3, 6, 4, 11, 5319.00, 0, 4, 1, 3, 0, 0, 329, 1, '', 6, 'belspring-00.jpg'),
(332, 'Colchón con Sommier  Belspring Pillow Top 0,90 x 1,90 x 59', 7, 2, 3, 179, 4, 59, 9467.00, 0, 4, 2, 4, 0, 0, 330, 1, '', 7, 'belspring-pillow-00.jpg'),
(333, 'Colchón  Belspring 1,30 x 1,90 x 24', 6, 1, 3, 6, 10, 11, 7259.00, 0, 4, 1, 3, 0, 0, 329, 1, '', 6, 'belspring-00.jpg'),
(334, 'Colchón con Sommier  Belspring 1,30 x 1,90 x 57', 6, 2, 3, 178, 10, 57, 11203.00, 0, 4, 2, 3, 0, 0, 1950, 1, '', 6, 'belspring-00.jpg'),
(335, 'Colchón  Belspring 1,40 x 1,90 x 24', 6, 1, 3, 6, 13, 11, 7703.00, 0, 4, 1, 3, 0, 0, 329, 1, '', 6, 'belspring-00.jpg'),
(336, 'Colchón con Sommier  Belspring Pillow Top 1,40 x 1,90 x 59', 7, 2, 3, 179, 13, 59, 12998.00, 0, 4, 2, 4, 0, 0, 330, 1, '', 7, 'belspring-pillow-00.jpg'),
(337, 'Colchón  Belspring 1,50 x 1,90 x 24', 6, 1, 3, 6, 15, 11, 8477.00, 0, 4, 1, 3, 0, 0, 329, 1, '', 6, 'belspring-00.jpg'),
(338, 'Colchón con Sommier  Belspring Pillow Top 1,50 x 1,90 x 59', 7, 2, 3, 179, 15, 59, 14088.00, 0, 4, 2, 4, 0, 0, 330, 1, '', 7, 'belspring-pillow-00.jpg'),
(353, 'Colchón  Siesta 1,00 x 2,00 x 27', 74, 1, 2, 74, 7, 14, 12966.67, 0, 4, 1, 5, 0, 0, 367, 1, '', 74, 'back-siesta.jpg'),
(355, 'Colchón  Siesta 1,40 x 2,00 x 27', 74, 1, 2, 74, 14, 14, 17645.96, 0, 4, 1, 5, 0, 0, 367, 1, '', 74, 'back-siesta.jpg'),
(357, 'Colchón  Siesta 1,50 x 2,00 x 27', 74, 1, 2, 74, 16, 14, 19225.98, 0, 4, 1, 5, 0, 0, 367, 1, '', 74, 'back-siesta.jpg'),
(361, 'Colchón  DeepSleep 1,80 x 2,00 x 25', 73, 1, 2, 73, 19, 12, 13943.11, 0, 4, 1, 4, 0, 0, 2576, 1, '', 73, 'deepsleep.jpg'),
(363, 'Colchón  DeepSleep 2,00 x 2,00 x 25', 73, 1, 2, 73, 21, 12, 17354.47, 0, 4, 1, 4, 0, 0, 2576, 1, '', 73, 'deepsleep-colchon-00.jpg'),
(365, 'Colchón  Siesta 2,00 x 2,00 x 27', 74, 1, 2, 74, 21, 14, 25621.25, 0, 4, 1, 5, 0, 0, 367, 1, '', 74, 'back-siesta.jpg'),
(367, 'Colchón  Siesta 0,80 x 1,90 x 27', 74, 1, 2, 74, 2, 14, 9343.13, 0, 4, 1, 5, 0, 0, 367, 1, '', 74, 'back-siesta.jpg'),
(368, 'Colchón con Sommier  BackCare Siesta 0,80 x 1,90 x 61', 74, 2, 2, 236, 2, 61, 12768.91, 0, 4, 2, 5, 0, 0, 368, 1, '', 74, 'back-siesta.jpg'),
(369, 'Colchón  Siesta 0,90 x 1,90 x 27', 74, 1, 2, 74, 4, 14, 10126.96, 0, 4, 1, 5, 0, 0, 367, 1, '', 74, 'back-siesta.jpg'),
(370, 'Colchón con Sommier  BackCare Siesta 0,90 x 1,90 x 61', 74, 2, 2, 236, 4, 61, 13766.98, 0, 4, 2, 5, 0, 0, 368, 1, '', 74, 'back-siesta.jpg'),
(371, 'Colchón  Siesta 1,30 x 1,90 x 27', 74, 1, 2, 74, 10, 14, 13515.66, 0, 4, 1, 5, 0, 0, 367, 1, '', 74, 'back-siesta.jpg'),
(372, 'Colchón con Sommier  BackCare Siesta 1,30 x 1,90 x 61', 74, 2, 2, 236, 10, 61, 18269.00, 0, 4, 2, 5, 0, 0, 368, 1, '', 74, 'back-siesta.jpg'),
(373, 'Colchón  Siesta 1,40 x 1,90 x 27', 74, 1, 2, 74, 13, 14, 14555.96, 0, 4, 1, 5, 0, 1, 367, 1, '', 74, 'back-siesta.jpg'),
(374, 'Colchón con Sommier  BackCare Siesta 1,40 x 1,90 x 61', 74, 2, 2, 236, 13, 61, 19650.00, 0, 4, 2, 5, 1, 0, 368, 1, '', 74, 'back-siesta.jpg'),
(375, 'Colchón  Siesta 1,50 x 1,90 x 27', 74, 1, 2, 74, 15, 14, 15608.62, 0, 4, 1, 5, 0, 0, 367, 1, '', 74, 'back-siesta.jpg'),
(376, 'Colchón con Sommier  BackCare Siesta 1,50 x 1,90 x 61', 74, 2, 2, 236, 15, 61, 21104.00, 0, 4, 2, 5, 0, 0, 368, 1, '', 74, 'back-siesta.jpg'),
(377, 'Colchón  Classic 0,80 x 1,90 x 25', 75, 1, 2, 75, 2, 12, 7707.49, 0, 3, 1, 4, 0, 0, 377, 1, '', 75, 'beauty-classic-esq.jpg'),
(379, 'Colchón  Classic 0,90 x 1,90 x 26', 75, 1, 2, 75, 4, 13, 8511.92, 0, 3, 1, 4, 0, 0, 377, 1, '', 75, 'beauty-classic-esq.jpg'),
(381, 'Colchón  Classic 1,30 x 1,90 x 26', 75, 1, 2, 75, 10, 13, 11576.17, 0, 3, 1, 4, 0, 0, 377, 1, '', 75, 'beauty-classic-esq.jpg'),
(383, 'Colchón  Classic 1,40 x 1,90 x 26', 75, 1, 2, 75, 13, 13, 12397.08, 0, 3, 1, 4, 1, 0, 377, 1, '', 75, 'beauty-classic-esq.jpg'),
(385, 'Colchón  Classic 1,50 x 1,90 x 26', 75, 1, 2, 75, 15, 13, 13299.36, 0, 3, 1, 4, 0, 0, 377, 1, '', 75, 'beauty-classic-esq.jpg'),
(387, 'Colchón  Elegance 0,80 x 1,90 x 30', 76, 1, 2, 76, 2, 17, 12710.20, 0, 3, 1, 3, 0, 0, 387, 1, '', 76, 'beauty-elegance-colchon-esq.jpg'),
(388, 'Colchón con Sommier  Smart Elegance 0,80 x 1,90 x 62', 76, 2, 2, 238, 2, 62, 16647.89, 0, 3, 2, 3, 0, 0, 388, 1, '', 76, 'beauty-elegance-00.jpg'),
(389, 'Colchón  Elegance 0,90 x 1,90 x 30', 76, 1, 2, 76, 4, 17, 13957.53, 0, 3, 1, 3, 0, 0, 387, 1, '', 76, 'beauty-elegance-colchon-esq.jpg'),
(390, 'Colchón con Sommier  Smart Elegance 0,90 x 1,90 x 62', 76, 2, 2, 238, 4, 62, 18142.42, 0, 3, 2, 3, 0, 0, 388, 1, '', 76, 'beauty-elegance-00.jpg'),
(391, 'Colchón  Elegance 1,30 x 1,90 x 30', 76, 1, 2, 76, 10, 17, 19145.64, 0, 3, 1, 3, 0, 0, 387, 1, '', 76, 'beauty-elegance-colchon-esq.jpg'),
(392, 'Colchón con Sommier  Smart Elegance 1,30 x 1,90 x 62', 76, 2, 2, 238, 10, 62, 24609.79, 0, 3, 2, 3, 0, 0, 388, 1, '', 76, 'beauty-elegance-00.jpg'),
(393, 'Colchón  Elegance 1,40 x 1,90 x 30', 76, 1, 2, 76, 13, 17, 20432.11, 0, 3, 1, 3, 1, 0, 387, 1, '', 76, 'beauty-elegance-colchon-esq.jpg'),
(394, 'Colchón con Sommier  Smart Elegance 1,40 x 1,90 x 62', 76, 2, 2, 238, 13, 62, 26289.72, 0, 3, 2, 3, 0, 0, 388, 1, '', 76, 'beauty-elegance-00.jpg'),
(395, 'Colchón  Elegance 1,50 x 1,90 x 30', 76, 1, 2, 76, 15, 17, 22019.34, 0, 3, 1, 3, 0, 0, 387, 1, '', 76, 'beauty-elegance-colchon-esq.jpg'),
(396, 'Colchón con Sommier  Smart Elegance 1,50 x 1,90 x 62', 76, 2, 2, 238, 15, 62, 28337.36, 0, 3, 2, 3, 0, 0, 388, 1, '', 76, 'beauty-elegance-00.jpg'),
(405, 'Colchón  Spa 1,40 x 1,90 x 32', 77, 1, 2, 77, 13, 19, 32336.85, 0, 3, 1, 2, 0, 0, 411, 1, '', 77, 'beauty-spa-00.jpg'),
(406, 'Colchón con Sommier  World Class Spa 1,40 x 1,90 x 64', 77, 2, 2, 239, 13, 64, 40551.10, 0, 3, 2, 2, 0, 0, 412, 1, '', 77, 'beauty-spa-00.jpg'),
(407, 'Colchón  Spa 1,50 x 1,90 x 32', 77, 1, 2, 77, 15, 19, 34217.63, 0, 3, 1, 2, 0, 0, 411, 1, '', 77, 'beauty-spa-00.jpg'),
(408, 'Colchón con Sommier  World Class Spa 1,50 x 1,90 x 64', 77, 2, 2, 239, 15, 64, 43188.93, 0, 3, 2, 2, 0, 0, 412, 1, '', 77, 'beauty-spa-00.jpg'),
(409, 'Colchón  Elegance 1,60 x 1,90 x 32', 76, 1, 2, 76, 17, 19, 25239.12, 0, 3, 1, 3, 0, 0, 387, 1, '', 76, 'beauty-elegance-colchon-esq.jpg'),
(410, 'Colchón con Sommier  Smart Elegance 1,60 x 1,90 x 62', 76, 2, 2, 238, 17, 62, 33115.53, 0, 3, 2, 3, 0, 0, 388, 1, '', 76, 'beauty-elegance-00.jpg'),
(411, 'Colchón  Spa 1,00 x 2,00 x 32', 77, 1, 2, 77, 7, 19, 23121.44, 0, 3, 1, 2, 0, 0, 411, 1, '', 77, 'beauty-spa-00.jpg'),
(412, 'Colchón con Sommier  World Class Spa 1,00 x 2,00 x 64', 77, 2, 2, 239, 7, 64, 30415.90, 0, 3, 2, 2, 0, 0, 412, 1, '', 77, 'beauty-spa-00.jpg'),
(413, 'Colchón  Elegance 1,40 x 2,00 x 30', 76, 1, 2, 76, 14, 17, 23317.14, 0, 3, 1, 3, 0, 0, 387, 1, '', 76, 'beauty-elegance-colchon-esq.jpg'),
(414, 'Colchón con Sommier  Smart Elegance 1,40 x 2,00 x 62', 76, 2, 2, 238, 14, 62, 29606.32, 0, 3, 2, 3, 0, 0, 388, 1, '', 76, 'beauty-elegance-00.jpg'),
(415, 'Colchón  Elegance 1,50 x 2,00 x 30', 76, 1, 2, 76, 16, 17, 24982.65, 0, 3, 1, 3, 0, 0, 387, 1, '', 76, 'beauty-elegance-colchon-esq.jpg'),
(416, 'Colchón con Sommier  Smart Elegance 1,50 x 2,00 x 62', 76, 2, 2, 238, 16, 62, 31700.31, 0, 3, 2, 3, 0, 0, 388, 1, '', 76, 'beauty-elegance-00.jpg'),
(417, 'Colchón  Spa 1,60 x 2,00 x 32', 77, 1, 2, 77, 18, 19, 36546.46, 0, 3, 1, 2, 0, 0, 411, 1, '', 77, 'beauty-spa-00.jpg'),
(418, 'Colchón con Sommier  World Class Spa 1,60 x 2,00 x 64', 77, 2, 2, 239, 18, 64, 49098.04, 0, 3, 2, 2, 0, 0, 412, 1, '', 77, 'beauty-spa-00.jpg'),
(420, 'Colchón  Elegance 1,90 x 2,00 x 32', 76, 1, 2, 76, 20, 19, 31368.65, 0, 3, 1, 3, 0, 0, 387, 1, '', 76, 'beauty-elegance-colchon-esq.jpg'),
(421, 'Colchón con Sommier  Smart Elegance 1,80 x 2,00 x 62', 76, 2, 2, 238, 19, 62, 38611.61, 0, 3, 2, 3, 0, 1, 388, 1, '', 76, 'beauty-elegance-00.jpg'),
(422, 'Colchón con Sommier  Smart Elegance 1,90 x 2,00 x 62', 76, 2, 2, 238, 20, 62, 40862.16, 0, 3, 2, 3, 0, 0, 388, 1, '', 76, 'beauty-elegance-00.jpg'),
(423, 'Colchón  Elegance 2,00 x 2,00 x 32', 76, 1, 2, 76, 21, 19, 33255.61, 0, 3, 1, 3, 0, 0, 387, 1, '', 76, 'beauty-elegance-colchon-esq.jpg'),
(424, 'Colchón con Sommier  Smart Elegance 2,00 x 2,00 x 62', 76, 2, 2, 238, 21, 62, 43079.75, 0, 3, 2, 3, 1, 0, 388, 1, '', 76, 'beauty-elegance-00.jpg'),
(425, 'Colchón  Siesta 1,80 x 2,00 x 2', 74, 1, 2, 74, 19, 28, 23017.41, 0, 4, 1, 5, 0, 0, 367, 1, '', 74, 'back-siesta.jpg'),
(426, 'Colchón con Sommier  BackCare Siesta 1,60 x 2,00 x 61', 74, 2, 2, 236, 18, 61, 27811.00, 0, 4, 2, 5, 1, 0, 368, 1, '', 74, 'back-siesta.jpg'),
(429, 'Colchón  Elegance 1,00 x 1,90 x 32', 76, 1, 2, 76, 6, 19, 15728.10, 0, 3, 1, 3, 0, 0, 387, 1, '', 76, 'beauty-elegance-colchon-esq.jpg'),
(440, 'Colchón con Sommier  Smart Elegance 1,00 x 2,00 x 62', 76, 2, 2, 238, 7, 62, 21494.04, 0, 3, 2, 3, 0, 0, 388, 1, '', 76, 'beauty-elegance-00.jpg'),
(452, 'Colchón con Sommier  World Class Spa 2,00 x 2,00 x 64', 77, 2, 2, 239, 21, 64, 58504.00, 0, 3, 2, 2, 0, 1, 412, 1, '', 77, 'beauty-spa-00.jpg'),
(453, 'Colchón con Sommier  World Class Spa 1,80 x 2,00 x 64', 77, 2, 2, 239, 19, 64, 53603.26, 0, 3, 2, 2, 1, 0, 412, 1, '', 77, 'beauty-spa-00.jpg'),
(454, 'Colchón  Moline 1,80 x 2,00 x 30', 71, 1, 10, 71, 19, 17, 16369.00, 0, 3, 1, 5, 0, 0, 2848, 1, '', 71, 'moline-det.jpg'),
(455, 'Colchón con Sommier  New Jersey 1,80 x 2,00 x 66', 70, 2, 10, 232, 19, 66, 21860.00, 0, 3, 2, 5, 0, 0, 459, 1, '', 70, 'newjersey.jpg'),
(456, 'Colchón  New Jersey 1,80 x 2,00 x 30', 70, 1, 10, 70, 19, 17, 18187.00, 0, 3, 1, 5, 0, 0, 458, 1, '', 70, 'newjersey.jpg'),
(457, 'Colchón con Sommier  Axis 0,90 x 1,90 x 59', 118, 2, 7, 118, 4, 59, 5542.00, 0, 4, 2, 3, 0, 0, 2752, 1, '', 118, 'axis-colchon.jpg'),
(458, 'Colchón  New Jersey 1,40 x 1,90 x 30', 70, 1, 10, 70, 13, 17, 12322.00, 0, 3, 1, 5, 0, 0, 458, 1, '', 70, 'newjersey.jpg'),
(459, 'Colchón con Sommier  New Jersey 1,40 x 1,90 x 66', 70, 2, 10, 232, 13, 66, 14354.00, 0, 3, 2, 5, 0, 0, 459, 1, '', 70, 'newjersey.jpg'),
(460, 'Colchón  New Jersey 1,60 x 2,00 x 30', 70, 1, 10, 70, 18, 17, 15226.00, 0, 3, 1, 5, 0, 0, 458, 1, '', 70, 'newjersey.jpg'),
(461, 'Colchón con Sommier  New Jersey 1,60 x 2,00 x 66', 70, 2, 10, 232, 18, 66, 19173.00, 0, 3, 2, 5, 1, 1, 459, 1, '', 70, 'newjersey.jpg'),
(462, 'Colchón  Luxor 1,00 x 1,90 x 20', 57, 1, 11, 57, 6, 7, 4625.00, 0, 8, 1, 4, 0, 0, 462, 1, '', 57, 'luxor-det.jpg'),
(467, 'Colchón  Primor de Luxe 0,80 x 1,90 x 24', 38, 1, 4, 38, 2, 11, 5850.00, 0, 4, 1, 3, 0, 0, 467, 1, '', 38, 'primor-colchon.jpg'),
(468, 'Colchón con Boxspring  Primor de Luxe 0,80 x 1,90 x 57', 38, 3, 22, 286, 2, 57, 10034.71, 0, 4, 3, 3, 0, 0, 468, 1, '', 38, 'primor-colchon.jpg'),
(469, 'Colchón  Primor de Luxe 0,90 x 1,90 x 24', 38, 1, 4, 38, 4, 11, 6535.00, 0, 4, 1, 3, 0, 0, 467, 1, '', 38, 'primor-colchon.jpg'),
(470, 'Colchón con Boxspring  Primor de Luxe 0,90 x 1,90 x 57', 38, 3, 4, 286, 4, 57, 0.00, 0, 3, 3, 3, 0, 0, 468, 1, '', 38, 'primor-00.jpg'),
(471, 'Colchón  Primor de Luxe 1,00 x 1,90 x 24', 38, 1, 4, 38, 6, 11, 7126.00, 0, 4, 1, 3, 0, 0, 467, 1, '', 38, 'primor-colchon.jpg'),
(472, 'Colchón con Boxspring  Primor de Luxe 1,00 x 1,90 x 57', 38, 3, 4, 286, 6, 57, 0.00, 0, 3, 3, 3, 0, 0, 468, 1, '', 38, 'primor-00.jpg'),
(473, 'Colchón  Primor de Luxe 1,30 x 1,90 x 24', 38, 1, 4, 38, 10, 11, 8798.00, 0, 4, 1, 3, 0, 0, 467, 1, '', 38, 'primor-colchon.jpg'),
(474, 'Colchón con Boxspring  Primor de Luxe 1,30 x 1,90 x 57', 38, 3, 4, 286, 10, 57, 0.00, 0, 3, 3, 3, 0, 0, 468, 1, '', 38, 'primor-00.jpg'),
(475, 'Colchón  Primor de Luxe 1,40 x 1,90 x 24', 38, 1, 4, 38, 13, 11, 9385.00, 0, 4, 1, 3, 0, 0, 467, 1, '', 38, 'primor-colchon.jpg'),
(476, 'Colchón con Boxspring  Primor de Luxe 1,40 x 1,90 x 57', 38, 3, 4, 286, 13, 57, 0.00, 0, 3, 3, 3, 0, 0, 468, 1, '', 38, 'primor-00.jpg'),
(477, 'Colchón  Primor de Luxe 1,50 x 1,90 x 24', 38, 1, 4, 38, 15, 11, 9976.00, 0, 4, 1, 3, 0, 0, 467, 1, '', 38, 'primor-colchon.jpg'),
(478, 'Colchón con Boxspring  Primor de Luxe 1,50 x 1,90 x 57', 38, 3, 4, 286, 15, 57, 0.00, 0, 3, 3, 3, 0, 0, 468, 1, '', 38, 'primor-00.jpg'),
(483, 'Colchón  Primor de Luxe 1,60 x 2,00 x 24', 38, 1, 4, 38, 18, 11, 11625.00, 0, 4, 1, 3, 0, 0, 467, 1, '', 38, 'primor-colchon.jpg'),
(484, 'Colchón con Boxspring  Primor de Luxe 1,60 x 2,00 x 57', 38, 3, 4, 286, 18, 57, 0.00, 0, 3, 3, 3, 0, 0, 468, 1, '', 38, 'primor-00.jpg'),
(485, 'Colchón  Primor de Luxe 1,80 x 2,00 x 24', 38, 1, 4, 38, 19, 11, 13459.00, 0, 4, 1, 3, 0, 0, 467, 1, '', 38, 'primor-colchon.jpg'),
(486, 'Colchón con Boxspring  Primor de Luxe 1,80 x 2,00 x 57', 38, 3, 4, 286, 19, 57, 0.00, 0, 3, 3, 3, 0, 0, 468, 1, '', 38, 'primor-00.jpg'),
(487, 'Colchón  Primor de Luxe 2,00 x 2,00 x 24', 38, 1, 4, 38, 21, 11, 14429.00, 0, 4, 1, 3, 0, 0, 467, 1, '', 38, 'primor-colchon.jpg'),
(488, 'Colchón con Boxspring  Primor de Luxe 2,00 x 2,00 x 57', 38, 3, 4, 286, 21, 57, 0.00, 0, 4, 3, 3, 0, 0, 468, 1, '', 39, 'primor-00.jpg'),
(499, 'Colchón  Massage 1,00 x 1,90 x 24', 59, 1, 11, 59, 6, 11, 4855.00, 0, 10, 1, 6, 0, 0, 499, 1, '', 59, 'massage.jpg'),
(500, 'Colchón con Sommier  Premier 1,00 x 1,90 x 2', 58, 2, 11, 222, 6, 56, 7282.00, 0, 10, 2, 5, 0, 0, 500, 1, '', 58, 'premier-det.jpg'),
(507, 'Colchón  Massage 1,40 x 1,90 x 24', 59, 1, 11, 59, 13, 11, 8414.00, 0, 10, 1, 6, 0, 0, 499, 1, '', 59, 'massage.jpg'),
(508, 'Colchón con Sommier  Premier 1,40 x 1,90 x 2', 58, 2, 11, 222, 13, 56, 10003.00, 1, 10, 2, 5, 0, 0, 500, 1, '', 58, 'premier-det.jpg'),
(511, 'Colchón  Luxor 1,30 x 1,90 x 20', 57, 1, 11, 57, 10, 7, 6700.00, 0, 8, 1, 4, 0, 0, 462, 1, '', 57, 'luxor-det.jpg'),
(512, 'Colchón con Sommier  Massage 1,40 x 1,90', 59, 2, 11, 223, 13, 58, 10249.00, 0, 10, 2, 6, 0, 0, 3011, 1, '', 59, 'massage.jpg'),
(513, 'Colchón  Luxor 1,40 x 1,90 x 20', 57, 1, 11, 57, 13, 7, 7115.00, 0, 8, 1, 4, 0, 0, 462, 1, '', 57, 'luxor-det.jpg'),
(515, 'Colchón  Luxor 1,50 x 1,90 x 20', 57, 1, 11, 57, 15, 7, 7538.00, 0, 8, 1, 4, 0, 0, 462, 1, '', 57, 'luxor-det.jpg'),
(516, 'Colchón con Sommier  Premier 1,60 x 2,00 x 2', 58, 2, 11, 222, 18, 56, 12826.00, 0, 10, 2, 5, 0, 0, 500, 1, '', 58, 'premier-det.jpg'),
(521, 'Colchón con Boxspring  LC 500 0,80 x 1,90 x 61', 44, 3, 4, 292, 2, 61, 0.00, 0, 3, 3, 3, 0, 0, 521, 1, '', 44, 'lc500-00.jpg'),
(522, 'Colchón con Sommier  LC 500 0,80 x 1,90 x 64', 44, 2, 4, 211, 2, 64, 13565.00, 0, 4, 2, 3, 0, 0, 522, 1, '', 44, 'lc500-00.jpg'),
(523, 'Colchón con Boxspring  LC 500 0,90 x 1,90 x 61', 44, 3, 4, 292, 4, 61, 0.00, 0, 3, 3, 3, 0, 0, 521, 1, '', 44, 'lc500-00.jpg'),
(524, 'Colchón con Sommier  LC 500 0,90 x 1,90 x 64', 44, 2, 4, 211, 4, 64, 14902.00, 0, 4, 2, 3, 0, 0, 522, 1, '', 44, 'lc500-00.jpg'),
(525, 'Colchón con Boxspring  LC 500 1,00 x 1,90 x 61', 44, 3, 4, 292, 6, 61, 0.00, 0, 3, 3, 3, 0, 0, 521, 1, '', 44, 'lc500-00.jpg'),
(526, 'Colchón con Sommier  LC 500 1,00 x 1,90 x 64', 44, 2, 4, 211, 6, 64, 16093.00, 0, 4, 2, 3, 0, 0, 522, 1, '', 44, 'lc500-00.jpg'),
(527, 'Colchón con Boxspring  LC 500 1,30 x 1,90 x 61', 44, 3, 4, 292, 10, 61, 0.00, 0, 3, 3, 3, 0, 0, 521, 1, '', 44, 'lc500-00.jpg'),
(528, 'Colchón con Sommier  LC 500 1,50 x 1,90 x 64', 44, 2, 4, 211, 15, 64, 21835.00, 0, 4, 2, 3, 0, 1, 522, 1, '', 44, 'lc500-00.jpg'),
(529, 'Colchón con Boxspring  LC 500 1,40 x 1,90 x 61', 44, 3, 4, 292, 13, 61, 0.00, 0, 3, 3, 3, 0, 0, 521, 1, '', 44, 'lc500-00.jpg'),
(530, 'Colchón con Boxspring  LC 1000 1,40 x 1,90 x 63', 45, 3, 4, 293, 13, 63, 0.00, 0, 4, 3, 5, 0, 0, 2106, 1, '', 45, 'lc1000-00.jpg'),
(531, 'Colchón con Boxspring  LC 500 1,50 x 1,90 x 61', 44, 3, 4, 292, 15, 61, 0.00, 3, 3, 3, 3, 0, 0, 521, 1, '', 44, 'lc500-00.jpg'),
(532, 'Colchón con Boxspring  LC 1000 1,50 x 1,90 x 63', 45, 3, 4, 293, 15, 63, 0.00, 0, 4, 3, 5, 0, 0, 2106, 1, '', 45, 'lc1000-00.jpg'),
(535, 'Colchón con Boxspring  LC 500 1,50 x 2,00 x 61', 44, 3, 4, 292, 16, 61, 0.00, 0, 3, 3, 3, 0, 0, 521, 1, '', 44, 'lc500-00.jpg'),
(536, 'Colchón con Boxspring  LC 1000 1,50 x 2,00 x 63', 45, 3, 4, 293, 16, 63, 0.00, 0, 4, 3, 5, 0, 0, 2106, 1, '', 45, 'lc1000-00.jpg'),
(537, 'Colchón con Boxspring  LC 500 1,60 x 2,00 x 61', 44, 3, 4, 292, 18, 61, 0.00, 1, 3, 3, 3, 0, 0, 521, 1, '', 44, 'lc500-00.jpg'),
(538, 'Colchón con Boxspring  LC 1000 1,60 x 2,00 x 63', 45, 3, 4, 293, 18, 63, 0.00, 0, 4, 3, 5, 0, 0, 2106, 1, '', 45, 'lc1000-00.jpg'),
(539, 'Colchón con Boxspring  LC 500 1,80 x 2,00 x 61', 44, 3, 4, 292, 19, 61, 0.00, 0, 3, 3, 3, 0, 0, 521, 1, '', 44, 'lc500-00.jpg'),
(540, 'Colchón con Boxspring  LC 1000 1,80 x 2,00 x 63', 45, 3, 4, 293, 19, 63, 0.00, 0, 4, 3, 5, 0, 0, 2106, 1, '', 45, 'lc1000-00.jpg'),
(541, 'Colchón con Boxspring  LC 500 2,00 x 2,00 x 61', 44, 3, 4, 292, 21, 61, 0.00, 0, 3, 3, 3, 0, 0, 521, 1, '', 44, 'lc500-00.jpg'),
(542, 'Colchón con Boxspring  LC 1000 2,00 x 2,00 x 63', 45, 3, 4, 293, 21, 63, 0.00, 0, 4, 3, 5, 0, 0, 2106, 1, '', 45, 'lc1000-00.jpg'),
(563, 'Colchón  Elegance 1,80 x 2,00 x 32', 76, 1, 2, 76, 19, 19, 29717.56, 0, 3, 1, 3, 0, 0, 387, 1, '', 76, 'beauty-elegance-colchon-esq.jpg'),
(565, 'Colchón  LC 500 0,80 x 1,90 x 27', 44, 1, 4, 44, 2, 14, 9443.00, 0, 4, 1, 3, 0, 0, 565, 1, '', 44, 'lc500-colchon.jpg'),
(566, 'Colchón  LC 500 0,90 x 1,90 x 27', 44, 1, 4, 44, 4, 14, 10555.00, 0, 4, 1, 3, 0, 0, 565, 1, '', 44, 'lc500-colchon.jpg'),
(567, 'Colchón  LC 500 1,00 x 1,90 x 27', 44, 1, 4, 44, 6, 14, 11509.00, 0, 4, 1, 3, 0, 0, 565, 1, '', 44, 'lc500-colchon.jpg'),
(568, 'Colchón  LC 500 1,30 x 1,90 x 27', 44, 1, 4, 44, 10, 14, 14921.00, 0, 4, 1, 3, 0, 0, 565, 1, '', 44, 'lc500-colchon.jpg'),
(569, 'Colchón  LC 500 1,40 x 1,90 x 27', 44, 1, 4, 44, 13, 14, 15159.00, 0, 4, 1, 3, 0, 0, 565, 1, '', 44, 'lc500-colchon.jpg'),
(570, 'Colchón  LC 500 1,50 x 1,90 x 27', 44, 1, 4, 44, 15, 14, 16109.00, 1, 4, 1, 3, 0, 0, 565, 1, '', 44, 'lc500-colchon.jpg'),
(572, 'Colchón  LC 500 1,60 x 2,00 x 27', 44, 1, 4, 44, 18, 14, 18771.00, 0, 4, 1, 3, 0, 0, 565, 1, '', 44, 'lc500-colchon.jpg'),
(573, 'Colchón  LC 500 1,80 x 2,00 x 27', 44, 1, 4, 44, 19, 14, 21730.00, 0, 4, 1, 3, 0, 0, 565, 1, '', 44, 'lc500-colchon.jpg'),
(574, 'Colchón  LC 500 2,00 x 2,00 x 27', 44, 1, 4, 44, 21, 14, 23303.00, 0, 4, 1, 3, 0, 0, 565, 1, '', 44, 'lc500-colchon.jpg'),
(575, 'Colchón  TopFuan 0,80 x 1,90 x 28', 43, 1, 4, 43, 2, 15, 12498.00, 0, 3, 1, 5, 0, 0, 575, 1, '', 43, 'topfuan.jpg'),
(576, 'Colchón con Boxspring  TopFuan 0,80 x 1,90 x 62', 43, 3, 4, 291, 2, 62, 0.00, 0, 3, 3, 5, 0, 0, 576, 1, '', 43, 'topfuan.jpg'),
(577, 'Colchón  TopFuan 0,90 x 1,90 x 28', 43, 1, 4, 43, 4, 15, 13968.00, 0, 3, 1, 5, 0, 0, 575, 1, '', 43, 'topfuan.jpg'),
(578, 'Colchón con Boxspring  TopFuan 0,90 x 1,90 x 62', 43, 3, 4, 291, 4, 62, 0.00, 0, 3, 3, 5, 0, 0, 576, 1, '', 43, 'topfuan.jpg'),
(579, 'Colchón  TopFuan 1,00 x 1,90 x 28', 43, 1, 4, 43, 6, 15, 15227.00, 0, 3, 1, 5, 0, 0, 575, 1, '', 43, 'topfuan.jpg'),
(580, 'Colchón con Boxspring  TopFuan 1,00 x 1,90 x 62', 43, 3, 4, 291, 6, 62, 0.00, 0, 3, 3, 5, 0, 0, 576, 1, '', 43, 'topfuan.jpg'),
(581, 'Colchón  TopFuan 1,30 x 1,90 x 28', 43, 1, 4, 43, 10, 15, 18802.00, 0, 3, 1, 5, 0, 0, 575, 1, '', 43, 'topfuan.jpg'),
(582, 'Colchón con Boxspring  TopFuan 1,30 x 1,90 x 62', 43, 3, 4, 291, 10, 62, 0.00, 0, 3, 3, 5, 0, 0, 576, 1, '', 43, 'topfuan.jpg'),
(583, 'Colchón  TopFuan 1,40 x 1,90 x 28', 43, 1, 4, 43, 13, 15, 20062.00, 0, 3, 1, 5, 1, 0, 575, 1, '', 43, 'topfuan.jpg'),
(584, 'Colchón con Boxspring  TopFuan 1,40 x 1,90 x 62', 43, 3, 4, 291, 13, 62, 0.00, 0, 3, 3, 5, 0, 0, 576, 1, '', 43, 'topfuan.jpg'),
(585, 'Colchón  TopFuan 1,50 x 1,90 x 28', 43, 1, 4, 43, 15, 15, 21321.00, 0, 3, 1, 5, 0, 0, 575, 1, '', 43, 'topfuan.jpg'),
(586, 'Colchón con Boxspring  TopFuan 1,50 x 1,90 x 62', 43, 3, 4, 291, 15, 62, 0.00, 0, 3, 3, 5, 0, 0, 576, 1, '', 43, 'topfuan.jpg'),
(587, 'Colchón  TopFuan 1,20 x 1,90 x 28', 43, 1, 4, 43, 8, 15, 17543.00, 0, 3, 1, 5, 0, 0, 575, 1, '', 43, 'topfuan.jpg'),
(590, 'Colchón con Boxspring  TopFuan 1,20 x 1,90 x 62', 43, 3, 4, 291, 8, 62, 0.00, 0, 3, 3, 5, 0, 0, 576, 1, '', 43, 'topfuan.jpg'),
(591, 'Colchón  TopFuan 1,60 x 2,00 x 28', 43, 1, 4, 43, 18, 15, 24838.00, 0, 3, 1, 5, 0, 0, 575, 1, '', 43, 'topfuan.jpg'),
(592, 'Colchón con Boxspring  TopFuan 1,60 x 2,00 x 62', 43, 3, 4, 291, 18, 62, 0.00, 0, 3, 3, 5, 0, 0, 576, 1, '', 43, 'topfuan.jpg'),
(593, 'Colchón  TopFuan 1,80 x 2,00 x 28', 43, 1, 4, 43, 19, 15, 28762.00, 0, 3, 1, 5, 0, 0, 575, 1, '', 43, 'topfuan.jpg'),
(595, 'Colchón  TopFuan 2,00 x 2,00 x 28', 43, 1, 4, 43, 21, 15, 30843.00, 0, 3, 1, 5, 0, 0, 575, 1, '', 43, 'topfuan.jpg'),
(597, 'Colchón  BonellTop 0,80 x 1,90 x 25', 40, 1, 4, 40, 2, 12, 7480.00, 0, 4, 1, 3, 0, 0, 597, 1, '', 40, 'bonelltop.jpg'),
(598, 'Colchón con Boxspring  BonellTop 0,80 x 1,90 x 60', 40, 3, 4, 40, 2, 60, 0.00, 0, 4, 3, 3, 0, 0, 598, 1, '', 40, 'bonelltop.jpg'),
(599, 'Colchón  BonellTop 0,90 x 1,90 x 25', 40, 1, 4, 40, 4, 12, 8362.00, 0, 4, 1, 3, 0, 0, 597, 1, '', 40, 'bonelltop.jpg'),
(600, 'Colchón con Boxspring  BonellTop 0,90 x 1,90 x 60', 40, 3, 4, 40, 4, 60, 0.00, 0, 4, 3, 3, 0, 0, 598, 1, '', 40, 'bonelltop.jpg'),
(601, 'Colchón  BonellTop 1,00 x 1,90 x 25', 40, 1, 4, 40, 6, 12, 9117.00, 0, 4, 1, 3, 0, 0, 597, 1, '', 40, 'bonelltop.jpg'),
(602, 'Colchón con Boxspring  BonellTop 1,00 x 1,90 x 60', 40, 3, 4, 40, 6, 60, 0.00, 0, 4, 3, 3, 0, 0, 598, 1, '', 40, 'bonelltop.jpg'),
(603, 'Colchón  BonellTop 1,30 x 1,90 x 25', 40, 1, 4, 40, 10, 12, 11254.00, 0, 4, 1, 3, 0, 0, 597, 1, '', 40, 'bonelltop.jpg'),
(604, 'Colchón con Boxspring  BonellTop 1,30 x 1,90 x 60', 40, 3, 4, 40, 10, 60, 0.00, 0, 4, 3, 3, 0, 0, 598, 1, '', 40, 'bonelltop.jpg'),
(605, 'Colchón  BonellTop 1,40 x 1,90 x 25', 40, 1, 4, 40, 13, 12, 12009.00, 0, 4, 1, 3, 1, 0, 597, 1, '', 40, 'bonelltop.jpg'),
(606, 'Colchón con Boxspring  BonellTop 1,40 x 1,90 x 60', 40, 3, 4, 40, 13, 60, 0.00, 0, 4, 3, 3, 0, 0, 598, 1, '', 40, 'bonelltop.jpg'),
(607, 'Colchón  BonellTop 1,50 x 1,90 x 25', 40, 1, 4, 40, 15, 12, 12764.00, 0, 4, 1, 3, 0, 0, 597, 1, '', 40, 'bonelltop.jpg'),
(608, 'Colchón con Boxspring  BonellTop 1,50 x 1,90 x 60', 40, 3, 4, 40, 15, 60, 0.00, 0, 4, 3, 3, 0, 0, 598, 1, '', 40, 'bonelltop.jpg'),
(613, 'Colchón  BonellTop 1,60 x 2,00 x 25', 40, 1, 4, 40, 18, 12, 14871.00, 0, 4, 1, 3, 0, 0, 597, 1, '', 40, 'bonelltop.jpg'),
(614, 'Colchón con Boxspring  BonellTop 1,60 x 2,00 x 60', 40, 3, 4, 40, 18, 60, 0.00, 0, 4, 3, 3, 0, 0, 598, 1, '', 40, 'bonelltop.jpg'),
(615, 'Colchón  BonellTop 1,80 x 2,00 x 25', 40, 1, 4, 40, 19, 12, 17217.00, 0, 4, 1, 3, 0, 0, 597, 1, '', 40, 'bonelltop.jpg'),
(616, 'Colchón con Boxspring  BonellTop 1,80 x 2,00 x 60', 40, 3, 4, 40, 19, 60, 0.00, 0, 4, 3, 3, 0, 0, 598, 1, '', 40, 'bonelltop.jpg'),
(617, 'Colchón  BonellTop 2,00 x 2,00 x 25', 40, 1, 4, 40, 21, 12, 18465.00, 0, 4, 1, 3, 0, 0, 597, 1, '', 40, 'bonelltop.jpg'),
(618, 'Colchón con Boxspring  BonellTop 2,00 x 2,00 x 60', 40, 3, 4, 40, 21, 60, 0.00, 0, 4, 3, 3, 0, 0, 598, 1, '', 40, 'bonelltop.jpg'),
(651, 'Colchón  Privelle 0,80 x 1,90 x 25', 39, 1, 4, 39, 2, 12, 6237.00, 0, 4, 1, 3, 0, 0, 651, 1, '', 39, 'privelle-colchon.jpg'),
(652, 'Colchón con Boxspring  Privelle 0,80 x 1,90 x 59', 39, 3, 4, 287, 2, 59, 0.00, 0, 4, 3, 3, 0, 0, 652, 1, '', 39, 'privelle-00.jpg'),
(653, 'Colchón  Privelle 0,90 x 1,90 x 25', 39, 1, 4, 39, 4, 12, 6968.00, 0, 4, 1, 3, 0, 0, 651, 1, '', 39, 'privelle-colchon.jpg'),
(654, 'Colchón con Boxspring  Privelle 0,90 x 1,90 x 59', 39, 3, 4, 287, 4, 59, 0.00, 0, 4, 3, 3, 0, 0, 652, 1, '', 39, 'privelle-00.jpg'),
(655, 'Colchón  Privelle 1,00 x 1,90 x 25', 39, 1, 4, 39, 6, 12, 7596.00, 0, 4, 1, 3, 0, 0, 651, 1, '', 39, 'privelle-colchon.jpg'),
(656, 'Colchón con Boxspring  Privelle 1,00 x 1,90 x 59', 39, 3, 4, 287, 6, 59, 0.00, 0, 4, 3, 3, 0, 0, 652, 1, '', 39, 'privelle-00.jpg'),
(657, 'Colchón  Privelle 1,30 x 1,90 x 25', 39, 1, 4, 39, 10, 12, 9379.00, 0, 4, 1, 3, 0, 0, 651, 1, '', 39, 'privelle-colchon.jpg'),
(658, 'Colchón con Boxspring  Privelle 1,30 x 1,90 x 59', 39, 3, 4, 287, 10, 59, 0.00, 0, 4, 3, 3, 0, 0, 652, 1, '', 39, 'privelle-00.jpg'),
(659, 'Colchón  Privelle 1,40 x 1,90 x 25', 39, 1, 4, 39, 13, 12, 1007.00, 0, 4, 1, 3, 0, 1, 651, 1, '', 39, 'privelle-colchon.jpg'),
(661, 'Colchón  Privelle 1,50 x 1,90 x 25', 39, 1, 4, 39, 15, 12, 10635.00, 0, 4, 1, 3, 0, 0, 651, 1, '', 39, 'privelle-colchon.jpg'),
(662, 'Colchón con Boxspring  Privelle 1,60 x 1,90 x 59', 39, 3, 4, 287, 17, 59, 0.00, 0, 4, 3, 3, 0, 0, 652, 1, '', 39, 'privelle-00.jpg'),
(663, 'Colchón  Privelle 1,20 x 1,90 x 25', 39, 1, 4, 39, 8, 12, 8752.00, 0, 4, 1, 3, 0, 0, 651, 1, '', 39, 'privelle-colchon.jpg'),
(667, 'Colchón  Privelle 1,60 x 2,00 x 25', 39, 1, 4, 39, 18, 12, 12393.00, 0, 4, 1, 3, 0, 0, 651, 1, '', 39, 'privelle-colchon.jpg'),
(668, 'Colchón con Boxspring  Privelle 1,60 x 2,00 x 59', 39, 3, 4, 287, 18, 59, 0.00, 0, 4, 3, 3, 0, 0, 652, 1, '', 39, 'privelle-00.jpg'),
(669, 'Colchón  Privelle 1,80 x 2,00 x 25', 39, 1, 4, 39, 19, 12, 14351.00, 0, 4, 1, 3, 0, 0, 651, 1, '', 39, 'privelle-colchon.jpg'),
(670, 'Colchón con Boxspring  Privelle 1,80 x 2,00 x 59', 39, 3, 4, 287, 19, 59, 0.00, 0, 4, 3, 3, 0, 0, 652, 1, '', 39, 'privelle-00.jpg'),
(671, 'Colchón  Privelle 2,00 x 2,00 x 25', 39, 1, 4, 39, 21, 12, 15386.00, 0, 4, 1, 3, 0, 0, 651, 1, '', 39, 'privelle-colchon.jpg'),
(672, 'Colchón con Boxspring  Privelle 2,00 x 2,00 x 59', 39, 3, 4, 287, 21, 59, 0.00, 0, 4, 3, 3, 0, 0, 652, 1, '', 39, 'privelle-00.jpg'),
(677, 'Colchón  Insignia Rouge 1,40 x 1,90 x 30', 106, 1, 1, 106, 13, 17, 9394.00, 0, 5, 1, 4, 0, 0, 677, 1, '', 106, 'insignia-rouge.jpg'),
(735, 'Colchón  Magnifisense 1,40 x 1,90 x 35', 109, 1, 1, 109, 13, 22, 114076.00, 0, 5, 1, 3, 0, 0, 735, 1, '', 109, 'magnifisense.jpg'),
(736, 'Colchón con Sommier  Magnifisense 1,40 x 1,90 x 60', 109, 2, 1, 262, 13, 60, 15949.00, 0, 3, 2, 3, 0, 0, 736, 1, '', 109, 'magnifisense.jpg'),
(737, 'Colchón  Insignia Rouge 1,80 x 2,00 x 30', 106, 1, 1, 106, 19, 17, 12316.00, 0, 5, 1, 4, 0, 0, 677, 1, '', 106, 'insignia-rouge.jpg'),
(743, 'Colchón  Magnifisense 1,60 x 2,00 x 35', 109, 1, 1, 109, 18, 22, 12781.00, 0, 5, 1, 3, 0, 0, 735, 1, '', 109, 'magnifisense.jpg'),
(744, 'Colchón con Sommier  Magnifisense 1,60 x 2,00 x 60', 109, 2, 1, 262, 18, 60, 21073.00, 0, 3, 2, 3, 0, 0, 736, 1, '', 109, 'magnifisense.jpg'),
(745, 'Colchón  Magnifisense 1,80 x 2,00 x 35', 109, 1, 1, 109, 19, 22, 14791.00, 0, 5, 1, 3, 0, 0, 735, 1, '', 109, 'magnifisense.jpg'),
(746, 'Colchón con Sommier  Magnifisense 1,80 x 2,00 x 60', 109, 2, 1, 262, 19, 60, 23337.00, 0, 3, 2, 3, 0, 1, 736, 1, '', 109, 'magnifisense.jpg'),
(747, 'Colchón  Magnifisense 2,00 x 2,00 x 35', 109, 1, 1, 109, 21, 22, 16201.00, 0, 5, 1, 3, 0, 0, 735, 1, '', 109, 'magnifisense.jpg'),
(748, 'Colchón con Sommier  Magnifisense 2,00 x 2,00 x 60', 109, 2, 1, 262, 21, 60, 25011.00, 0, 3, 2, 3, 0, 0, 736, 1, '', 109, 'magnifisense.jpg'),
(749, 'Colchón  Gran Realce 0,80 x 1,90 x 25', 83, 1, 6, 83, 2, 12, 6140.00, 0, 4, 1, 4, 0, 0, 749, 1, '', 83, 'gran-realce.jpg'),
(750, 'Colchón con Sommier  Gran Realce 0,80 x 1,90 x 58', 83, 2, 6, 245, 2, 58, 8566.00, 0, 4, 2, 4, 0, 0, 750, 1, '', 83, 'gran-realce.jpg'),
(751, 'Colchón  Gran Realce 0,90 x 1,90 x 25', 83, 1, 6, 83, 4, 12, 6736.00, 0, 4, 1, 4, 0, 0, 749, 1, '', 83, 'gran-realce.jpg'),
(752, 'Colchón con Sommier  Gran Realce 0,90 x 1,90 x 58', 83, 2, 6, 245, 4, 58, 9277.00, 0, 4, 2, 4, 0, 0, 750, 1, '', 83, 'gran-realce.jpg'),
(753, 'Colchón  Gran Realce 1,00 x 1,90 x 25', 83, 1, 6, 83, 6, 12, 7328.00, 0, 4, 1, 4, 0, 0, 749, 1, '', 83, 'gran-realce.jpg'),
(754, 'Colchón con Sommier  Gran Realce 1,00 x 1,90 x 58', 83, 2, 6, 245, 6, 58, 9982.00, 0, 4, 2, 4, 0, 0, 750, 1, '', 83, 'gran-realce.jpg'),
(755, 'Colchón  Gran Realce 1,30 x 1,90 x 25', 83, 1, 6, 83, 10, 12, 9059.00, 0, 4, 1, 4, 0, 0, 749, 1, '', 83, 'gran-realce.jpg'),
(756, 'Colchón con Sommier  Gran Realce 1,30 x 1,90 x 58', 83, 2, 6, 245, 10, 58, 12085.00, 0, 4, 2, 4, 0, 0, 750, 1, '', 83, 'gran-realce.jpg'),
(757, 'Colchón  Gran Realce 1,40 x 1,90 x 25', 83, 1, 6, 83, 13, 12, 9636.00, 0, 4, 1, 4, 0, 0, 749, 1, '', 83, 'gran-realce.jpg'),
(758, 'Colchón con Sommier  Gran Realce 1,40 x 1,90 x 58', 83, 2, 6, 245, 13, 58, 12759.00, 0, 4, 2, 4, 0, 0, 750, 1, '', 83, 'gran-realce.jpg'),
(759, 'Colchón  Gran Realce 1,50 x 1,90 x 25', 83, 1, 6, 83, 15, 12, 10227.00, 0, 4, 1, 4, 0, 0, 749, 1, '', 83, 'gran-realce.jpg'),
(760, 'Colchón con Sommier  Gran Realce 1,50 x 1,90 x 58', 83, 2, 6, 245, 15, 58, 13463.00, 0, 4, 2, 4, 0, 0, 750, 1, '', 83, 'gran-realce.jpg'),
(761, 'Colchón  Gran Realce 1,60 x 1,90 x 25', 83, 1, 6, 83, 17, 12, 10831.00, 0, 4, 1, 4, 0, 0, 749, 1, '', 83, 'gran-realce.jpg'),
(762, 'Colchón con Sommier  Gran Realce 1,60 x 2,00 x 58', 83, 2, 6, 245, 18, 58, 16126.00, 0, 4, 2, 4, 0, 0, 750, 1, '', 83, 'gran-realce.jpg'),
(763, 'Colchón  Gran Realce 1,80 x 2,00 x 25', 83, 1, 6, 83, 19, 12, 12463.00, 0, 4, 1, 4, 0, 0, 749, 1, '', 83, 'gran-realce.jpg'),
(764, 'Colchón con Sommier  Gran Realce 1,80 x 2,00 x 58', 83, 2, 6, 245, 19, 58, 17721.00, 0, 4, 2, 4, 0, 0, 750, 1, '', 83, 'gran-realce.jpg'),
(765, 'Colchón  Gran Realce 2,00 x 2,00 x 25', 83, 1, 6, 83, 21, 12, 13686.00, 0, 4, 1, 4, 0, 0, 749, 1, '', 83, 'gran-realce.jpg'),
(766, 'Colchón con Sommier  Gran Realce 2,00 x 2,00 x 58', 83, 2, 6, 245, 21, 58, 19354.00, 0, 4, 2, 4, 0, 0, 750, 1, '', 83, 'gran-realce.jpg'),
(767, 'Colchón  Quilt 0,80 x 1,90 x 27', 163, 1, 6, 163, 2, 14, 5883.00, 0, 4, 1, 5, 0, 0, 767, 1, '', 163, 'quilt-00.jpg'),
(768, 'Colchón con Boxspring  Quilt 0,80 x 1,90 x 55', 163, 3, 6, 299, 2, 55, 0.00, 0, 4, 3, 5, 0, 0, 768, 1, '', 163, 'quilt-00.jpg'),
(769, 'Colchón  Quilt 0,90 x 1,90 x 27', 163, 1, 6, 163, 4, 14, 6491.00, 0, 4, 1, 5, 0, 0, 767, 1, '', 163, 'quilt-00.jpg'),
(771, 'Colchón  Quilt 1,00 x 1,90 x 27', 163, 1, 6, 163, 6, 14, 7137.00, 0, 4, 1, 5, 0, 0, 767, 1, '', 163, 'quilt-00.jpg'),
(772, 'Colchón con Boxspring  Quilt 1,00 x 1,90 x 55', 163, 3, 6, 299, 6, 55, 0.00, 0, 4, 3, 5, 0, 0, 768, 1, '', 163, 'quilt-00.jpg'),
(773, 'Colchón  Quilt 1,30 x 1,90 x 27', 163, 1, 6, 163, 10, 14, 8973.00, 0, 4, 1, 5, 0, 0, 767, 1, '', 163, 'quilt-00.jpg'),
(774, 'Colchón con Boxspring  Quilt 1,30 x 1,90 x 55', 163, 3, 6, 299, 10, 55, 0.00, 0, 4, 3, 5, 0, 0, 768, 1, '', 163, 'quilt-00.jpg'),
(775, 'Colchón  Quilt 1,40 x 1,90 x 27', 163, 1, 6, 163, 13, 14, 9575.00, 0, 4, 1, 5, 0, 0, 767, 1, '', 163, 'quilt-00.jpg'),
(776, 'Colchón con Boxspring  Quilt 1,40 x 1,90 x 55', 163, 3, 6, 299, 13, 55, 0.00, 0, 4, 3, 5, 0, 0, 768, 1, '', 163, 'quilt-00.jpg'),
(777, 'Colchón  Quilt 1,50 x 1,90 x 27', 163, 1, 6, 163, 15, 14, 10194.00, 0, 4, 1, 5, 0, 0, 767, 1, '', 163, 'quilt-00.jpg'),
(778, 'Colchón con Boxspring  Quilt 1,50 x 1,90 x 55', 163, 3, 6, 299, 15, 55, 0.00, 0, 4, 3, 5, 0, 0, 768, 1, '', 163, 'quilt-00.jpg'),
(779, 'Colchón  Quilt 1,60 x 1,90 x 27', 163, 1, 6, 163, 17, 14, 10796.00, 0, 4, 1, 5, 0, 0, 767, 1, '', 163, 'quilt-00.jpg'),
(780, 'Colchón con Boxspring  Quilt 1,60 x 2,00 x 55', 163, 3, 6, 299, 18, 55, 0.00, 0, 4, 3, 5, 0, 0, 768, 1, '', 163, 'quilt-00.jpg'),
(781, 'Colchón  Quilt 1,80 x 2,00 x 27', 163, 1, 6, 163, 19, 14, 12417.00, 0, 4, 1, 5, 0, 0, 767, 1, '', 163, 'quilt-00.jpg'),
(782, 'Colchón con Boxspring  Quilt 1,80 x 2,00 x 55', 163, 3, 6, 299, 19, 55, 0.00, 0, 4, 3, 5, 0, 0, 768, 1, '', 163, 'quilt-00.jpg'),
(783, 'Colchón  Quilt 2,00 x 2,00 x 27', 163, 1, 6, 163, 21, 14, 13676.00, 0, 4, 1, 5, 0, 0, 767, 1, '', 163, 'quilt-00.jpg'),
(784, 'Colchón con Boxspring  Quilt 2,00 x 2,00 x 55', 163, 3, 6, 299, 21, 55, 0.00, 0, 4, 3, 5, 0, 0, 768, 1, '', 163, 'quilt-00.jpg'),
(785, 'Colchón  Multilastic 0,80 x 1,90 x 24', 82, 1, 6, 82, 2, 11, 4584.00, 0, 5, 1, 4, 0, 0, 785, 1, '', 82, 'multilastic.jpg'),
(786, 'Colchón con Boxspring  Multilastic 0,80 x 1,90 x 51', 82, 3, 6, 294, 2, 51, 9035.47, 0, 4, 3, 4, 0, 0, 786, 1, '', 82, 'multilastic.jpg'),
(787, 'Colchón  Multilastic 0,90 x 1,90 x 24', 82, 1, 6, 82, 4, 11, 5025.00, 0, 5, 1, 4, 0, 0, 785, 1, '', 82, 'multilastic.jpg'),
(788, 'Colchón con Boxspring  Multilastic 0,90 x 1,90 x 51', 82, 3, 6, 294, 4, 51, 9426.48, 0, 4, 3, 4, 0, 0, 786, 1, '', 82, 'multilastic.jpg'),
(789, 'Colchón  Multilastic 1,00 x 1,90 x 24', 82, 1, 6, 82, 6, 11, 5469.00, 1, 5, 1, 4, 0, 0, 785, 1, '', 82, 'multilastic.jpg'),
(790, 'Colchón con Boxspring  Multilastic 1,00 x 1,90 x 51', 82, 3, 6, 294, 6, 51, 10300.08, 0, 4, 3, 4, 0, 0, 786, 1, '', 82, 'multilastic.jpg'),
(791, 'Colchón  Multilastic 1,30 x 1,90 x 24', 82, 1, 6, 82, 10, 11, 6842.00, 0, 5, 1, 4, 0, 0, 785, 1, '', 82, 'multilastic.jpg'),
(792, 'Colchón con Boxspring  Multilastic 1,30 x 1,90 x 51', 82, 3, 6, 294, 10, 51, 12629.70, 0, 4, 3, 4, 0, 0, 786, 1, '', 82, 'multilastic.jpg'),
(793, 'Colchón  Multilastic 1,40 x 1,90 x 24', 82, 1, 6, 82, 13, 11, 7284.00, 0, 5, 1, 4, 0, 0, 785, 1, '', 82, 'multilastic.jpg'),
(794, 'Colchón con Boxspring  Multilastic 1,40 x 1,90 x 51', 82, 3, 6, 294, 13, 51, 13390.58, 0, 4, 3, 4, 0, 0, 786, 1, '', 82, 'multilastic.jpg'),
(795, 'Colchón  Multilastic 1,50 x 1,90 x 24', 82, 1, 6, 82, 15, 11, 7870.00, 1, 5, 1, 4, 0, 0, 785, 1, '', 82, 'multilastic.jpg'),
(796, 'Colchón con Boxspring  Multilastic 1,50 x 1,90 x 51', 82, 3, 6, 294, 15, 51, 14314.67, 0, 4, 3, 4, 0, 0, 786, 1, '', 82, 'multilastic.jpg'),
(797, 'Colchón  Multilastic 1,60 x 1,90 x 24', 82, 1, 6, 82, 17, 11, 8319.00, 1, 5, 1, 4, 0, 0, 785, 1, '', 82, 'multilastic.jpg'),
(798, 'Colchón con Boxspring  Multilastic 1,60 x 1,90 x 51', 82, 3, 6, 294, 17, 51, 17091.66, 0, 4, 3, 4, 0, 0, 786, 1, '', 82, 'multilastic.jpg'),
(799, 'Colchón  Multilastic 1,80 x 2,00 x 24', 82, 1, 6, 82, 19, 11, 9482.00, 0, 5, 1, 4, 0, 0, 785, 1, '', 82, 'multilastic.jpg'),
(800, 'Colchón con Boxspring  Multilastic 1,80 x 2,00 x 51', 82, 3, 6, 294, 19, 51, 19258.05, 0, 4, 3, 4, 0, 0, 786, 1, '', 82, 'multilastic.jpg'),
(801, 'Colchón  Multilastic 2,00 x 2,00 x 24', 82, 1, 6, 82, 21, 11, 10402.00, 0, 5, 1, 4, 0, 0, 785, 1, '', 82, 'multilastic.jpg');
INSERT INTO `productos` (`id`, `nombre`, `item_id`, `categoria_id`, `marca_id`, `modelo_id`, `medida_id`, `altura_id`, `precio`, `stock`, `tecnologia_id`, `garantia_id`, `postura_id`, `oferta`, `destacado`, `novedad`, `activo`, `slug`, `item_imagen`, `imagen`) VALUES
(802, 'Colchón con Boxspring  Multilastic 2,00 x 2,00 x 51', 82, 3, 6, 294, 21, 51, 20634.22, 0, 4, 3, 4, 0, 0, 786, 1, '', 82, 'multilastic.jpg'),
(803, 'Colchón  Regina 0,80 x 1,90 x 22', 79, 1, 6, 79, 2, 9, 3797.00, 0, 4, 1, 3, 0, 0, 803, 1, '', 79, 'regina.jpg'),
(804, 'Colchón con Sommier  Regina 0,80 x 1,90 x 2', 96, 2, 6, 241, 2, 28, 5810.00, 0, 4, 2, 3, 0, 0, 804, 1, '', 79, 'regina.jpg'),
(805, 'Colchón  Regina 0,90 x 1,90 x 22', 79, 1, 6, 79, 4, 9, 4187.00, 0, 4, 1, 3, 0, 0, 803, 1, '', 79, 'regina.jpg'),
(806, 'Colchón con Sommier  Regina 0,90 x 1,90 x 2', 96, 2, 6, 241, 4, 28, 6290.00, 0, 4, 2, 3, 0, 0, 804, 1, '', 79, 'regina.jpg'),
(807, 'Colchón  Regina 1,00 x 1,90 x 22', 79, 1, 6, 79, 6, 9, 4530.00, 1, 4, 1, 3, 0, 0, 803, 1, '', 79, 'regina.jpg'),
(808, 'Colchón con Sommier  Regina 1,00 x 1,90 x 2', 96, 2, 6, 241, 6, 28, 6727.00, 0, 4, 2, 3, 0, 0, 804, 1, '', 79, 'regina.jpg'),
(809, 'Colchón  Regina 1,30 x 1,90 x 22', 79, 1, 6, 79, 10, 9, 5594.00, 0, 4, 1, 3, 0, 0, 803, 1, '', 79, 'regina.jpg'),
(810, 'Colchón con Sommier  Regina 1,30 x 1,90 x 2', 96, 2, 6, 241, 10, 28, 8039.00, 0, 4, 2, 3, 0, 0, 804, 1, '', 79, 'regina.jpg'),
(811, 'Colchón  Regina 1,40 x 1,90 x 22', 79, 1, 6, 79, 13, 9, 5939.00, 0, 4, 1, 3, 0, 0, 803, 1, '', 79, 'regina.jpg'),
(812, 'Colchón con Sommier  Regina 1,40 x 1,90 x 2', 96, 2, 6, 241, 13, 28, 8463.00, 0, 4, 2, 3, 0, 0, 804, 1, '', 79, 'regina.jpg'),
(813, 'Colchón  Regina 1,50 x 1,90 x 22', 79, 1, 6, 79, 15, 9, 6275.00, 0, 4, 1, 3, 0, 0, 803, 1, '', 79, 'regina.jpg'),
(814, 'Colchón con Sommier  Regina 1,50 x 1,90 x 2', 96, 2, 6, 241, 15, 28, 8891.00, 0, 4, 2, 3, 0, 0, 804, 1, '', 79, 'regina.jpg'),
(815, 'Colchón  Regina 1,60 x 1,90 x 22', 79, 1, 6, 79, 17, 9, 6662.00, 0, 4, 1, 3, 0, 0, 803, 1, '', 79, 'regina.jpg'),
(816, 'Colchón con Sommier  Regina 1,60 x 1,90 x 2', 96, 2, 6, 241, 17, 28, 10675.00, 0, 4, 2, 3, 0, 0, 804, 1, '', 79, 'regina.jpg'),
(821, 'Colchón  Bag Power 0,80 x 1,90 x 23', 84, 1, 6, 84, 2, 10, 6621.00, 0, 3, 1, 5, 0, 0, 821, 1, '', 84, 'power.jpg'),
(822, 'Colchón con Sommier  Power 0,80 x 1,90 x 56', 84, 2, 6, 246, 2, 56, 9046.00, 0, 3, 2, 5, 0, 0, 822, 1, '', 84, 'power.jpg'),
(823, 'Colchón  Bag Power 0,90 x 1,90 x 24', 84, 1, 6, 84, 4, 11, 7402.00, 0, 3, 1, 5, 0, 0, 821, 1, '', 84, 'power.jpg'),
(824, 'Colchón con Sommier  Jackie 2,00 x 2,00 x 57', 81, 2, 6, 243, 21, 57, 15901.00, 0, 4, 2, 4, 0, 0, 2170, 1, '', 81, 'jackie-m.jpg'),
(825, 'Colchón  Bag Power 1,00 x 1,90 x 24', 84, 1, 6, 84, 6, 11, 8187.00, 0, 3, 1, 5, 0, 0, 821, 1, '', 84, 'power.jpg'),
(826, 'Colchón con Sommier  Power 1,00 x 1,90 x 56', 84, 2, 6, 246, 6, 56, 10841.00, 0, 3, 2, 5, 0, 0, 822, 1, '', 84, 'power.jpg'),
(827, 'Colchón  Bag Power 1,30 x 1,90 x 24', 84, 1, 6, 84, 10, 11, 9972.00, 0, 3, 1, 5, 0, 0, 821, 1, '', 84, 'power.jpg'),
(828, 'Colchón con Sommier  Multilastic 1,30 x 1,90 x 54', 82, 2, 6, 244, 10, 54, 8973.00, 0, 5, 2, 4, 0, 0, 3511, 1, '', 82, 'multilastic.jpg'),
(829, 'Colchón  Bag Power 1,40 x 1,90 x 24', 84, 1, 6, 84, 13, 11, 10734.00, 0, 3, 1, 5, 0, 0, 821, 1, '', 84, 'power.jpg'),
(830, 'Colchón con Boxspring  Power 1,40 x 1,90 x 53', 84, 3, 6, 296, 13, 53, 17996.96, 0, 4, 3, 5, 0, 0, 846, 1, '', 84, 'power.jpg'),
(831, 'Colchón  Bag Power 1,50 x 1,90 x 24', 84, 1, 6, 84, 15, 11, 11531.00, 0, 3, 1, 5, 0, 0, 821, 1, '', 84, 'power.jpg'),
(832, 'Colchón con Sommier  Magnetic 1,50 x 1,90 x 59', 85, 2, 6, 247, 15, 59, 18743.00, 0, 3, 2, 4, 0, 0, 2003, 1, '', 85, 'magnetic.jpg'),
(833, 'Colchón  Bag Power 1,60 x 1,90 x 24', 84, 1, 6, 84, 17, 11, 12312.00, 0, 3, 1, 5, 0, 0, 821, 1, '', 84, 'power.jpg'),
(834, 'Colchón con Sommier  Magnetic 1,60 x 1,90 x 59', 85, 2, 6, 247, 17, 59, 21399.00, 0, 3, 2, 4, 0, 0, 2003, 1, '', 85, 'magnetic.jpg'),
(835, 'Colchón  Bag Power 1,80 x 2,00 x 24', 84, 1, 6, 84, 19, 11, 14267.00, 0, 3, 1, 5, 0, 0, 821, 1, '', 84, 'power.jpg'),
(837, 'Colchón  Bag Power 2,00 x 2,00 x 24', 84, 1, 6, 84, 21, 11, 15665.00, 0, 3, 1, 5, 0, 0, 821, 1, '', 84, 'power.jpg'),
(838, 'Colchón con Boxspring  Power 2,00 x 2,00 x 53', 84, 3, 6, 296, 21, 53, 27619.53, 0, 4, 3, 5, 0, 0, 846, 1, '', 84, 'power.jpg'),
(839, 'Colchón  Jackie Eurotop 1,80 x 2,00 x 25', 81, 1, 6, 81, 19, 12, 9317.00, 0, 4, 1, 4, 0, 0, 2171, 1, '', 81, 'jackie-m.jpg'),
(840, 'Colchón con Sommier  Jackie 1,80 x 2,00 x 57', 81, 2, 6, 243, 19, 57, 14574.00, 0, 4, 2, 4, 0, 0, 2170, 1, '', 81, 'jackie-m.jpg'),
(841, 'Colchón  Jackie Eurotop 2,00 x 2,00 x 25', 81, 1, 6, 81, 21, 12, 10233.00, 0, 4, 1, 4, 1, 0, 2171, 1, '', 81, 'jackie-m.jpg'),
(842, 'Colchón con Sommier  Power 0,90 x 1,90 x 56', 84, 2, 6, 246, 4, 56, 9942.00, 0, 3, 2, 5, 0, 0, 822, 1, '', 84, 'power.jpg'),
(844, 'Colchón con Sommier  Multilastic 1,00 x 1,90 x 54', 82, 2, 6, 244, 6, 54, 7137.00, 0, 5, 2, 4, 0, 0, 3511, 1, '', 82, 'multilastic.jpg'),
(846, 'Colchón con Boxspring  Power 1,30 x 1,90 x 53', 84, 3, 6, 296, 10, 53, 16821.59, 0, 4, 3, 5, 0, 0, 846, 1, '', 84, 'power.jpg'),
(848, 'Colchón con Boxspring  Magnetic 1,40 x 1,90 x 56', 85, 3, 6, 297, 13, 56, 22141.89, 1, 3, 3, 4, 0, 0, 848, 1, '', 85, 'magnetic.jpg'),
(850, 'Colchón con Boxspring  Power 1,50 x 1,90 x 53', 84, 3, 6, 296, 15, 53, 19212.26, 0, 4, 3, 5, 0, 0, 846, 1, '', 84, 'power.jpg'),
(852, 'Colchón con Sommier  Magnetic 1,80 x 2,00 x 59', 85, 2, 6, 247, 19, 59, 24416.00, 0, 3, 2, 4, 0, 0, 2003, 1, '', 85, 'magnetic.jpg'),
(854, 'Colchón con Boxspring  Power 1,80 x 2,00 x 53', 84, 3, 6, 296, 19, 53, 25609.30, 0, 4, 3, 5, 0, 0, 846, 1, '', 84, 'power.jpg'),
(856, 'Colchón con Sommier  Magnetic 2,00 x 2,00 x 59', 85, 2, 6, 247, 21, 59, 26781.00, 0, 3, 2, 4, 0, 0, 2003, 1, '', 85, 'magnetic.jpg'),
(880, 'Colchón  Esmeralda 0,80 x 1,90 x 22', 110, 1, 7, 110, 2, 9, 2745.00, 0, 9, 1, 5, 0, 0, 880, 1, '', 110, 'esmeralda-colchon.jpg'),
(888, 'Colchón  Esmeralda 0,90 x 1,90 x 22', 110, 1, 7, 110, 4, 9, 3052.00, 0, 9, 1, 5, 0, 0, 880, 1, '', 110, 'esmeralda-colchon.jpg'),
(901, 'Colchón con Sommier  Esmeralda 0,80 x 1,90 x 55', 110, 2, 7, 264, 2, 55, 4760.00, 0, 5, 2, 3, 0, 0, 901, 1, '', 109, 'esmeralda-colchon.jpg'),
(902, 'Colchón con Sommier  Esmeralda 0,90 x 1,90 x 55', 110, 2, 7, 264, 4, 55, 5182.00, 0, 5, 2, 3, 0, 0, 901, 1, '', 109, 'esmeralda-colchon.jpg'),
(913, 'Colchón  Simetric 1,60 x 1,90 x 23', 114, 1, 7, 114, 17, 10, 6933.00, 0, 4, 1, 4, 0, 0, 2688, 1, '', 114, 'simetric-colchon.jpg'),
(953, 'Colchón  Simetric Pillow Top 1,30 x 1,90 x 32', 115, 1, 7, 115, 10, 19, 6688.00, 0, 4, 1, 4, 0, 0, 953, 1, '', 115, 'simetric-pillow.jpg'),
(956, 'Colchón con Sommier  Simetric Pillow Top 1,40 x 1,90 x 65', 115, 2, 7, 268, 13, 65, 11569.39, 0, 4, 2, 4, 0, 0, 956, 1, '', 115, 'simetric-pillow.jpg'),
(957, 'Colchón  Simetric Pillow Top 1,50 x 1,90 x 32', 115, 1, 7, 115, 15, 19, 8458.00, 0, 4, 1, 4, 0, 0, 953, 1, '', 115, 'simetric-pillow.jpg'),
(959, 'Colchón  Complete 0,80 x 1,90 x 25', 116, 1, 7, 116, 2, 12, 4368.00, 0, 4, 1, 5, 0, 0, 959, 1, '', 116, 'complete.jpg'),
(960, 'Colchón con Sommier  Complete 0,80 x 1,90 x 59', 116, 2, 7, 269, 2, 59, 7089.00, 0, 4, 2, 5, 0, 0, 960, 1, '', 116, 'complete.jpg'),
(961, 'Colchón  Complete 0,90 x 1,90 x 25', 116, 1, 7, 116, 4, 12, 4778.00, 0, 4, 1, 5, 0, 0, 959, 1, '', 116, 'complete.jpg'),
(962, 'Colchón con Sommier  Complete 0,90 x 1,90 x 59', 116, 2, 7, 269, 4, 59, 7818.00, 0, 4, 2, 5, 0, 0, 960, 1, '', 116, 'complete.jpg'),
(963, 'Colchón  Complete 1,00 x 1,90 x 25', 116, 1, 7, 116, 6, 12, 5395.00, 0, 4, 1, 5, 0, 0, 959, 1, '', 116, 'complete.jpg'),
(964, 'Colchón con Sommier  Complete 1,00 x 1,90 x 59', 116, 2, 7, 269, 6, 59, 8803.00, 0, 4, 2, 5, 0, 0, 960, 1, '', 116, 'complete.jpg'),
(965, 'Colchón  Complete 1,30 x 1,90 x 25', 116, 1, 7, 116, 10, 12, 6424.00, 0, 4, 1, 5, 0, 0, 959, 1, '', 116, 'complete.jpg'),
(966, 'Colchón con Sommier  Complete 1,30 x 1,90 x 59', 116, 2, 7, 269, 10, 59, 10125.00, 0, 4, 2, 5, 0, 0, 960, 1, '', 116, 'complete.jpg'),
(967, 'Colchón  Complete 1,40 x 1,90 x 25', 116, 1, 7, 116, 13, 12, 6877.00, 0, 4, 1, 5, 0, 0, 959, 1, '', 116, 'complete.jpg'),
(968, 'Colchón con Sommier  Complete 1,40 x 1,90 x 59', 116, 2, 7, 269, 13, 59, 10644.00, 0, 4, 2, 5, 0, 0, 960, 1, '', 116, 'complete.jpg'),
(969, 'Colchón  Complete 1,50 x 1,90 x 25', 116, 1, 7, 116, 15, 12, 7349.00, 0, 4, 1, 5, 0, 0, 959, 1, '', 116, 'complete.jpg'),
(970, 'Colchón con Sommier  Complete 1,50 x 1,90 x 59', 116, 2, 7, 269, 15, 59, 11419.00, 0, 4, 2, 5, 0, 0, 960, 1, '', 116, 'complete.jpg'),
(971, 'Colchón  Complete 1,60 x 1,90 x 25', 116, 1, 7, 116, 17, 12, 8300.00, 0, 4, 1, 5, 0, 0, 959, 1, '', 116, 'complete.jpg'),
(972, 'Colchón con Sommier  Complete 1,60 x 1,90 x 59', 116, 2, 7, 269, 17, 59, 13742.00, 0, 4, 2, 5, 0, 0, 960, 1, '', 116, 'complete.jpg'),
(973, 'Colchón  Axis 1,00 x 1,90 x 25', 118, 1, 7, 118, 6, 12, 3616.54, 0, 4, 1, 3, 0, 0, 2029, 1, '', 118, 'axis-colchon.jpg'),
(975, 'Colchón  Axis 1,30 x 1,90 x 25', 118, 1, 7, 118, 10, 12, 4705.02, 0, 4, 1, 3, 0, 0, 2029, 1, '', 118, 'axis-colchon.jpg'),
(979, 'Colchón  Complete 1,60 x 2,00 x 25', 116, 1, 7, 116, 18, 12, 9378.00, 0, 4, 1, 5, 0, 0, 959, 1, '', 116, 'complete.jpg'),
(980, 'Colchón con Sommier  Complete 1,60 x 2,00 x 59', 116, 2, 7, 269, 18, 59, 15178.00, 0, 4, 2, 5, 0, 0, 960, 1, '', 116, 'complete.jpg'),
(986, 'Colchón con Sommier  Marfil 21 0,80 x 1,90 x 54', 111, 2, 7, 264, 2, 54, 5430.68, 0, 10, 2, 5, 0, 0, 986, 1, '', 111, 'marfil-21-colchon.jpg'),
(987, 'Colchón  Complete Pillow Top 0,90 x 1,90 x 32', 117, 1, 7, 117, 4, 19, 6252.00, 0, 4, 1, 5, 0, 0, 991, 1, '', 117, 'complete-pillow.jpg'),
(988, 'Colchón con Sommier  Marfil 21 0,90 x 1,90 x 54', 111, 2, 7, 264, 4, 54, 5973.16, 0, 10, 2, 5, 0, 0, 986, 1, '', 111, 'marfil-21-colchon.jpg'),
(990, 'Colchón con Sommier  Marfil 21 1,00 x 1,90 x 54', 111, 2, 7, 264, 6, 54, 6424.05, 0, 10, 2, 5, 0, 0, 986, 1, '', 111, 'marfil-21-colchon.jpg'),
(991, 'Colchón  Complete Pillow Top 1,30 x 1,90 x 32', 117, 1, 7, 117, 10, 19, 8003.00, 0, 4, 1, 5, 0, 0, 991, 1, '', 117, 'complete-pillow.jpg'),
(992, 'Colchón con Sommier  Marfil 21 1,30 x 1,90 x 54', 111, 2, 7, 264, 10, 54, 8019.79, 0, 10, 2, 5, 0, 0, 986, 1, '', 111, 'marfil-21-colchon.jpg'),
(993, 'Colchón  Complete Pillow Top 1,40 x 1,90 x 32', 117, 1, 7, 117, 13, 19, 8788.00, 0, 4, 1, 5, 0, 0, 991, 1, '', 117, 'complete-pillow.jpg'),
(994, 'Colchón con Sommier  Complete Pillow Top 1,40 x 1,90 x 65', 117, 2, 7, 270, 13, 65, 12555.00, 0, 4, 2, 5, 0, 0, 994, 1, '', 117, 'complete-pillow.jpg'),
(995, 'Colchón  Complete Pillow Top 1,50 x 1,90 x 32', 117, 1, 7, 117, 15, 19, 9605.00, 0, 4, 1, 5, 0, 0, 991, 1, '', 117, 'complete-pillow.jpg'),
(996, 'Colchón con Sommier  Complete Pillow Top 1,50 x 1,90 x 65', 117, 2, 7, 270, 15, 65, 13675.00, 0, 4, 2, 5, 0, 1, 994, 1, '', 117, 'complete-pillow.jpg'),
(997, 'Colchón  Complete Pillow Top 1,60 x 1,90 x 32', 117, 1, 7, 117, 17, 19, 10253.00, 0, 4, 1, 5, 0, 0, 991, 1, '', 117, 'complete-pillow.jpg'),
(998, 'Colchón con Sommier  Complete Pillow Top 1,60 x 1,90 x 65', 117, 2, 7, 270, 17, 65, 15695.00, 0, 4, 2, 5, 0, 0, 994, 1, '', 117, 'complete-pillow.jpg'),
(1002, 'Colchón con Sommier  Marfil 21 1,60 x 1,90 x 54', 111, 2, 7, 264, 17, 54, 10905.97, 0, 10, 2, 5, 0, 0, 986, 1, '', 111, 'marfil-21-colchon.jpg'),
(1004, 'Colchón con Sommier  Marfil 28 1,60 x 2,00 x 61', 113, 2, 7, 266, 18, 61, 9604.96, 0, 10, 2, 5, 0, 0, 11516, 1, '', 113, 'marfil-28.jpg'),
(1005, 'Colchón  Complete Pillow Top 1,60 x 2,00 x 32', 117, 1, 7, 117, 18, 19, 11719.00, 0, 4, 1, 5, 0, 0, 991, 1, '', 117, 'complete-pillow.jpg'),
(1006, 'Colchón con Sommier  Complete Pillow Top 1,60 x 2,00 x 65', 117, 2, 7, 270, 18, 65, 17519.00, 0, 4, 2, 5, 0, 0, 994, 1, '', 117, 'complete-pillow.jpg'),
(1007, 'Colchón  Complete Pillow Top 1,80 x 2,00 x 32', 117, 1, 7, 117, 19, 19, 14857.00, 0, 4, 1, 5, 0, 0, 991, 1, '', 117, 'complete-pillow.jpg'),
(1008, 'Colchón con Sommier  Complete Pillow Top 1,80 x 2,00 x 65', 117, 2, 7, 270, 19, 65, 21674.00, 0, 4, 2, 5, 0, 0, 994, 1, '', 117, 'complete-pillow.jpg'),
(1009, 'Colchón  Complete Pillow Top 2,00 x 2,00 x 32', 117, 1, 7, 117, 21, 19, 17128.00, 0, 4, 1, 5, 0, 0, 991, 1, '', 117, 'complete-pillow.jpg'),
(1010, 'Colchón con Sommier  Complete Pillow Top 2,00 x 2,00 x 65', 117, 2, 7, 270, 21, 65, 24766.00, 0, 4, 2, 5, 0, 0, 994, 1, '', 117, 'complete-pillow.jpg'),
(1011, 'Colchón  Super Plus14 1,40 x 1,90 x 14', 31, 1, 4, 31, 13, 5, 4296.00, 0, 7, 1, 4, 0, 0, 3152, 1, '', 31, 'super-plus.jpg'),
(1012, 'Colchón  Super Plus 18 0,80 x 1,90 x 18', 31, 1, 4, 302, 2, 6, 3156.00, 0, 7, 1, 4, 0, 0, 1012, 1, '', 31, 'super-plus.jpg'),
(1013, 'Colchón  Super Plus14 0,90 x 1,90 x 14', 31, 1, 4, 31, 4, 5, 2836.00, 0, 7, 1, 4, 0, 0, 3152, 1, '', 31, 'super-plus.jpg'),
(1014, 'Colchón  Super Plus 18 0,90 x 1,90 x 18', 31, 1, 4, 302, 4, 6, 3472.00, 0, 7, 1, 4, 0, 0, 1012, 1, '', 31, 'super-plus.jpg'),
(1015, 'Colchón  Super Plus14 1,00 x 1,90 x 14', 31, 1, 4, 31, 6, 5, 3139.00, 0, 7, 1, 4, 0, 0, 3152, 1, '', 31, 'super-plus.jpg'),
(1016, 'Colchón  Super Plus 18 1,00 x 1,90 x 18', 31, 1, 4, 302, 6, 6, 3840.00, 0, 7, 1, 4, 0, 0, 1012, 1, '', 31, 'super-plus.jpg'),
(1018, 'Colchón  Super Plus 18 1,30 x 1,90 x 18', 31, 1, 4, 302, 10, 6, 4892.00, 0, 7, 1, 4, 0, 0, 1012, 1, '', 31, 'super-plus.jpg'),
(1020, 'Colchón  Super Plus 18 1,40 x 1,90 x 18', 31, 1, 4, 302, 13, 6, 5260.00, 0, 7, 1, 4, 0, 0, 1012, 1, '', 31, 'super-plus.jpg'),
(1030, 'Colchón  Platine 1,40 x 1,90 x 25', 37, 1, 4, 37, 13, 12, 10218.00, 0, 10, 1, 6, 0, 0, 2619, 1, '', 37, 'platine.jpg'),
(1031, 'Colchón  NaturalFoam 13 0,80 x 1,90 x 13', 53, 1, 9, 53, 2, 34, 8804.00, 0, 13, 1, 3, 0, 0, 1031, 1, '', 53, 'naturalfoam-13.jpg'),
(1032, 'Colchón  NaturalFoam 13 0,90 x 1,90 x 13', 53, 1, 9, 53, 4, 34, 9906.00, 0, 13, 1, 3, 0, 0, 1031, 1, '', 53, 'naturalfoam-13.jpg'),
(1033, 'Colchón  NaturalFoam 13 1,00 x 1,90 x 13', 53, 1, 9, 53, 6, 34, 10967.00, 0, 13, 1, 3, 0, 0, 1031, 1, '', 53, 'naturalfoam-13.jpg'),
(1034, 'Colchón  NaturalFoam 17 0,80 x 1,90 x 17', 54, 1, 9, 54, 2, 36, 12002.00, 0, 13, 1, 4, 0, 0, 1034, 1, '', 54, 'naturalfoam-17.jpg'),
(1035, 'Colchón  Platine 1,50 x 1,90 x 25', 37, 1, 4, 37, 15, 12, 10933.00, 0, 10, 1, 6, 0, 0, 2619, 1, '', 37, 'platine.jpg'),
(1036, 'Colchón  NaturalFoam 17 1,00 x 1,90 x 17', 54, 1, 9, 54, 6, 36, 15047.00, 0, 13, 1, 4, 0, 0, 1034, 1, '', 54, 'naturalfoam-17.jpg'),
(1037, 'Colchón  NaturalFoam 13 1,30 x 1,90 x 13', 53, 1, 9, 53, 10, 34, 15157.00, 0, 13, 1, 3, 0, 0, 1031, 1, '', 53, 'naturalfoam-13.jpg'),
(1038, 'Colchón  NaturalFoam 13 1,50 x 1,90 x 13', 53, 1, 9, 53, 15, 34, 16217.00, 0, 13, 1, 3, 0, 0, 1031, 1, '', 53, 'naturalfoam-13.jpg'),
(1039, 'Colchón  D Oro 21 0,80 x 1,90 x 21', 35, 1, 4, 35, 2, 8, 4638.00, 0, 10, 1, 5, 0, 0, 1039, 1, '', 35, 'doro-21.jpg'),
(1040, 'Colchón  D Oro 21 0,90 x 1,90 x 21', 35, 1, 4, 35, 4, 8, 5102.00, 0, 10, 1, 5, 0, 0, 1039, 1, '', 35, 'doro-21.jpg'),
(1041, 'Colchón  D Oro 21 1,00 x 1,90 x 21', 35, 1, 4, 35, 6, 8, 5646.00, 0, 10, 1, 5, 0, 0, 1039, 1, '', 35, 'doro-21.jpg'),
(1042, 'Colchón  D Oro 21 1,30 x 1,90 x 21', 35, 1, 4, 35, 10, 8, 7189.00, 0, 10, 1, 5, 0, 0, 1039, 1, '', 35, 'doro-21.jpg'),
(1043, 'Colchón  D Oro 21 1,40 x 1,90 x 21', 35, 1, 4, 35, 13, 8, 7733.00, 0, 10, 1, 5, 0, 0, 1039, 1, '', 35, 'doro-21.jpg'),
(1044, 'Colchón  Fantasie 20 0,80 x 1,90 x 20', 34, 1, 4, 34, 2, 7, 3906.00, 0, 9, 1, 4, 0, 0, 1044, 1, '', 34, 'fantasie-20-colchon.jpg'),
(1045, 'Colchón  Fantasie 20 0,90 x 1,90 x 20', 34, 1, 4, 34, 4, 7, 4296.00, 0, 9, 1, 4, 0, 0, 1044, 1, '', 34, 'fantasie-20-colchon.jpg'),
(1046, 'Colchón  Fantasie 20 1,00 x 1,90 x 20', 34, 1, 4, 34, 6, 7, 4752.00, 0, 9, 1, 4, 0, 0, 1044, 1, '', 34, 'fantasie-20-colchon.jpg'),
(1047, 'Colchón  Fantasie 20 1,30 x 1,90 x 20', 34, 1, 4, 34, 10, 7, 6049.00, 0, 9, 1, 4, 0, 0, 1044, 1, '', 34, 'fantasie-20-colchon.jpg'),
(1048, 'Colchón  Fantasie 20 1,40 x 1,90 x 20', 34, 1, 4, 34, 13, 7, 6505.00, 0, 9, 1, 4, 0, 0, 1044, 1, '', 34, 'fantasie-20-colchon.jpg'),
(1049, 'Colchón  Fantasie 20 1,50 x 1,90 x 20', 34, 1, 4, 34, 15, 7, 6961.00, 0, 9, 1, 4, 0, 0, 1044, 1, '', 34, 'fantasie-20-colchon.jpg'),
(1050, 'Colchón  Fantasie 18 1,60 x 1,90 x 20', 33, 1, 4, 33, 17, 7, 6681.00, 0, 9, 1, 4, 0, 0, 2078, 1, '', 33, 'fantasie-18-colchon.jpg'),
(1051, 'Colchón  Inedit 20 1,60 x 1,90 x 20', 32, 1, 4, 301, 17, 7, 6071.00, 0, 9, 1, 4, 0, 0, 3116, 1, '', 32, 'inedit.jpg'),
(1418, 'Colchón  Primera 1,50 x 1,90 x 20', 159, 1, 13, 159, 15, 7, 2120.61, 0, 9, 1, 4, 0, 0, 1419, 1, '', 159, 'primera.jpg'),
(1419, 'Colchón  Primera 0,80 x 1,90 x 20', 159, 1, 13, 159, 2, 7, 2754.67, 0, 9, 1, 4, 0, 0, 1419, 1, '', 159, 'primera.jpg'),
(1479, 'Colchón  Fantasie 18 1,40 x 1,90 x 18', 33, 1, 4, 33, 13, 6, 5861.00, 0, 9, 1, 4, 0, 0, 2078, 1, '', 33, 'fantasie-18-colchon.jpg'),
(1494, 'Almohada  Milenium 0,70 x 0,50 x 10', 143, 4, 60, 143, 25, 3, 704.52, 0, 3, 4, 4, 0, 0, 1494, 1, '', 143, 'alm-milenium.jpg'),
(1512, 'Colchón con Sommier  Superstar 1,40 x 1,90 x 57', 101, 2, 1, 254, 13, 57, 9501.00, 0, 5, 2, 3, 0, 0, 1569, 1, '', 101, 'superstar.jpg'),
(1535, 'Colchón  LC 500 1,50 x 2,00 x 27', 44, 1, 4, 44, 16, 14, 17722.00, 0, 4, 1, 3, 0, 0, 565, 1, '', 44, 'lc500-colchon.jpg'),
(1560, 'Colchón con Sommier  Blue Star 0,80 x 1,90 x 58', 103, 2, 1, 256, 2, 58, 6524.00, 0, 5, 2, 4, 0, 0, 1560, 1, '', 103, 'bluestar.jpg'),
(1569, 'Colchón con Sommier  Superstar 0,80 x 1,90 x 57', 101, 2, 1, 254, 2, 57, 6321.00, 0, 5, 2, 3, 0, 0, 1569, 1, '', 101, 'superstar.jpg'),
(1570, 'Colchón con Sommier  Superstar Pillow Top 1,40 x 1,90 x 2', 102, 2, 1, 255, 13, 28, 11510.00, 0, 5, 2, 3, 0, 0, 1570, 1, '', 102, 'superstar-pillow.jpg'),
(1571, 'Colchón con Sommier  Simetric 1,40 x 1,90 x 58', 114, 2, 7, 267, 13, 58, 9172.85, 0, 10, 2, 4, 0, 0, 2879, 1, '', 114, 'simetric-colchon.jpg'),
(1574, 'Colchón con Sommier  Floustar 0,80 x 1,90 x 2', 100, 2, 1, 254, 2, 46, 5546.00, 0, 11, 2, 3, 0, 0, 1574, 1, '', 100, 'floustar.jpg'),
(1619, 'Colchón con Sommier  Superstar 0,90 x 1,90 x 57', 101, 2, 1, 254, 4, 57, 6974.00, 0, 5, 2, 3, 0, 0, 1569, 1, '', 101, 'superstar.jpg'),
(1629, 'Colchón con Sommier  D Oro 21 cm 0,80 x 1,90 x 56', 35, 2, 4, 202, 2, 56, 8249.00, 0, 10, 2, 5, 0, 0, 1629, 1, '', 35, 'doro-21.jpg'),
(1630, 'Colchón con Boxspring  Jackie 1,60 x 2,00 x 54', 81, 3, 6, 294, 18, 54, 0.00, 0, 3, 3, 4, 0, 0, 2083, 1, '', 81, 'jackie-m.jpg'),
(1631, 'Colchón con Sommier  Jackie 1,40 x 1,90 x 57', 81, 2, 6, 243, 13, 57, 10369.00, 1, 4, 2, 4, 0, 0, 2170, 1, '', 81, 'jackie-m.jpg'),
(1641, 'Almohada  Delpa Natural Foam 0,70 x 0,40 x 10', 157, 4, 9, 157, 24, 3, 879.48, 0, 13, 4, 2, 0, 0, 1641, 1, '', 157, 'alm-naturalfoam.jpg'),
(1657, 'Colchón  Feeling 1,40 x 1,90 x 23', 5, 1, 3, 5, 13, 10, 5476.00, 0, 4, 1, 3, 0, 0, 1812, 1, '', 5, 'feeling-00.jpg'),
(1662, 'Colchón con Sommier  Blue Star 0,90 x 1,90 x 58', 103, 2, 1, 256, 4, 58, 7288.00, 0, 5, 2, 4, 0, 0, 1560, 1, '', 103, 'bluestar.jpg'),
(1663, 'Colchón  Boreal Pillow Top 1,40 x 1,90 x 27', 105, 1, 1, 105, 13, 14, 9256.00, 0, 5, 1, 4, 1, 0, 1663, 1, '', 105, 'boreal-pillow.jpg'),
(1666, 'Colchón con Boxspring  TopFuan 1,60 x 1,90 x 62', 43, 3, 4, 291, 17, 62, 0.00, 0, 3, 3, 5, 0, 0, 576, 1, '', 43, 'topfuan.jpg'),
(1716, 'Colchón  Paradise Soft 0,80 x 1,90 x 23', 50, 1, 11, 50, 2, 10, 4132.00, 0, 4, 1, 4, 0, 0, 1716, 1, '', 50, 'paradise.jpg'),
(1748, 'Colchón  Boreal 1,60 x 2,00 x 29', 104, 1, 1, 104, 18, 16, 8580.00, 0, 5, 1, 4, 0, 0, 104, 1, '', 104, 'boreal.jpg'),
(1749, 'Colchón con Sommier  Boreal 0,80 x 1,90 x 58', 104, 2, 1, 257, 2, 58, 6894.00, 0, 5, 2, 4, 0, 0, 1749, 1, '', 104, 'boreal.jpg'),
(1750, 'Colchón  Boreal 1,80 x 2,00 x 27', 104, 1, 1, 104, 19, 14, 9442.00, 0, 5, 1, 4, 0, 0, 104, 1, '', 104, 'boreal.jpg'),
(1751, 'Colchón con Sommier  Boreal 0,90 x 1,90 x 58', 104, 2, 1, 257, 4, 58, 7439.00, 0, 5, 2, 4, 0, 0, 1749, 1, '', 104, 'boreal.jpg'),
(1752, 'Colchón  Boreal Pillow Top 1,80 x 2,00 x 27', 105, 1, 1, 105, 19, 14, 12074.00, 0, 5, 1, 4, 0, 0, 1663, 1, '', 105, 'boreal-pillow.jpg'),
(1753, 'Colchón con Sommier  Boreal 1,00 x 1,90 x 58', 104, 2, 1, 257, 6, 58, 7997.00, 0, 5, 2, 4, 0, 0, 1749, 1, '', 104, 'boreal.jpg'),
(1754, 'Colchón  Boreal Pillow Top 2,00 x 2,00 x 27', 105, 1, 1, 105, 21, 14, 13178.00, 0, 5, 1, 4, 0, 0, 1663, 1, '', 105, 'boreal-pillow.jpg'),
(1755, 'Colchón con Sommier  Boreal 1,30 x 1,90 x 58', 104, 2, 1, 257, 10, 58, 9933.00, 0, 5, 2, 4, 0, 0, 1749, 1, '', 104, 'boreal.jpg'),
(1756, 'Colchón con Sommier  Boreal 1,40 x 1,90 x 58', 104, 2, 1, 257, 13, 58, 10530.00, 0, 5, 2, 4, 0, 0, 1749, 1, '', 104, 'boreal.jpg'),
(1757, 'Colchón  Boreal Pillow Top 1,50 x 1,90 x 27', 105, 1, 1, 105, 15, 14, 10016.00, 0, 5, 1, 4, 0, 0, 1663, 1, '', 105, 'boreal-pillow.jpg'),
(1758, 'Colchón con Sommier  Boreal 1,50 x 1,90 x 58', 104, 2, 1, 257, 15, 58, 11243.00, 0, 5, 2, 4, 0, 0, 1749, 1, '', 104, 'boreal.jpg'),
(1808, 'Colchón con Sommier  Multilastic 1,80 x 2,00 x 54', 82, 2, 6, 244, 19, 54, 12417.00, 0, 5, 2, 4, 0, 0, 3511, 1, '', 82, 'multilastic.jpg'),
(1809, 'Colchón  Floustar 0,80 x 1,90 x 23', 100, 1, 1, 100, 2, 10, 3656.00, 0, 5, 1, 3, 0, 0, 1809, 1, '', 100, 'floustar.jpg'),
(1810, 'Colchón  Floustar 1,40 x 1,90 x 23', 100, 1, 1, 100, 13, 10, 5947.00, 0, 5, 1, 3, 0, 0, 1809, 1, '', 100, 'floustar.jpg'),
(1811, 'Colchón  Floustar 1,00 x 1,90 x 23', 100, 1, 1, 100, 6, 10, 4440.00, 0, 5, 1, 3, 0, 0, 1809, 1, '', 100, 'floustar.jpg'),
(1812, 'Colchón  Feeling 0,80 x 1,90 x 23', 5, 1, 3, 5, 2, 10, 3407.00, 0, 4, 1, 3, 0, 0, 1812, 1, '', 5, 'feeling-00.jpg'),
(1813, 'Colchón  Feeling 0,90 x 1,90 x 23', 5, 1, 3, 5, 4, 10, 3853.00, 0, 4, 1, 3, 0, 0, 1812, 1, '', 5, 'feeling-00.jpg'),
(1818, 'Colchón con Sommier  Feeling 0,80 x 1,90 x 54', 5, 2, 3, 177, 2, 54, 5641.00, 0, 4, 2, 3, 0, 0, 1818, 1, '', 5, 'feeling-00.jpg'),
(1822, 'Colchón  Inedit 18 1,40 x 1,90 x 18', 32, 1, 4, 32, 13, 6, 5326.00, 0, 4, 1, 5, 0, 0, 1833, 1, '', 163, 'inedit.jpg'),
(1823, 'Colchón con Sommier  Belspring 1,40 x 1,90 x 57', 6, 2, 3, 178, 13, 57, 11843.00, 0, 4, 2, 3, 0, 0, 1950, 1, '', 6, 'belspring-00.jpg'),
(1831, 'Colchón  Floustar 1,30 x 1,90 x 21', 100, 1, 1, 100, 10, 8, 5714.00, 0, 5, 1, 3, 0, 0, 1809, 1, '', 100, 'floustar.jpg'),
(1832, 'Colchón con Sommier  Feeling 0,90 x 1,90 x 54', 5, 2, 3, 177, 4, 54, 6386.00, 0, 4, 2, 3, 0, 0, 1818, 1, '', 5, 'feeling-00.jpg'),
(1833, 'Colchón  Inedit 18 0,80 x 1,90 x 18', 32, 1, 4, 32, 2, 6, 3196.00, 0, 4, 1, 5, 0, 0, 1833, 1, '', 163, 'inedit.jpg'),
(1835, 'Colchón  Inedit 18 0,90 x 1,90 x 18', 32, 1, 4, 32, 4, 6, 3516.00, 0, 4, 1, 5, 0, 0, 1833, 1, '', 163, 'inedit.jpg'),
(1837, 'Colchón con Sommier  Feeling 1,40 x 1,90 x 54', 5, 2, 3, 177, 13, 54, 9351.00, 0, 4, 2, 3, 0, 0, 1818, 1, '', 5, 'feeling-00.jpg'),
(1847, 'Colchón con Sommier  Olympic Jackard 0,80 x 1,90 x 2', 49, 2, 11, 215, 2, 28, 5286.00, 0, 4, 2, 4, 0, 0, 1847, 1, '', 49, 'olympic-jackard.jpg'),
(1850, 'Colchón con Sommier  Floustar 1,50 x 1,90 x 2', 100, 2, 1, 254, 15, 46, 9288.00, 0, 11, 2, 3, 0, 0, 1574, 1, '', 100, 'floustar.jpg'),
(1858, 'Colchón con Sommier  Platine 1,60 x 1,90 x 60', 37, 2, 4, 204, 17, 60, 18869.00, 0, 10, 2, 6, 0, 0, 2208, 1, '', 37, 'platine.jpg'),
(1859, 'Colchón con Boxspring  Privelle 1,40 x 1,90 x 59', 39, 3, 4, 287, 13, 59, 0.00, 0, 4, 3, 3, 0, 0, 652, 1, '', 39, 'privelle-00.jpg'),
(1860, 'Sommier  Baulera Roomy 1,30 x 1,90 x 41', 87, 6, 6, 87, 10, 41, 13101.00, 0, 21, 6, 7, 0, 0, 2912, 1, '', 87, 'roomy-m.jpg'),
(1861, 'Colchón con Sommier  Paradise Soft 0,80 x 1,90 x 67', 50, 2, 11, 216, 2, 67, 6109.00, 0, 4, 2, 4, 0, 0, 1861, 1, '', 50, 'paradise.jpg'),
(1862, 'Colchón  Dalí 0,90 x 1,90 x 18', 56, 1, 11, 56, 4, 6, 2739.00, 0, 7, 1, 4, 0, 0, 1997, 1, '', 56, 'dali.jpg'),
(1867, 'Colchón con Sommier  Eden 0,90 x 1,90 x 66', 51, 2, 11, 217, 4, 66, 8522.00, 0, 3, 2, 5, 0, 0, 2992, 1, '', 51, 'eden-det.jpg'),
(1871, 'Colchón  Simetric Pillow Top 1,40 x 1,90 x 32', 115, 1, 7, 115, 13, 19, 8071.00, 0, 4, 1, 4, 0, 0, 953, 1, '', 115, 'simetric-pillow.jpg'),
(1874, 'Colchón con Sommier  Recharge Classic 1,40 x 1,90 x 57', 75, 2, 2, 237, 13, 57, 18254.69, 2, 3, 2, 4, 0, 0, 3167, 1, '', 75, 'beauty-classic-esq.jpg'),
(1875, 'Almohada  Nativa c/faja 0,70 x 0,50 x 10', 125, 4, 60, 125, 25, 3, 399.23, 0, 17, 4, 2, 0, 0, 1951, 1, '', 125, 'alm-nativa.jpg'),
(1877, 'Sommier  Baulera Roomy 1,40 x 1,90 x 41', 87, 6, 6, 87, 13, 41, 13530.00, 0, 21, 6, 7, 0, 1, 2912, 1, '', 87, 'roomy-m.jpg'),
(1878, 'Colchón  Magnetic Pillow 1,40 x 1,90 x 32', 85, 1, 6, 85, 13, 19, 14434.00, 0, 3, 1, 4, 0, 0, 1878, 1, '', 85, 'magnetic.jpg'),
(1890, 'Colchón con Sommier  Insignia Rouge 1,60 x 2,00 x 61', 106, 2, 1, 259, 18, 61, 17749.00, 0, 5, 2, 4, 0, 0, 2529, 1, '', 106, 'insignia-rouge.jpg'),
(1891, 'Colchón con Sommier  Olympic Jackard 1,80 x 2,00 x 2', 49, 2, 11, 215, 19, 28, 12533.00, 0, 4, 2, 4, 0, 0, 1847, 1, '', 49, 'olympic-jackard.jpg'),
(1892, 'Colchón  Sensation 1,40 x 1,90 x 2', 47, 1, 11, 47, 13, 10, 5600.00, 0, 4, 1, 3, 0, 0, 1892, 1, '', 47, 'sensation-det.jpg'),
(1893, 'Colchón  Paradise Soft 1,40 x 1,90 x 27', 50, 1, 11, 50, 13, 14, 7101.00, 0, 4, 1, 4, 1, 0, 1716, 1, '', 50, 'paradise.jpg'),
(1895, 'Colchón con Sommier  Dorado 1,50 x 1,90 x 54', 3, 2, 3, 175, 15, 54, 11981.00, 0, 22, 2, 5, 0, 0, 2915, 1, '', 3, 'dorado-00.jpg'),
(1897, 'Colchón  Boreal Pillow Top 1,60 x 2,00 x 30', 105, 1, 1, 105, 18, 17, 11039.00, 0, 5, 1, 4, 0, 0, 1663, 1, '', 105, 'boreal-pillow.jpg'),
(1898, 'Colchón con Sommier  Boreal 1,60 x 2,00 x 58', 104, 2, 1, 257, 18, 58, 14262.00, 0, 5, 2, 4, 0, 0, 1749, 1, '', 104, 'boreal.jpg'),
(1901, 'Colchón con Sommier  Paradise Soft 1,60 x 2,00 x 67', 50, 2, 11, 216, 18, 67, 12961.00, 0, 4, 2, 4, 1, 1, 1861, 1, '', 50, 'paradise.jpg'),
(1903, 'Colchón con Sommier  Boreal Pillow Top 1,40 x 1,90 x 61', 105, 2, 1, 258, 13, 61, 12560.00, 0, 5, 2, 4, 0, 0, 1903, 1, '', 105, 'boreal-pillow.jpg'),
(1904, 'Colchón  Eden Soft 1,40 x 1,90 x 28', 51, 1, 11, 51, 13, 15, 9397.00, 0, 3, 1, 5, 1, 0, 2516, 1, '', 51, 'eden-det.jpg'),
(1909, 'Colchón con Sommier  Soñar 0,90 x 1,90 x 53', 15, 2, 5, 186, 4, 53, 4851.30, 0, 4, 2, 3, 0, 0, 3229, 1, '', 15, 'soniar.jpg'),
(1923, 'Colchón con Boxspring  Jackie 1,40 x 1,90 x 54', 81, 3, 6, 294, 13, 54, 0.00, 0, 3, 3, 4, 0, 0, 2083, 1, '', 81, 'jackie-m.jpg'),
(1931, 'Colchón con Sommier  Eden 1,30 x 1,90 x 66', 51, 2, 11, 217, 10, 66, 11638.00, 0, 3, 2, 5, 0, 0, 2992, 1, '', 51, 'eden-det.jpg'),
(1932, 'Colchón con Sommier  Boreal Pillow Top 1,50 x 1,90 x 61', 105, 2, 1, 258, 15, 61, 13486.00, 0, 5, 2, 4, 0, 0, 1903, 1, '', 105, 'boreal-pillow.jpg'),
(1933, 'Colchón  Floustar 0,90 x 1,90 x 21', 100, 1, 1, 100, 4, 8, 4117.00, 0, 5, 1, 3, 0, 0, 1809, 1, '', 100, 'floustar.jpg'),
(1945, 'Colchón con Boxspring  Nouvelle 1,80 x 2,00 x 59', 41, 3, 4, 289, 19, 59, 0.00, 0, 4, 3, 4, 0, 0, 117, 1, '', 41, 'nouvelle.jpg'),
(1949, 'Colchón  Classic 1,80 x 2,00 x 28', 75, 1, 2, 75, 19, 15, 18458.63, 0, 3, 1, 4, 0, 0, 377, 1, '', 75, 'beauty-classic-esq.jpg'),
(1950, 'Colchón con Sommier  Belspring 0,80 x 1,90 x 57', 6, 2, 3, 178, 2, 57, 8033.00, 0, 4, 2, 3, 0, 0, 1950, 1, '', 6, 'belspring-00.jpg'),
(1951, 'Almohada  Nativa c/faja 0,70 x 0,40 x 10', 125, 4, 60, 125, 24, 3, 348.74, 0, 17, 4, 2, 0, 0, 1951, 1, '', 125, 'alm-nativa.jpg'),
(1957, 'Colchón con Sommier  Laguna 1,80 x 2,00 x 60', 65, 2, 10, 227, 19, 60, 16843.00, 0, 4, 2, 4, 0, 0, 2832, 1, '', 65, 'laguna-esq.jpg'),
(1958, 'Colchón con Sommier  Axis 1,40 x 1,90 x 59', 118, 2, 7, 118, 13, 59, 7643.00, 0, 4, 2, 3, 0, 0, 2752, 1, '', 118, 'axis-colchon.jpg'),
(1967, 'Colchón  Paradise Soft 1,30 x 1,90 x 24', 50, 1, 11, 50, 10, 11, 6620.00, 0, 4, 1, 4, 0, 0, 1716, 1, '', 50, 'paradise.jpg'),
(1969, 'Sommier mas cama auxilar Duo 0,90 x 1,90 x 7', 88, 6, 6, 88, 4, 31, 10847.00, 0, 8, 6, 4, 0, 1, 1969, 1, '', 88, 'duo.jpg'),
(1971, 'Sommier Duo mas cama auxiliar con Multilastic 0,90 x 1,90 x 60', 91, 6, 6, 91, 4, 60, 15872.00, 0, 5, 6, 4, 0, 0, 1971, 1, '', 88, 'duo.jpg'),
(1975, 'Colchón con Sommier  Paradise Soft 1,40 x 1,90 x 67', 50, 2, 11, 216, 13, 67, 9610.00, 0, 4, 2, 4, 0, 0, 1861, 1, '', 50, 'paradise.jpg'),
(1976, 'Colchón con Sommier  Simetric 1,30 x 1,90 x 58', 114, 2, 7, 267, 10, 58, 8509.43, 0, 10, 2, 4, 0, 0, 2879, 1, '', 114, 'simetric-colchon.jpg'),
(1981, 'Colchón  Laguna 1,60 x 2,00 x 2', 65, 1, 10, 65, 18, 28, 8991.00, 0, 4, 1, 4, 0, 0, 1981, 1, '', 65, 'laguna-esq.jpg'),
(1989, 'Colchón con Sommier  Simetric Pillow Top 1,50 x 1,90 x 65', 115, 2, 7, 268, 15, 65, 12147.10, 0, 4, 2, 4, 0, 0, 956, 1, '', 115, 'simetric-pillow.jpg'),
(1990, 'Colchón con Sommier  Simetric 1,50 x 1,90 x 58', 114, 2, 7, 267, 15, 58, 9916.12, 0, 10, 2, 4, 0, 0, 2879, 1, '', 114, 'simetric-colchon.jpg'),
(1992, 'Colchón con Sommier  Magnetic 1,60 x 2,00 x 59', 85, 2, 6, 247, 18, 59, 22227.00, 0, 3, 2, 4, 0, 0, 2003, 1, '', 85, 'magnetic.jpg'),
(1993, 'Colchón con Sommier  Simetric Pillow Top 1,60 x 2,00 x 65', 115, 2, 7, 268, 18, 65, 15030.93, 0, 4, 2, 4, 0, 0, 956, 1, '', 115, 'simetric-pillow.jpg'),
(1995, 'Colchón con Sommier  Recharge Classic 1,50 x 1,90 x 57', 75, 2, 2, 237, 15, 57, 19617.38, 2, 3, 2, 4, 1, 0, 3167, 1, '', 75, 'beauty-classic-esq.jpg'),
(1997, 'Colchón  Dalí 0,80 x 1,90 x 18', 56, 1, 11, 56, 2, 6, 2459.00, 0, 7, 1, 4, 0, 0, 1997, 1, '', 56, 'dali.jpg'),
(1998, 'Colchón con Sommier  BackCare Siesta 1,80 x 2,00 x 61', 74, 2, 2, 236, 19, 61, 30752.00, 0, 4, 2, 5, 0, 0, 368, 1, '', 74, 'back-siesta.jpg'),
(2000, 'Colchón  Siesta 1,60 x 2,00 x 27', 74, 1, 2, 74, 18, 14, 20528.93, 0, 4, 1, 5, 0, 0, 367, 1, '', 74, 'back-siesta.jpg'),
(2003, 'Colchón con Sommier  Magnetic 1,40 x 1,90 x 59', 85, 2, 6, 247, 13, 59, 17557.00, 0, 3, 2, 4, 0, 0, 2003, 1, '', 85, 'magnetic.jpg'),
(2004, 'Sommier  Baulera Roomy 1,50 x 1,90 x 41', 87, 6, 6, 87, 15, 41, 14180.00, 0, 21, 6, 7, 0, 0, 2912, 1, '', 87, 'roomy-m.jpg'),
(2010, 'Colchón con Sommier  Paradise Soft 1,80 x 2,00 x 67', 50, 2, 11, 216, 19, 67, 13679.00, 0, 4, 2, 4, 0, 0, 1861, 1, '', 50, 'paradise.jpg'),
(2012, 'Colchón  Sensation 1,60 x 2,00 x 2', 47, 1, 11, 47, 18, 10, 6167.00, 0, 4, 1, 3, 0, 0, 1892, 1, '', 47, 'sensation-det.jpg'),
(2013, 'Colchón con Sommier  Eden 1,60 x 2,00 x 66', 51, 2, 11, 217, 18, 66, 16034.00, 0, 3, 2, 5, 0, 0, 2992, 1, '', 51, 'eden-det.jpg'),
(2015, 'Colchón  Paradise Soft 1,60 x 2,00 x 26', 50, 1, 11, 50, 18, 13, 8613.00, 0, 4, 1, 4, 0, 0, 1716, 1, '', 50, 'paradise.jpg'),
(2017, 'Almohada  Intelligent Cervical 0,70 x 0,40 x 10', 146, 4, 2, 146, 24, 3, 620.00, 0, 14, 4, 1, 0, 0, 2017, 1, '', 146, 'alm-inteligent-cervical.jpg'),
(2018, 'Colchón  Eden Soft 1,80 x 2,00 x 28', 51, 1, 11, 51, 19, 15, 12559.00, 2, 3, 1, 5, 0, 0, 2516, 1, '', 51, 'eden-det.jpg'),
(2027, 'Colchón con Sommier  Paradise Soft 0,90 x 1,90 x 67', 50, 2, 11, 216, 4, 67, 6826.00, 0, 4, 2, 4, 0, 0, 1861, 1, '', 50, 'paradise.jpg'),
(2028, 'Colchón  Eden Soft 1,00 x 1,90 x 28', 51, 1, 11, 51, 6, 15, 6889.00, 0, 3, 1, 5, 0, 0, 2516, 1, '', 51, 'eden-det.jpg'),
(2029, 'Colchón  Axis 0,80 x 1,90 x 25', 118, 1, 7, 118, 2, 12, 3140.99, 0, 4, 1, 3, 0, 0, 2029, 1, '', 118, 'axis-colchon.jpg'),
(2031, 'Colchón  Paradise Soft 1,50 x 1,90 x 28', 50, 1, 11, 50, 15, 15, 7439.00, 1, 4, 1, 4, 0, 0, 1716, 1, '', 50, 'paradise.jpg'),
(2035, 'Colchón  NaturalFoam 17 0,90 x 1,90 x 17', 54, 1, 9, 54, 4, 36, 13526.00, 0, 13, 1, 4, 0, 0, 1034, 1, '', 54, 'naturalfoam-17.jpg'),
(2042, 'Colchón con Sommier  Belspring Pillow Top 1,60 x 1,90 x 59', 7, 2, 3, 179, 17, 59, 17478.00, 0, 4, 2, 4, 0, 0, 330, 1, '', 7, 'belspring-pillow-00.jpg'),
(2045, 'Colchón con Sommier  Olympic Jackard 1,40 x 1,90 x 2', 49, 2, 11, 215, 13, 28, 8448.00, 0, 4, 2, 4, 0, 0, 1847, 1, '', 49, 'olympic-jackard.jpg'),
(2047, 'Colchón con Sommier  Sensation 1,60 x 2,00 x 2', 47, 2, 11, 214, 18, 28, 9320.00, 0, 4, 2, 3, 0, 0, 2534, 1, '', 47, 'sensation-det.jpg'),
(2048, 'Colchón con Sommier  Paradise Soft 2,00 x 2,00 x 67', 50, 2, 11, 216, 21, 67, 14744.00, 0, 4, 2, 4, 0, 0, 1861, 1, '', 50, 'paradise.jpg'),
(2051, 'Colchón con Sommier  Eden 1,50 x 1,90 x 66', 51, 2, 11, 217, 15, 66, 12976.00, 0, 3, 2, 5, 0, 0, 2992, 1, '', 51, 'eden-det.jpg'),
(2052, 'Colchón con Sommier  Laguna 2,00 x 2,00 x 60', 65, 2, 10, 227, 21, 60, 11560.00, 1, 4, 2, 4, 0, 0, 2832, 1, '', 65, 'laguna-esq.jpg'),
(2053, 'Colchón con Sommier  Eden 1,80 x 2,00 x 66', 51, 2, 11, 217, 19, 66, 17659.00, 0, 3, 2, 5, 1, 1, 2992, 1, '', 51, 'eden-det.jpg'),
(2054, 'Colchón con Sommier  Paradise Soft 1,30 x 1,90 x 67', 50, 2, 11, 216, 10, 67, 9219.00, 0, 4, 2, 4, 0, 0, 1861, 1, '', 50, 'paradise.jpg'),
(2060, 'Colchón  NaturalFoam 17 1,40 x 1,90 x 17', 54, 1, 9, 54, 13, 36, 20696.00, 0, 13, 1, 4, 0, 0, 1034, 1, '', 54, 'naturalfoam-17.jpg'),
(2063, 'Colchón  Paradise Soft 1,80 x 2,00 x 30', 50, 1, 11, 50, 19, 17, 9503.00, 0, 4, 1, 4, 0, 0, 1716, 1, '', 50, 'paradise.jpg'),
(2064, 'Colchón con Sommier  Eden 2,00 x 2,00 x 66', 51, 2, 11, 217, 21, 66, 19760.00, 0, 3, 2, 5, 0, 0, 2992, 1, '', 51, 'eden-det.jpg'),
(2065, 'Colchón con Sommier  Axis 1,00 x 1,90 x 59', 118, 2, 7, 118, 6, 59, 5839.00, 0, 4, 2, 3, 0, 0, 2752, 1, '', 118, 'axis-colchon.jpg'),
(2074, 'Colchón  Classic 1,60 x 2,00 x 26', 75, 1, 2, 75, 18, 13, 16540.77, 0, 3, 1, 4, 0, 0, 377, 1, '', 75, 'beauty-classic-esq.jpg'),
(2075, 'Colchón con Sommier  Recharge Classic 1,60 x 2,00 x 57', 75, 2, 2, 237, 18, 57, 24417.18, 0, 3, 2, 4, 0, 0, 3167, 1, '', 75, 'beauty-classic-esq.jpg'),
(2076, 'Colchón con Boxspring  Jackie 0,90 x 1,90 x 54', 81, 3, 6, 294, 4, 54, 0.00, 0, 3, 3, 4, 0, 0, 2083, 1, '', 81, 'jackie-m.jpg'),
(2077, 'Colchón  Belspring 1,60 x 1,90 x 24', 6, 1, 3, 6, 17, 11, 9711.00, 0, 4, 1, 3, 0, 0, 329, 1, '', 6, 'belspring-00.jpg'),
(2078, 'Colchón  Fantasie 18 0,80 x 1,90 x 18', 33, 1, 4, 33, 2, 6, 3516.00, 0, 9, 1, 4, 0, 0, 2078, 1, '', 33, 'fantasie-18-colchon.jpg'),
(2079, 'Colchón con Sommier  Olympic Jackard 1,60 x 2,00 x 2', 49, 2, 11, 215, 18, 28, 11197.00, 0, 4, 2, 4, 0, 0, 1847, 1, '', 49, 'olympic-jackard.jpg'),
(2082, 'Colchón  Belspring 1,00 x 1,90 x 24', 6, 1, 3, 6, 6, 11, 5869.00, 0, 4, 1, 3, 0, 0, 329, 1, '', 6, 'belspring-00.jpg'),
(2083, 'Colchón con Boxspring  Jackie 0,80 x 1,90 x 54', 81, 3, 6, 294, 2, 54, 0.00, 0, 3, 3, 4, 0, 0, 2083, 1, '', 81, 'jackie-m.jpg'),
(2084, 'Colchón  Magnetic Pillow 1,50 x 1,90 x 32', 85, 1, 6, 85, 15, 19, 15507.00, 0, 3, 1, 4, 0, 0, 1878, 1, '', 85, 'magnetic.jpg'),
(2106, 'Colchón con Boxspring  LC 1000 0,80 x 1,90 x 63', 45, 3, 4, 293, 2, 63, 0.00, 2, 4, 3, 5, 0, 0, 2106, 1, '', 45, 'lc1000-00.jpg'),
(2107, 'Colchón  LC 1000 1,60 x 2,00 x 30', 45, 1, 4, 45, 18, 17, 31352.00, 1, 3, 1, 5, 0, 0, 2195, 1, '', 45, 'lc1000-colchon.jpg'),
(2126, 'Colchón con Boxspring  LC 1000 0,90 x 1,90 x 63', 45, 3, 4, 293, 4, 63, 0.00, 0, 4, 3, 5, 0, 0, 2106, 1, '', 45, 'lc1000-00.jpg'),
(2149, 'Colchón  Elegance 1,60 x 2,00 x 32', 76, 1, 2, 76, 18, 19, 26416.41, 0, 3, 1, 3, 0, 0, 387, 1, '', 76, 'beauty-elegance-colchon-esq.jpg'),
(2159, 'Colchón  Fantasie 18 0,90 x 1,90 x 18', 33, 1, 4, 33, 4, 6, 3866.00, 0, 9, 1, 4, 0, 0, 2078, 1, '', 33, 'fantasie-18-colchon.jpg'),
(2168, 'Colchón con Sommier  Jackie 0,90 x 1,90 x 57', 81, 2, 6, 243, 4, 57, 7549.00, 1, 4, 2, 4, 0, 0, 2170, 1, '', 81, 'jackie-m.jpg'),
(2169, 'Colchón  Jackie Eurotop 0,90 x 1,90 x 25', 81, 1, 6, 81, 4, 12, 5008.00, 2, 4, 1, 4, 0, 0, 2171, 1, '', 81, 'jackie-m.jpg'),
(2170, 'Colchón con Sommier  Jackie 0,80 x 1,90 x 57', 81, 2, 6, 243, 2, 57, 6985.00, 0, 4, 2, 4, 0, 0, 2170, 1, '', 81, 'jackie-m.jpg'),
(2171, 'Colchón  Jackie Eurotop 0,80 x 1,90 x 25', 81, 1, 6, 81, 2, 12, 4560.00, 1, 4, 1, 4, 0, 0, 2171, 1, '', 81, 'jackie-m.jpg'),
(2174, 'Colchón con Sommier  Jackie 1,00 x 1,90 x 57', 81, 2, 6, 243, 6, 57, 8119.00, 0, 4, 2, 4, 0, 0, 2170, 1, '', 81, 'jackie-m.jpg'),
(2176, 'Colchón  Jackie Eurotop 1,30 x 1,90 x 25', 81, 1, 6, 81, 10, 12, 6800.00, 0, 4, 1, 4, 0, 0, 2171, 1, '', 81, 'jackie-m.jpg'),
(2186, 'Colchón  LC 1000 1,50 x 1,90 x 30', 45, 1, 4, 45, 15, 17, 26910.00, 0, 3, 1, 5, 0, 0, 2195, 1, '', 45, 'lc1000-colchon.jpg'),
(2188, 'Colchón  LC 1000 1,40 x 1,90 x 30', 45, 1, 4, 45, 13, 17, 25321.00, 0, 3, 1, 5, 0, 0, 2195, 1, '', 45, 'lc1000-colchon.jpg'),
(2189, 'Colchón con Boxspring  LC 1000 1,30 x 1,90 x 63', 45, 3, 4, 293, 10, 63, 0.00, 0, 4, 3, 5, 0, 0, 2106, 1, '', 45, 'lc1000-00.jpg'),
(2190, 'Colchón  LC 1000 1,30 x 1,90 x 30', 45, 1, 4, 45, 10, 17, 23732.00, 0, 3, 1, 5, 0, 0, 2195, 1, '', 45, 'lc1000-colchon.jpg'),
(2191, 'Colchón con Boxspring  LC 1000 1,00 x 1,90 x 63', 45, 3, 4, 293, 6, 63, 0.00, 0, 4, 3, 5, 0, 0, 2106, 1, '', 45, 'lc1000-colchon.jpg'),
(2192, 'Colchón  LC 1000 1,00 x 1,90 x 30', 45, 1, 4, 45, 6, 17, 19219.00, 0, 3, 1, 5, 0, 0, 2195, 1, '', 45, 'lc1000-colchon.jpg'),
(2193, 'Colchón  Jackie Eurotop 1,00 x 1,90 x 25', 81, 1, 6, 81, 6, 12, 5465.00, 0, 4, 1, 4, 0, 0, 2171, 1, '', 81, 'jackie-m.jpg'),
(2194, 'Colchón  LC 1000 0,90 x 1,90 x 30', 45, 1, 4, 45, 4, 17, 17630.00, 0, 3, 1, 5, 0, 0, 2195, 1, '', 45, 'lc1000-colchon.jpg'),
(2195, 'Colchón  LC 1000 0,80 x 1,90 x 30', 45, 1, 4, 45, 2, 17, 15775.00, 0, 3, 1, 5, 0, 0, 2195, 1, '', 45, 'lc1000-colchon.jpg'),
(2196, 'Colchón con Sommier  Jackie 1,60 x 2,00 x 57', 81, 2, 6, 243, 18, 57, 13395.00, 0, 4, 2, 4, 0, 0, 2170, 1, '', 81, 'jackie-m.jpg'),
(2197, 'Colchón  Jackie Eurotop 1,60 x 2,00 x 25', 81, 1, 6, 81, 18, 12, 8380.00, 0, 4, 1, 4, 0, 0, 2171, 1, '', 81, 'jackie-m.jpg'),
(2198, 'Colchón con Sommier  Jackie 1,50 x 1,90 x 57', 81, 2, 6, 243, 15, 57, 10942.00, 0, 4, 2, 4, 0, 0, 2170, 1, '', 81, 'jackie-m.jpg'),
(2199, 'Colchón  Jackie Eurotop 1,50 x 1,90 x 25', 81, 1, 6, 81, 15, 12, 7706.00, 1, 4, 1, 4, 0, 0, 2171, 1, '', 81, 'jackie-m.jpg'),
(2200, 'Colchón con Sommier  Jackie 1,60 x 1,90 x 57', 81, 2, 6, 243, 17, 57, 13006.00, 0, 4, 2, 4, 0, 0, 2170, 1, '', 81, 'jackie-m.jpg'),
(2201, 'Colchón  Jackie Eurotop 1,40 x 1,90 x 25', 81, 1, 6, 81, 13, 12, 7245.00, 0, 4, 1, 4, 0, 0, 2171, 1, '', 81, 'jackie-m.jpg'),
(2202, 'Colchón con Sommier  Jackie 1,30 x 1,90 x 57', 81, 2, 6, 243, 10, 57, 9826.00, 0, 4, 2, 4, 0, 0, 2170, 1, '', 81, 'jackie-m.jpg'),
(2203, 'Colchón  Inedit 20 1,50 x 1,90 x 20', 32, 1, 4, 301, 15, 7, 5699.00, 0, 9, 1, 4, 0, 0, 3116, 1, '', 32, 'inedit.jpg'),
(2204, 'Colchón con Sommier  Platine 1,00 x 1,90 x 60', 37, 2, 4, 204, 6, 60, 11402.00, 0, 11, 2, 6, 0, 0, 2208, 1, '', 37, 'platine.jpg'),
(2206, 'Colchón con Sommier  Platine 0,90 x 1,90 x 60', 37, 2, 4, 204, 4, 60, 10540.00, 0, 11, 2, 6, 0, 0, 2208, 1, '', 37, 'platine.jpg'),
(2208, 'Colchón con Sommier  Platine 0,80 x 1,90 x 60', 37, 2, 4, 204, 2, 60, 9744.00, 0, 11, 2, 6, 0, 0, 2208, 1, '', 37, 'platine.jpg'),
(2212, 'Colchón con Sommier  Platine 1,50 x 1,90 x 60', 37, 2, 4, 204, 15, 60, 15537.00, 0, 11, 2, 6, 0, 0, 2208, 1, '', 37, 'platine.jpg'),
(2215, 'Colchón  Inedit 20 1,40 x 1,90 x 20', 32, 1, 4, 301, 13, 7, 4215.00, 0, 9, 1, 4, 0, 0, 3116, 1, '', 32, 'inedit.jpg'),
(2216, 'Colchón con Sommier  Platine 1,30 x 1,90 x 60', 37, 2, 4, 204, 10, 60, 13826.00, 0, 11, 2, 6, 0, 0, 2208, 1, '', 37, 'platine.jpg'),
(2217, 'Colchón  Inedit 20 1,30 x 1,90 x 20', 32, 1, 4, 301, 10, 7, 4953.00, 0, 9, 1, 4, 0, 0, 3116, 1, '', 32, 'inedit.jpg'),
(2219, 'Colchón  Inedit 20 1,00 x 1,90 x 20', 32, 1, 4, 301, 6, 7, 3888.00, 0, 9, 1, 4, 0, 0, 3116, 1, '', 32, 'inedit.jpg'),
(2222, 'Colchón  Fantasie 20 1,60 x 1,90 x 20', 34, 1, 4, 34, 17, 7, 7417.00, 0, 9, 1, 4, 0, 0, 1044, 1, '', 34, 'fantasie-20-colchon.jpg'),
(2244, 'Colchón  DoFuan 1,60 x 2,00 x 26', 42, 1, 4, 42, 18, 13, 21412.00, 0, 3, 1, 4, 0, 0, 2268, 1, '', 42, 'dofuan.jpg'),
(2245, 'Colchón  DoFuan 1,50 x 1,90 x 26', 42, 1, 4, 42, 15, 13, 18381.00, 0, 3, 1, 4, 0, 0, 2268, 1, '', 42, 'dofuan.jpg'),
(2262, 'Colchón  DoFuan 1,80 x 2,00 x 26', 42, 1, 4, 42, 19, 13, 24795.00, 0, 3, 1, 4, 0, 0, 2268, 1, '', 42, 'dofuan.jpg'),
(2265, 'Colchón  DoFuan 1,40 x 1,90 x 26', 42, 1, 4, 42, 13, 13, 17293.00, 0, 3, 1, 4, 0, 0, 2268, 1, '', 42, 'dofuan.jpg'),
(2266, 'Colchón con Boxspring  DoFuan 1,40 x 1,90 x 61', 42, 3, 4, 290, 13, 61, 0.00, 0, 3, 3, 4, 0, 0, 2267, 1, '', 42, 'dofuan.jpg'),
(2267, 'Colchón con Boxspring  DoFuan 0,90 x 1,90 x 61', 42, 3, 4, 290, 4, 61, 0.00, 0, 3, 3, 4, 0, 0, 2267, 1, '', 42, 'dofuan.jpg'),
(2268, 'Colchón  DoFuan 0,80 x 1,90 x 26', 42, 1, 4, 42, 2, 13, 10774.00, 0, 3, 1, 4, 0, 0, 2268, 1, '', 42, 'dofuan.jpg'),
(2287, 'Colchón con Boxspring  DoFuan 1,50 x 1,90 x 61', 42, 3, 4, 290, 15, 61, 0.00, 0, 3, 3, 4, 0, 0, 2267, 1, '', 42, 'dofuan.jpg'),
(2288, 'Colchón  DoFuan 0,90 x 1,90 x 26', 42, 1, 4, 42, 4, 13, 12041.00, 0, 3, 1, 4, 0, 0, 2268, 1, '', 42, 'dofuan.jpg'),
(2291, 'Colchón con Boxspring  DoFuan 1,80 x 2,00 x 61', 42, 3, 4, 290, 19, 61, 0.00, 0, 3, 3, 4, 0, 0, 2267, 1, '', 42, 'dofuan.jpg'),
(2306, 'Colchón  NaturalFoam 17 1,60 x 1,90 x 17', 54, 1, 9, 54, 17, 36, 23674.00, 0, 13, 1, 4, 0, 0, 1034, 1, '', 54, 'naturalfoam-17.jpg'),
(2307, 'Almohada  Cannon Visco cervical 0,65 x 0,40 x 10', 127, 4, 5, 127, 22, 3, 713.00, 0, 14, 4, 1, 0, 0, 2307, 1, '', 127, 'alm-cannon-visco-cervical.jpg'),
(2313, 'Colchón  NaturalFoam 17 1,50 x 1,90 x 17', 54, 1, 9, 54, 15, 36, 22130.00, 0, 13, 1, 4, 0, 0, 1034, 1, '', 54, 'naturalfoam-17.jpg'),
(2363, 'Colchón con Sommier  Smart Elegance 1,60 x 2,00 x 62', 76, 2, 2, 238, 18, 62, 34787.22, 0, 3, 2, 3, 0, 0, 388, 1, '', 76, 'beauty-elegance-00.jpg'),
(2400, 'Colchón  NaturalFoam 13 1,40 x 1,90 x 13', 53, 1, 9, 53, 13, 34, 15157.00, 0, 13, 1, 3, 0, 0, 1031, 1, '', 53, 'naturalfoam-13.jpg'),
(2403, 'Colchón  NaturalFoam 17 1,30 x 1,90 x 17', 54, 1, 9, 54, 10, 36, 20696.00, 0, 13, 1, 4, 0, 0, 1034, 1, '', 54, 'naturalfoam-17.jpg'),
(2404, 'Almohada  Intelligent 0,65 x 0,40 x 8', 126, 4, 2, 126, 22, 2, 1501.80, 0, 14, 4, 1, 0, 0, 2404, 1, '', 126, 'alm-inteligent.jpg'),
(2426, 'Colchón con Boxspring  Jackie 1,50 x 1,90 x 54', 81, 3, 6, 294, 15, 54, 0.00, 0, 3, 3, 4, 0, 0, 2083, 1, '', 81, 'jackie-m.jpg'),
(2446, 'Colchón con Sommier  Belmo Pocket 1,00 x 2,00 x 64', 9, 2, 3, 181, 7, 64, 14358.00, 0, 3, 2, 4, 0, 0, 2446, 1, '', 9, 'belmo-pocket-00.jpg'),
(2447, 'Colchón con Sommier  Platine 1,40 x 1,90 x 60', 37, 2, 4, 204, 13, 60, 14656.00, 0, 11, 2, 6, 0, 0, 2208, 1, '', 37, 'platine.jpg'),
(2516, 'Colchón  Eden Soft 0,80 x 1,90 x 28', 51, 1, 11, 51, 2, 15, 5468.00, 2, 3, 1, 5, 0, 0, 2516, 1, '', 51, 'eden-det.jpg'),
(2518, 'Colchón con Boxspring  DoFuan 1,60 x 2,00 x 61', 42, 3, 4, 290, 18, 61, 0.00, 0, 3, 3, 4, 0, 0, 2267, 1, '', 42, 'dofuan.jpg'),
(2522, 'Colchón  Paradise Soft 0,90 x 1,90 x 30', 50, 1, 11, 50, 4, 17, 4690.00, 0, 4, 1, 4, 0, 0, 1716, 1, '', 50, 'paradise.jpg'),
(2524, 'Colchón con Sommier  Multilastic 2,00 x 2,00 x 54', 82, 2, 6, 244, 21, 54, 13676.00, 0, 5, 2, 4, 0, 0, 3511, 1, '', 82, 'multilastic.jpg'),
(2529, 'Colchón con Sommier  Insignia Rouge 1,40 x 1,90 x 61', 106, 2, 1, 259, 13, 61, 13196.00, 0, 5, 2, 4, 0, 0, 2529, 1, '', 106, 'insignia-rouge.jpg'),
(2530, 'Colchón con Sommier  Paradise Soft 1,50 x 1,90 x 67', 50, 2, 11, 216, 15, 67, 10280.00, 0, 4, 2, 4, 0, 0, 1861, 1, '', 50, 'paradise.jpg'),
(2531, 'Colchón  Primera 1,00 x 1,90 x 20', 159, 1, 13, 159, 6, 7, 3342.95, 0, 9, 1, 4, 0, 0, 1419, 1, '', 159, 'primera.jpg'),
(2534, 'Colchón con Sommier  Sensation 1,40 x 1,90 x 2', 47, 2, 11, 214, 13, 28, 7751.00, 0, 4, 2, 3, 0, 0, 2534, 1, '', 47, 'sensation-det.jpg'),
(2537, 'Colchón con Sommier  Belspring Pillow Top 1,00 x 1,90 x 59', 7, 2, 3, 179, 6, 59, 10422.00, 0, 4, 2, 4, 0, 0, 330, 1, '', 7, 'belspring-pillow-00.jpg'),
(2542, 'Colchón con Boxspring  TopFuan 2,00 x 2,00 x 62', 43, 3, 4, 291, 21, 62, 0.00, 0, 3, 3, 5, 0, 0, 576, 1, '', 43, 'topfuan.jpg'),
(2543, 'Colchón con Boxspring  Privelle 1,20 x 1,90 x 59', 39, 3, 4, 287, 8, 59, 0.00, 0, 4, 3, 3, 0, 0, 652, 1, '', 39, 'privelle-00.jpg'),
(2549, 'Sommier mas cama auxilar S5 0,90 x 1,90 x 42', 89, 6, 6, 89, 4, 42, 13237.00, 0, 5, 6, 4, 0, 0, 2549, 1, '', 89, 's5.jpg'),
(2550, 'Colchón  Eden Soft 1,60 x 2,00 x 28', 51, 1, 11, 51, 18, 15, 11387.00, 2, 3, 1, 5, 0, 0, 2516, 1, '', 51, 'eden-det.jpg'),
(2551, 'Colchón con Sommier  Quilt 1,40 x 1,90 x 58', 163, 2, 6, 279, 13, 58, 12698.00, 0, 4, 2, 5, 0, 0, 3516, 1, '', 163, 'quilt-00.jpg'),
(2552, 'Colchón con Boxspring  Quilt 0,90 x 1,90 x 55', 163, 3, 6, 299, 4, 55, 0.00, 0, 4, 3, 5, 0, 0, 768, 1, '', 163, 'quilt-00.jpg'),
(2553, 'Colchón con Boxspring  TopFuan 1,80 x 2,00 x 62', 43, 3, 4, 291, 19, 62, 0.00, 0, 3, 3, 5, 0, 0, 576, 1, '', 43, 'topfuan.jpg'),
(2555, 'Sommier  Baulera Roomy 1,60 x 1,90 x 41', 87, 6, 6, 87, 17, 41, 22545.00, 0, 21, 6, 7, 0, 0, 2912, 1, '', 87, 'roomy-m.jpg'),
(2557, 'Colchón con Sommier  Floustar 0,90 x 1,90 x 2', 100, 2, 1, 254, 4, 46, 6142.00, 0, 11, 2, 3, 0, 0, 1574, 1, '', 100, 'floustar.jpg'),
(2558, 'Colchón  Inedit 14 0,80 x 1,90 x 14', 32, 1, 4, 32, 2, 5, 2608.00, 0, 9, 1, 4, 0, 0, 2558, 1, '', 32, 'inedit.jpg'),
(2562, 'Colchón con Sommier  Tilbury 1,80 x 2,00 x 60', 68, 2, 10, 230, 19, 60, 0.00, 0, 4, 2, 5, 0, 0, 2960, 1, '', 68, 'tilbury-det.jpg'),
(2563, 'Colchón  Primera 0,90 x 1,90 x 20', 159, 1, 13, 159, 4, 7, 3040.00, 0, 9, 1, 4, 0, 0, 1419, 1, '', 159, 'primera.jpg'),
(2564, 'Colchón  DeepSleep 0,90 x 1,90 x 25', 73, 1, 2, 73, 4, 12, 6417.93, 0, 4, 1, 4, 0, 0, 2576, 1, '', 73, 'deepsleep-colchon-00.jpg'),
(2565, 'Colchón con Sommier  DeepSleep 0,90 x 1,90 x 57', 73, 2, 2, 235, 4, 57, 10057.95, 0, 4, 2, 4, 0, NULL, 2917, 1, '', 73, 'deepsleep-00.jpg'),
(2568, 'Colchón con Sommier  NaturalFoam 13 cm 0,80 x 1,90 x 54', 53, 2, 9, 219, 2, 55, 12921.00, 0, 13, 2, 3, 0, 0, 2568, 1, '', 53, 'naturalfoam-13.jpg'),
(2576, 'Colchón  DeepSleep 0,80 x 1,90 x 25', 73, 1, 2, 73, 2, 12, 5854.52, 0, 4, 1, 4, 0, 0, 2576, 1, '', 73, 'deepsleep-colchon-00.jpg'),
(2583, 'Colchón con Sommier  NaturalFoam 17 cm 1,40 x 1,90 x 59', 54, 2, 9, 220, 13, 59, 25443.00, 0, 13, 2, 4, 0, 0, 3170, 1, '', 54, 'naturalfoam-17.jpg'),
(2591, 'Colchón con Sommier  Dorado 1,40 x 1,90 x 54', 3, 2, 3, 175, 13, 54, 11371.00, 0, 22, 2, 5, 0, 0, 2915, 1, '', 3, 'dorado-00.jpg'),
(2592, 'Colchón  DeepSleep 1,40 x 1,90 x 25', 73, 1, 2, 73, 13, 12, 9249.40, 0, 4, 1, 4, 0, 0, 2576, 1, '', 73, 'deepsleep-colchon-00.jpg'),
(2593, 'Colchón con Boxspring  Gran Realce 1,50 x 1,90 x 55', 83, 3, 6, 295, 15, 55, 17039.99, 0, 5, 3, 4, 0, 0, 3494, 1, '', 83, 'gran-realce.jpg'),
(2594, 'Colchón con Sommier  Olympic Jackard 1,00 x 1,90 x 2', 49, 2, 11, 215, 6, 28, 6469.00, 0, 4, 2, 4, 0, 0, 1847, 1, '', 49, 'olympic-jackard.jpg'),
(2603, 'Colchón con Sommier  Multilastic 1,50 x 1,90 x 54', 82, 2, 6, 244, 15, 54, 10194.00, 0, 5, 2, 4, 0, 0, 3511, 1, '', 82, 'multilastic.jpg'),
(2604, 'Colchón  Primera 1,40 x 1,90 x 20', 159, 1, 13, 159, 13, 7, 3387.57, 0, 9, 1, 4, 0, 0, 1419, 1, '', 159, 'primera.jpg'),
(2605, 'Colchón con Sommier  D Oro 21 cm 1,40 x 1,90 x 56', 35, 2, 4, 202, 13, 56, 12170.00, 2, 10, 2, 5, 0, 0, 1629, 1, '', 35, 'doro-21.jpg'),
(2606, 'Sommier  Baulera Roomy 0,90 x 1,90 x 41', 87, 6, 6, 87, 4, 41, 11693.00, 0, 21, 6, 7, 0, 0, 2912, 1, '', 87, 'roomy-m.jpg'),
(2610, 'Colchón con Boxspring  Multilastic 1,60 x 2,00 x 51', 82, 3, 6, 294, 18, 51, 17887.76, 0, 4, 3, 4, 0, 0, 786, 1, '', 82, 'multilastic.jpg'),
(2611, 'Colchón  Marfil 21 0,80 x 1,90 x 21', 111, 1, 7, 111, 2, 8, 3099.00, 0, 10, 1, 5, 0, 0, 2611, 1, '', 111, 'marfil-21-colchon.jpg'),
(2612, 'Colchón  Marfil 21 0,90 x 1,90 x 21', 111, 1, 7, 111, 4, 8, 3514.00, 0, 10, 1, 5, 0, 0, 2611, 1, '', 111, 'marfil-21-colchon.jpg'),
(2613, 'Colchón  Marfil 21 1,40 x 1,90 x 21', 111, 1, 7, 111, 13, 8, 5231.00, 0, 10, 1, 5, 0, 0, 2611, 1, '', 111, 'marfil-21-colchon.jpg'),
(2616, 'Colchón con Sommier  Blue Star 1,60 x 2,00 x 58', 103, 2, 1, 256, 18, 58, 13962.00, 0, 5, 2, 4, 0, 0, 1560, 1, '', 103, 'bluestar.jpg'),
(2618, 'Colchón con Sommier  Boreal Pillow Top 1,80 x 2,00 x 61', 105, 2, 1, 258, 19, 61, 17963.00, 0, 5, 2, 4, 0, 0, 1903, 1, '', 105, 'boreal-pillow.jpg'),
(2619, 'Colchón  Platine 0,80 x 1,90 x 25', 37, 1, 4, 37, 2, 12, 6133.00, 0, 10, 1, 6, 0, 0, 2619, 1, '', 37, 'platine.jpg'),
(2625, 'Colchón  Multilastic 1,60 x 2,00 x 24', 82, 1, 6, 82, 18, 11, 8524.00, 0, 5, 1, 4, 0, 0, 785, 1, '', 82, 'multilastic.jpg'),
(2627, 'Colchón con Sommier  Belspring 0,90 x 1,90 x 57', 6, 2, 3, 178, 4, 57, 8670.00, 1, 4, 2, 3, 0, 0, 1950, 1, '', 6, 'belspring-00.jpg'),
(2628, 'Colchón con Sommier  Belspring 1,50 x 1,90 x 57', 6, 2, 3, 178, 15, 57, 12815.00, 0, 4, 2, 3, 0, 0, 1950, 1, '', 6, 'belspring-00.jpg'),
(2630, 'Colchón  Marfil 21 1,00 x 1,90 x 21', 111, 1, 7, 111, 6, 8, 3837.00, 0, 10, 1, 5, 0, 0, 2611, 1, '', 111, 'marfil-21-colchon.jpg'),
(2634, 'Colchón con Sommier  Floustar 1,40 x 1,90 x 2', 100, 2, 1, 254, 13, 46, 8472.00, 0, 11, 2, 3, 0, 0, 1574, 1, '', 100, 'floustar.jpg'),
(2638, 'Colchón  Marfil 28 1,60 x 2,00 x 28', 113, 1, 7, 113, 18, 15, 9604.96, 0, 10, 1, 5, 0, 0, 11515, 1, '', 113, 'marfil-28.jpg'),
(2644, 'Colchón con Sommier  Olympic Jackard 0,90 x 1,90 x 2', 49, 2, 11, 215, 4, 28, 5970.00, 1, 4, 2, 4, 0, 0, 1847, 1, '', 49, 'olympic-jackard.jpg'),
(2649, 'Colchón  Simetric 1,40 x 1,90 x 23', 114, 1, 7, 114, 13, 10, 5709.00, 0, 4, 1, 4, 0, 0, 2688, 1, '', 114, 'simetric-colchon.jpg'),
(2652, 'Colchón con Sommier  Perseus 1,60 x 2,00 x 65', 108, 2, 1, 261, 18, 65, 23075.00, 0, 3, 2, 5, 1, 0, 2686, 1, '', 108, 'perseus.jpg'),
(2661, 'Colchón  Inedit 14 0,90 x 1,90 x 14', 32, 1, 4, 32, 4, 5, 2871.00, 0, 9, 1, 4, 0, 0, 2558, 1, '', 32, 'inedit.jpg'),
(2662, 'Colchón con Sommier  NaturalFoam 17 cm 1,60 x 2,00 x 59', 54, 2, 9, 220, 18, 59, 33915.00, 0, 13, 2, 4, 0, 0, 3170, 1, '', 54, 'naturalfoam-17.jpg'),
(2663, 'Colchón  Simetric 1,50 x 1,90 x 23', 114, 1, 7, 114, 15, 10, 6258.00, 0, 4, 1, 4, 0, 0, 2688, 1, '', 114, 'simetric-colchon.jpg'),
(2669, 'Colchón  LC 1000 1,80 x 2,00 x 30', 45, 1, 4, 45, 19, 17, 36302.00, 0, 3, 1, 5, 0, 0, 2195, 1, '', 45, 'lc1000-colchon.jpg'),
(2671, 'Colchón  NaturalFoam 17 1,80 x 2,00 x 17', 54, 1, 9, 54, 19, 36, 28404.00, 0, 13, 1, 4, 0, 0, 1034, 1, '', 54, 'naturalfoam-17.jpg'),
(2672, 'Colchón  Paradise Soft 2,00 x 2,00 x 30', 50, 1, 11, 50, 21, 17, 10566.00, 0, 4, 1, 4, 0, 0, 1716, 1, '', 50, 'paradise.jpg'),
(2673, 'Colchón  Centuria Pro 1,40 x 1,90 x 26', 98, 1, 1, 98, 13, 13, 9099.00, 0, 11, 1, 6, 0, 0, 2673, 1, '', 98, 'centuria.jpg'),
(2674, 'Colchón  Centuria Pro 1,60 x 2,00 x 26', 98, 1, 1, 98, 18, 13, 11282.00, 0, 11, 1, 6, 0, 0, 2673, 1, '', 98, 'centuria.jpg'),
(2686, 'Colchón con Sommier  Perseus 1,40 x 1,90 x 65', 108, 2, 1, 261, 13, 65, 17552.00, 0, 3, 2, 5, 0, 0, 2686, 1, '', 108, 'perseus.jpg');
INSERT INTO `productos` (`id`, `nombre`, `item_id`, `categoria_id`, `marca_id`, `modelo_id`, `medida_id`, `altura_id`, `precio`, `stock`, `tecnologia_id`, `garantia_id`, `postura_id`, `oferta`, `destacado`, `novedad`, `activo`, `slug`, `item_imagen`, `imagen`) VALUES
(2688, 'Colchón  Simetric 0,80 x 1,90 x 23', 114, 1, 7, 114, 2, 10, 3627.00, 0, 4, 1, 4, 0, 0, 2688, 1, '', 114, 'simetric-colchon.jpg'),
(2692, 'Colchón  Marfil 21 1,60 x 1,90 x 2', 111, 1, 7, 111, 17, 28, 6244.00, 0, 10, 1, 5, 0, 0, 2611, 1, '', 111, 'marfil-21-colchon.jpg'),
(2694, 'Colchón con Sommier  Simetric 0,90 x 1,90 x 58', 114, 2, 7, 267, 4, 58, 6447.53, 0, 10, 2, 4, 0, 0, 2879, 1, '', 114, 'simetric-colchon.jpg'),
(2701, 'Sommier  Baulera Roomy 2,00 x 2,00 x 41', 87, 6, 6, 87, 21, 41, 25344.00, 0, 21, 6, 7, 0, 0, 2912, 1, '', 87, 'roomy-m.jpg'),
(2703, 'Colchón  DeepSleep 1,60 x 2,00 x 25', 73, 1, 2, 73, 18, 12, 12532.01, 0, 4, 1, 4, 0, 0, 2576, 1, '', 73, 'deepsleep-colchon-00.jpg'),
(2704, 'Colchón con Sommier  DeepSleep 1,60 x 2,00 x 57', 73, 2, 2, 235, 18, 57, 19814.11, 0, 4, 2, 4, 0, 0, 2917, 1, '', 73, 'deepsleep-00.jpg'),
(2706, 'Colchón  Simetric Pillow Top 1,60 x 1,90 x 32', 115, 1, 7, 115, 17, 19, 9181.00, 0, 4, 1, 4, 0, 0, 953, 1, '', 115, 'simetric-pillow.jpg'),
(2707, 'Colchón con Sommier  Simetric 1,60 x 1,90 x 58', 114, 2, 7, 267, 17, 58, 11595.23, 0, 10, 2, 4, 0, 0, 2879, 1, '', 114, 'simetric-colchon.jpg'),
(2708, 'Colchón  Dorado Pillow Top 1,50 x 1,90 x 24', 4, 1, 3, 4, 15, 11, 9791.00, 0, 22, 1, 5, 0, 0, 319, 1, '', 4, 'dorado-pillow-00.jpg'),
(2715, 'Colchón con Sommier  DeepSleep 1,40 x 1,90 x 57', 73, 2, 2, 235, 13, 57, 14343.78, 0, 4, 2, 4, 0, 0, 2917, 1, '', 73, 'deepsleep-00.jpg'),
(2718, 'Colchón  Simetric 1,30 x 1,90 x 23', 114, 1, 7, 114, 10, 10, 5303.00, 0, 4, 1, 4, 0, 0, 2688, 1, '', 114, 'simetric-colchon.jpg'),
(2731, 'Colchón con Boxspring  Privelle 1,50 x 1,90 x 59', 39, 3, 4, 287, 15, 59, 0.00, 1, 4, 3, 3, 0, 0, 652, 1, '', 39, 'privelle-00.jpg'),
(2737, 'Colchón  Simetric 0,90 x 1,90 x 23', 114, 1, 7, 114, 4, 10, 3915.00, 0, 4, 1, 4, 0, 0, 2688, 1, '', 114, 'simetric-colchon.jpg'),
(2738, 'Colchón  Simetric 1,00 x 1,90 x 23', 114, 1, 7, 114, 6, 10, 4163.00, 0, 4, 1, 4, 0, 0, 2688, 1, '', 114, 'simetric-colchon.jpg'),
(2746, 'Colchón con Sommier  Multilastic 1,40 x 1,90 x 54', 82, 2, 6, 244, 13, 54, 9575.00, 0, 5, 2, 4, 0, 0, 3511, 1, '', 82, 'multilastic.jpg'),
(2752, 'Colchón con Sommier  Axis 0,80 x 1,90 x 59', 118, 2, 7, 118, 2, 59, 5081.00, 0, 4, 2, 3, 0, 0, 2752, 1, '', 118, 'axis-colchon.jpg'),
(2754, 'Colchón con Sommier  DeepSleep 2,00 x 2,00 x 57', 73, 2, 2, 235, 21, 57, 25897.29, 0, 4, 2, 4, 0, 0, 2917, 1, '', 73, 'deepsleep-00.jpg'),
(2757, 'Colchón con Sommier  NaturalFoam 13 cm 0,90 x 1,90 x 54', 53, 2, 9, 219, 4, 55, 14075.00, 1, 13, 2, 3, 0, 0, 2568, 1, '', 53, 'naturalfoam-13.jpg'),
(2762, 'Colchón con Sommier  Perseus 2,00 x 2,00 x 65', 108, 2, 1, 261, 21, 65, 27039.00, 0, 3, 2, 5, 0, 0, 2686, 1, '', 108, 'perseus.jpg'),
(2763, 'Colchón  Classic 2,00 x 2,00 x 26', 75, 1, 2, 75, 21, 13, 20663.86, 0, 3, 1, 4, 0, 0, 377, 1, '', 75, 'beauty-classic-esq.jpg'),
(2764, 'Colchón con Sommier  Recharge Classic 2,00 x 2,00 x 57', 75, 2, 2, 237, 21, 57, 30157.37, 0, 3, 2, 4, 0, 0, 3167, 1, '', 75, 'beauty-classic-esq.jpg'),
(2766, 'Colchón  Spa 2,00 x 2,00 x 30', 77, 1, 2, 77, 21, 17, 43916.11, 0, 3, 1, 2, 0, 0, 411, 1, '', 77, 'beauty-spa-00.jpg'),
(2768, 'Colchón  Spa 1,80 x 2,00 x 30', 77, 1, 2, 77, 19, 17, 40421.32, 0, 3, 1, 2, 0, 0, 411, 1, '', 77, 'beauty-spa-00.jpg'),
(2770, 'Colchón  DeepSleep 1,00 x 2,00 x 25', 73, 1, 2, 73, 7, 12, 8217.34, 0, 4, 1, 4, 0, 0, 2576, 1, '', 73, 'deepsleep-colchon-00.jpg'),
(2772, 'Colchón con Sommier  DeepSleep 1,00 x 2,00 x 57', 73, 2, 2, 235, 7, 57, 12488.75, 0, 4, 2, 4, 0, 0, 2917, 1, '', 73, 'deepsleep-00.jpg'),
(2782, 'Colchón con Sommier  DeepSleep 1,80 x 2,00 x 57', 73, 2, 2, 235, 19, 57, 21677.38, 0, 4, 2, 4, 0, 0, 2917, 1, '', 73, 'deepsleep-00.jpg'),
(2783, 'Colchón  DeepSleep 1,30 x 1,90 x 25', 73, 1, 2, 73, 10, 12, 8679.81, 0, 4, 1, 4, 0, 0, 2576, 1, '', 73, 'deepsleep-colchon-00.jpg'),
(2788, 'Colchón  Paradise Soft 1,00 x 1,90 x 30', 50, 1, 11, 50, 6, 17, 5206.00, 2, 4, 1, 4, 0, 0, 1716, 1, '', 50, 'paradise.jpg'),
(2789, 'Colchón  Perseus 1,60 x 2,00 x 30', 108, 1, 1, 108, 18, 17, 14783.00, 0, 3, 1, 5, 0, 0, 2793, 1, '', 108, 'perseus.jpg'),
(2793, 'Colchón  Perseus 1,40 x 1,90 x 30', 108, 1, 1, 108, 13, 17, 12679.00, 0, 3, 1, 5, 0, 0, 2793, 1, '', 108, 'perseus.jpg'),
(2798, 'Colchón con Sommier  Belspring 1,00 x 1,90 x 57', 6, 2, 3, 178, 6, 57, 954.00, 0, 4, 2, 3, 0, 0, 1950, 1, '', 6, 'belspring-00.jpg'),
(2809, 'Colchón con Sommier  Boreal Pillow Top 1,60 x 2,00 x 61', 105, 2, 1, 258, 18, 61, 16720.00, 0, 5, 2, 4, 0, 0, 1903, 1, '', 105, 'boreal-pillow.jpg'),
(2831, 'Sommier Duo mas cama auxiliar con Jackie 0,90 x 1,90 x 60', 90, 6, 6, 90, 4, 60, 15855.00, 0, 4, 6, 4, 0, 0, 2831, 1, '', 88, 'duo.jpg'),
(2832, 'Colchón con Sommier  Laguna 1,60 x 2,00 x 60', 65, 2, 10, 227, 18, 60, 15068.00, 0, 4, 2, 4, 0, 0, 2832, 1, '', 65, 'laguna-esq.jpg'),
(2834, 'Colchón  Laguna 1,80 x 2,00 x 2', 65, 1, 10, 65, 19, 28, 10739.00, 0, 4, 1, 4, 0, 0, 1981, 1, '', 65, 'laguna-esq.jpg'),
(2841, 'Colchón con Sommier  Dorado 1,30 x 1,90 x 54', 3, 2, 3, 175, 10, 54, 10780.00, 0, 22, 2, 5, 0, 0, 2915, 1, '', 3, 'dorado-00.jpg'),
(2842, 'Colchón con Sommier  Gran Realce 1,60 x 1,90 x 58', 83, 2, 6, 245, 17, 58, 15681.00, 0, 4, 2, 4, 0, 0, 750, 1, '', 83, 'gran-realce.jpg'),
(2846, 'Colchón  D Oro 21 1,60 x 1,90 x 21', 35, 1, 4, 35, 17, 8, 8811.00, 0, 10, 1, 5, 0, 0, 1039, 1, '', 35, 'doro-21.jpg'),
(2847, 'Colchón con Sommier  New Jersey 2,00 x 2,00 x 66', 70, 2, 10, 232, 21, 66, 23455.00, 0, 3, 2, 5, 0, 0, 459, 1, '', 70, 'newjersey.jpg'),
(2848, 'Colchón  Moline 1,40 x 1,90 x 27', 71, 1, 10, 71, 13, 14, 11090.00, 0, 3, 1, 5, 0, 0, 2848, 1, '', 71, 'moline-det.jpg'),
(2850, 'Colchón con Sommier  Simetric Pillow Top 1,60 x 1,90 x 65', 115, 2, 7, 268, 17, 65, 13875.52, 0, 4, 2, 4, 1, 0, 956, 1, '', 115, 'simetric-pillow.jpg'),
(2852, 'Colchón con Boxspring  Magnetic 1,50 x 1,90 x 56', 85, 3, 6, 297, 15, 56, 23667.18, 0, 3, 3, 4, 0, 0, 848, 1, '', 85, 'magnetic.jpg'),
(2855, 'Colchón  Primor de Luxe 1,20 x 1,90 x 24', 38, 1, 4, 38, 8, 11, 8211.00, 0, 4, 1, 3, 0, 0, 467, 1, '', 38, 'primor-colchon.jpg'),
(2857, 'Colchón con Boxspring  Primor de Luxe 1,20 x 1,90 x 57', 38, 3, 4, 286, 8, 57, 0.00, 0, 3, 3, 3, 0, 0, 468, 1, '', 38, 'primor-00.jpg'),
(2858, 'Colchón  TopFuan 1,60 x 1,90 x 28', 43, 1, 4, 43, 17, 15, 22580.00, 0, 3, 1, 5, 0, 0, 575, 1, '', 43, 'topfuan.jpg'),
(2859, 'Colchón  Moline 1,60 x 2,00 x 27', 71, 1, 10, 71, 18, 14, 13703.00, 1, 3, 1, 5, 0, 0, 2848, 1, '', 71, 'moline-det.jpg'),
(2868, 'Colchón  Gran Realce 1,60 x 2,00 x 26', 83, 1, 6, 83, 18, 13, 11110.00, 0, 4, 1, 4, 0, 0, 749, 1, '', 83, 'gran-realce.jpg'),
(2879, 'Colchón con Sommier  Simetric 0,80 x 1,90 x 58', 114, 2, 7, 267, 2, 58, 5960.24, 0, 10, 2, 4, 0, 0, 2879, 1, '', 114, 'simetric-colchon.jpg'),
(2881, 'Colchón con Sommier  D Oro 21 cm 1,00 x 1,90 x 56', 35, 2, 4, 202, 6, 56, 9587.00, 0, 10, 2, 5, 0, 0, 1629, 1, '', 35, 'doro-21.jpg'),
(2889, 'Colchón con Boxspring  Jackie 1,80 x 2,00 x 54', 81, 3, 6, 294, 19, 54, 0.00, 0, 3, 3, 4, 0, 0, 2083, 1, '', 81, 'jackie-m.jpg'),
(2890, 'Colchón con Sommier  Dorado 0,90 x 1,90 x 54', 3, 2, 3, 175, 4, 54, 8495.00, 0, 22, 2, 5, 0, 0, 2915, 1, '', 3, 'dorado-00.jpg'),
(2896, 'Colchón  Axis 1,40 x 1,90 x 25', 118, 1, 7, 118, 13, 12, 4822.44, 0, 4, 1, 3, 0, 0, 2029, 1, '', 118, 'axis-colchon.jpg'),
(2898, 'Colchón  Marfil 21 1,30 x 1,90 x 21', 111, 1, 7, 111, 10, 8, 4897.00, 0, 10, 1, 5, 0, 0, 2611, 1, '', 111, 'marfil-21-colchon.jpg'),
(2899, 'Colchón con Sommier  NaturalFoam 17 cm 1,80 x 2,00 x 59', 54, 2, 9, 220, 19, 59, 37576.00, 0, 13, 2, 4, 0, 0, 3170, 1, '', 54, 'naturalfoam-17.jpg'),
(2902, 'Colchón  Axis 0,90 x 1,90 x 25', 118, 1, 7, 118, 4, 12, 3420.44, 0, 4, 1, 3, 0, 0, 2029, 1, '', 118, 'axis-colchon.jpg'),
(2912, 'Sommier  Baulera Roomy 0,80 x 1,90 x 41', 87, 6, 6, 87, 2, 41, 11272.00, 0, 21, 6, 7, 0, 0, 2912, 1, '', 87, 'roomy-m.jpg'),
(2913, 'Colchón con Sommier  Esmeralda 1,30 x 1,90 x 55', 110, 2, 7, 264, 10, 55, 7090.00, 0, 5, 2, 3, 0, 0, 901, 1, '', 109, 'esmeralda-colchon.jpg'),
(2914, 'Colchón con Sommier  Esmeralda 1,40 x 1,90 x 55', 110, 2, 7, 264, 13, 55, 7556.00, 0, 5, 2, 3, 0, 0, 901, 1, '', 109, 'esmeralda-colchon.jpg'),
(2915, 'Colchón con Sommier  Dorado 0,80 x 1,90 x 54', 3, 2, 3, 175, 2, 54, 7787.00, 0, 22, 2, 5, 0, 0, 2915, 1, '', 3, 'dorado-00.jpg'),
(2916, 'Colchón  Platine 1,00 x 1,90 x 27', 37, 1, 4, 37, 6, 14, 6742.00, 0, 10, 1, 6, 0, 0, 2619, 1, '', 37, 'platine.jpg'),
(2917, 'Colchón con Sommier  DeepSleep 0,80 x 1,90 x 57', 73, 2, 2, 235, 2, 57, 9280.30, 0, 4, 2, 4, 0, 0, 2917, 1, '', 73, 'deepsleep-00.jpg'),
(2921, 'Colchón  Insignia Rouge 1,60 x 2,00 x 30', 106, 1, 1, 106, 18, 17, 11140.00, 0, 5, 1, 4, 0, 0, 677, 1, '', 106, 'insignia-rouge.jpg'),
(2922, 'Colchón con Sommier  Insignia Rouge 1,80 x 2,00 x 61', 106, 2, 1, 259, 19, 61, 19115.00, 0, 5, 2, 4, 0, 0, 2529, 1, '', 106, 'insignia-rouge.jpg'),
(2924, 'Colchón  Perseus 2,00 x 2,00 x 32', 108, 1, 1, 108, 21, 19, 18229.00, 0, 3, 1, 5, 0, 0, 2793, 1, '', 108, 'perseus.jpg'),
(2927, 'Colchón con Boxspring  Gran Realce 1,40 x 1,90 x 55', 83, 3, 6, 295, 13, 55, 16106.50, 1, 5, 3, 4, 0, 0, 3494, 1, '', 83, 'gran-realce.jpg'),
(2928, 'Colchón con Boxspring  Gran Realce 1,80 x 2,00 x 55', 83, 3, 6, 295, 19, 55, 22558.73, 1, 5, 3, 4, 0, 0, 3494, 1, '', 83, 'gran-realce.jpg'),
(2929, 'Colchón  Bag Power 1,60 x 2,00 x 24', 84, 1, 6, 84, 18, 11, 12835.00, 0, 3, 1, 5, 0, 0, 821, 1, '', 84, 'power.jpg'),
(2930, 'Colchón con Sommier  Power 1,60 x 2,00 x 56', 84, 2, 6, 246, 18, 56, 17851.00, 0, 3, 2, 5, 0, 0, 822, 1, '', 84, 'power.jpg'),
(2931, 'Colchón con Boxspring  LC 500 1,60 x 1,90 x 61', 44, 3, 4, 292, 17, 61, 0.00, 1, 3, 3, 3, 0, 0, 521, 1, '', 44, 'lc500-00.jpg'),
(2943, 'Colchón  Marfil 25 1,40 x 1,90 x 25', 112, 1, 7, 112, 13, 12, 6238.00, 0, 10, 1, 5, 0, 0, 11501, 1, '', 112, 'marfil-25-colchon.jpg'),
(2944, 'Colchón con Sommier  Marfil 21 1,40 x 1,90 x 54', 111, 2, 7, 264, 13, 54, 8490.64, 0, 10, 2, 5, 0, 0, 986, 1, '', 111, 'marfil-21-colchon.jpg'),
(2947, 'Colchón con Sommier  Centuria Pro 1,40 x 1,90 x 58', 98, 2, 1, 251, 13, 58, 13419.00, 0, 10, 2, 6, 0, 0, 2947, 1, '', 98, 'centuria.jpg'),
(2953, 'Colchón con Boxspring  DoFuan 1,60 x 1,90 x 61', 42, 3, 4, 290, 17, 61, 0.00, 0, 3, 3, 4, 0, 0, 2267, 1, '', 42, 'dofuan.jpg'),
(2954, 'Colchón con Sommier  Recharge Classic 0,90 x 1,90 x 57', 75, 2, 2, 237, 4, 57, 12695.78, 0, 3, 2, 4, 0, 0, 3167, 1, '', 75, 'beauty-classic-esq.jpg'),
(2960, 'Colchón con Sommier  Tilbury 1,60 x 2,00 x 60', 68, 2, 10, 230, 18, 60, 23030.00, 0, 4, 2, 5, 0, 0, 2960, 1, '', 68, 'tilbury-det.jpg'),
(2972, 'Colchón con Sommier  Eden 1,00 x 1,90 x 66', 51, 2, 11, 217, 6, 66, 9357.00, 0, 3, 2, 5, 0, 0, 2992, 1, '', 51, 'eden-det.jpg'),
(2973, 'Colchón con Sommier  Paradise Soft 1,00 x 1,90 x 67', 50, 2, 11, 216, 6, 67, 7244.00, 0, 4, 2, 4, 0, 0, 1861, 1, '', 50, 'paradise.jpg'),
(2974, 'Colchón con Sommier  Centuria Pro 1,60 x 2,00 x 58', 98, 2, 1, 251, 18, 58, 18558.00, 0, 10, 2, 6, 0, 0, 2947, 1, '', 98, 'centuria.jpg'),
(2977, 'Colchón  D Oro 21 1,50 x 1,90 x 21', 35, 1, 4, 35, 15, 8, 8272.00, 0, 10, 1, 5, 0, 0, 1039, 1, '', 35, 'doro-21.jpg'),
(2979, 'Colchón  NaturalFoam Pillow Top 1,40 x 1,90 x 22', 55, 1, 9, 55, 13, 9, 34870.00, 0, 13, 1, 5, 0, 0, 2979, 1, '', 55, 'naturalfoam-22.jpg'),
(2980, 'Colchón  NaturalFoam Pillow Top 1,80 x 2,00 x 22', 55, 1, 9, 55, 19, 9, 47676.00, 0, 13, 1, 5, 0, 0, 2979, 1, '', 55, 'naturalfoam-22.jpg'),
(2991, 'Colchón con Sommier  NaturalFoam 17 cm 2,00 x 2,00 x 59', 54, 2, 9, 220, 21, 59, 40038.00, 0, 13, 2, 4, 0, 0, 3170, 1, '', 54, 'naturalfoam-17.jpg'),
(2992, 'Colchón con Sommier  Eden 0,80 x 1,90 x 66', 51, 2, 11, 217, 2, 66, 7666.00, 0, 3, 2, 5, 0, 0, 2992, 1, '', 51, 'eden-det.jpg'),
(2994, 'Sommier  Baulera Roomy 1,00 x 1,90 x 41', 87, 6, 6, 87, 6, 41, 12134.00, 0, 21, 6, 7, 0, 0, 2912, 1, '', 87, 'roomy-m.jpg'),
(2995, 'Colchón  Correct Comfort 1,40 x 1,90 x 30', 52, 1, 11, 52, 13, 17, 11749.00, 0, 3, 1, 5, 0, 0, 2995, 1, '', 52, 'correctcomfort-colchon.jpg'),
(3000, 'Colchón con Sommier  NaturalFoam Pillow Top 1,60 x 2,00 x 2', 55, 2, 9, 221, 18, 64, 50830.00, 0, 13, 2, 5, 0, 0, 3000, 1, '', 55, 'naturalfoam-22.jpg'),
(3010, 'Colchón con Sommier  Olympic Jackard 2,00 x 2,00 x 2', 49, 2, 11, 215, 21, 28, 13756.00, 0, 4, 2, 4, 0, 0, 1847, 1, '', 49, 'olympic-jackard.jpg'),
(3011, 'Colchón con Sommier  Massage 1,00 x 1,90', 59, 2, 11, 223, 6, 58, 7185.00, 2, 10, 2, 6, 0, 0, 3011, 1, '', 59, 'massage.jpg'),
(3012, 'Colchón  Correct Comfort 1,50 x 1,90 x 30', 52, 1, 11, 52, 15, 17, 12309.00, 0, 3, 1, 5, 0, 0, 2995, 1, '', 52, 'correctcomfort-colchon.jpg'),
(3030, 'Colchón  Luxe 0,80 x 1,90 x 23', 80, 1, 13, 80, 2, 10, 4434.95, 0, 10, 1, 5, 0, 0, 3030, 1, '', 80, 'luxe-colchon.jpg'),
(3031, 'Colchón  Luxe 1,40 x 1,90 x 23', 80, 1, 13, 80, 13, 10, 7408.03, 0, 10, 1, 5, 0, 0, 3030, 1, '', 80, 'luxe-colchon.jpg'),
(3038, 'Colchón  NaturalFoam 17 2,00 x 2,00 x 17', 54, 1, 9, 54, 21, 36, 31598.00, 0, 13, 1, 4, 0, 0, 1034, 1, '', 54, 'naturalfoam-17.jpg'),
(3048, 'Colchón con Sommier  World Class Spa 1,60 x 1,90 x 64', 77, 2, 2, 239, 17, 64, 46688.87, 0, 3, 2, 2, 0, 0, 412, 1, '', 77, 'beauty-spa-00.jpg'),
(3051, 'Colchón  Eden Soft 1,50 x 1,90 x 28', 51, 1, 11, 51, 15, 15, 9878.00, 1, 3, 1, 5, 0, 0, 2516, 1, '', 51, 'eden-det.jpg'),
(3068, 'Sommier  Baulera Roomy 1,80 x 2,00 x 41', 87, 6, 6, 87, 19, 41, 24674.00, 0, 21, 6, 7, 0, 0, 2912, 1, '', 87, 'roomy-m.jpg'),
(3086, 'Colchón con Boxspring  Gran Realce 1,60 x 1,90 x 55', 83, 3, 6, 295, 17, 55, 19993.10, 0, 5, 3, 4, 0, 0, 3494, 1, '', 83, 'gran-realce.jpg'),
(3092, 'Colchón con Sommier  Multilastic 0,90 x 1,90 x 54', 82, 2, 6, 244, 4, 54, 7565.00, 0, 5, 2, 4, 0, 0, 3511, 1, '', 82, 'multilastic.jpg'),
(3103, 'Colchón  Correct Comfort 1,80 x 2,00 x 35', 52, 1, 11, 52, 19, 22, 15721.00, 0, 3, 1, 5, 0, 0, 2995, 1, '', 52, 'correctcomfort-colchon.jpg'),
(3107, 'Colchón  Greyland 1,60 x 2,00 x 2', 67, 1, 10, 67, 18, 28, 12587.00, 0, 4, 1, 5, 0, 0, 3462, 1, '', 67, 'greyland.jpg'),
(3108, 'Colchón con Boxspring  Jackie 2,00 x 2,00 x 54', 81, 3, 6, 294, 21, 54, 0.00, 0, 3, 3, 4, 0, 0, 2083, 1, '', 81, 'jackie-m.jpg'),
(3116, 'Colchón  Inedit 20 0,80 x 1,90 x 20', 32, 1, 4, 301, 2, 7, 3196.00, 0, 9, 1, 4, 0, 0, 3116, 1, '', 32, 'inedit.jpg'),
(3118, 'Colchón con Sommier  Greyland 1,60 x 2,00 x 2', 67, 2, 10, 229, 18, 28, 20939.51, 0, 4, 2, 5, 0, 0, 3463, 1, '', 67, 'greyland.jpg'),
(3119, 'Colchón con Sommier  Correct Comfort 1,60 x 2,00 x 68', 52, 2, 11, 218, 18, 68, 19089.00, 1, 3, 2, 5, 0, 0, 3444, 1, '', 52, 'correctcomfort-colchon.jpg'),
(3122, 'Colchón  Elegance 1,00 x 2,00 x 30', 76, 1, 2, 76, 7, 17, 16581.97, 0, 3, 1, 3, 0, 0, 387, 1, '', 76, 'beauty-elegance-colchon-esq.jpg'),
(3125, 'Colchón con Sommier  Belspring 1,60 x 1,90 x 57', 6, 2, 3, 178, 17, 57, 16022.00, 0, 4, 2, 3, 0, 0, 1950, 1, '', 6, 'belspring-00.jpg'),
(3126, 'Colchón  Nouvelle 1,80 x 2,00 x 25', 41, 1, 4, 41, 19, 12, 20661.00, 0, 3, 1, 4, 0, 0, 116, 1, '', 41, 'nouvelle-colchon-00.jpg'),
(3142, 'Colchón con Sommier  Recharge Classic 1,80 x 2,00 x 57', 75, 2, 2, 237, 19, 57, 26830.47, 1, 3, 2, 4, 0, 0, 3167, 1, '', 75, 'beauty-classic-esq.jpg'),
(3144, 'Colchón con Sommier  DeepSleep 1,30 x 1,90 x 57', 73, 2, 2, 235, 10, 57, 13433.26, 0, 4, 2, 4, 0, 0, 2917, 1, '', 73, 'deepsleep-00.jpg'),
(3146, 'Colchón con Sommier  Insignia Rouge 2,00 x 2,00 x 61', 106, 2, 1, 259, 21, 61, 20476.00, 0, 5, 2, 4, 0, 0, 2529, 1, '', 106, 'insignia-rouge.jpg'),
(3151, 'Colchón  Super Plus14 1,30 x 1,90 x 14', 31, 1, 4, 31, 10, 5, 3993.00, 1, 7, 1, 4, 0, 0, 3152, 1, '', 31, 'super-plus.jpg'),
(3152, 'Colchón  Super Plus14 0,80 x 1,90 x 14', 31, 1, 4, 31, 2, 5, 2578.00, 0, 7, 1, 4, 0, 0, 3152, 1, '', 31, 'super-plus.jpg'),
(3154, 'Colchón  D Oro 25 1,20 x 1,90 x 25', 36, 1, 4, 36, 8, 12, 7847.00, 0, 10, 1, 5, 0, 0, 211, 1, '', 36, 'doro-25.jpg'),
(3155, 'Colchón con Sommier  BonellTop 1,20 x 1,90 x 63', 40, 2, 4, 207, 8, 63, 15750.00, 0, 4, 2, 3, 0, 0, 198, 1, '', 40, 'bonelltop.jpg'),
(3164, 'Colchón  Privelle 1,60 x 1,90 x 26', 39, 1, 4, 39, 17, 13, 11266.00, 0, 4, 1, 3, 0, 0, 651, 1, '', 39, 'privelle-colchon.jpg'),
(3165, 'Colchón  Fantasie 18 1,50 x 1,90 x 18', 33, 1, 4, 33, 15, 6, 6269.00, 0, 9, 1, 4, 0, 0, 2078, 1, '', 33, 'fantasie-18-colchon.jpg'),
(3166, 'Colchón  Fantasie 18 1,30 x 1,90 x 18', 33, 1, 4, 33, 10, 6, 5449.00, 0, 9, 1, 4, 0, 0, 2078, 1, '', 33, 'fantasie-18-colchon.jpg'),
(3167, 'Colchón con Sommier  Recharge Classic 0,80 x 1,90 x 57', 75, 2, 2, 237, 2, 57, 11645.18, 0, 3, 2, 4, 0, 0, 3167, 1, '', 75, 'beauty-classic-esq.jpg'),
(3170, 'Colchón con Sommier  NaturalFoam 17 cm 1,00 x 1,90 x 59', 54, 2, 9, 220, 6, 59, 19267.00, 0, 13, 2, 4, 0, 0, 3170, 1, '', 54, 'naturalfoam-17.jpg'),
(3174, 'Colchón  Platine 1,60 x 1,90 x 25', 37, 1, 4, 37, 17, 12, 11647.00, 0, 10, 1, 6, 0, 0, 2619, 1, '', 37, 'platine.jpg'),
(3175, 'Colchón  Inedit 18 1,00 x 1,90 x 18', 32, 1, 4, 32, 6, 6, 3888.00, 0, 4, 1, 5, 0, 0, 1833, 1, '', 163, 'inedit.jpg'),
(3176, 'Colchón con Sommier  BonellTop 1,00 x 1,90 x 63', 40, 2, 4, 207, 6, 63, 13841.00, 0, 4, 2, 3, 0, 0, 198, 1, '', 40, 'bonelltop.jpg'),
(3181, 'Colchón con Sommier  Esmeralda 1,00 x 1,90 x 55', 110, 2, 7, 264, 6, 55, 5693.00, 0, 5, 2, 3, 0, 0, 901, 1, '', 109, 'esmeralda-colchon.jpg'),
(3192, 'Colchón  Luxe 0,90 x 1,90 x 23', 80, 1, 13, 80, 4, 10, 4910.50, 0, 10, 1, 5, 0, 0, 3030, 1, '', 80, 'luxe-colchon.jpg'),
(3193, 'Colchón  Soñar 0,90 x 1,90 x 22', 15, 1, 5, 15, 4, 9, 3172.40, 0, 4, 1, 3, 0, 0, 3228, 1, '', 15, 'soniar.jpg'),
(3194, 'Colchón  Soñar 1,40 x 1,90 x 22', 15, 1, 5, 15, 13, 9, 4595.86, 0, 4, 1, 3, 0, 0, 3228, 1, '', 15, 'soniar.jpg'),
(3195, 'Colchón con Sommier  Renovation 1,60 x 2,00 x 57', 14, 2, 5, 185, 18, 57, 15483.00, 0, 11, 2, 6, 0, 0, 3822, 1, '', 14, 'renovation.jpg'),
(3196, 'Colchón con Sommier  Soñar 1,40 x 1,90 x 53', 15, 2, 5, 186, 13, 53, 6586.85, 0, 4, 2, 3, 0, 0, 3229, 1, '', 15, 'soniar.jpg'),
(3205, 'Sábana  Saten 280 hl 1,60 x 2,00 x 2', 152, 5, 14, 152, 18, 28, 1820.01, 0, 20, 5, 7, 0, 0, 3205, 1, '', 152, 'sab-280hl-1.jpg'),
(3206, 'Sábana  Saten 280 hl 2,00 x 2,00 x 2', 152, 5, 14, 152, 21, 28, 2066.59, 0, 20, 5, 7, 0, 0, 3205, 1, '', 152, 'sab-280hl-1.jpg'),
(3207, 'Colchón con Sommier  Massage 1,60 x 2,00 x 2', 59, 2, 11, 223, 18, 28, 12714.00, 3, 10, 2, 6, 0, 0, 3011, 1, '', 59, 'massage.jpg'),
(3208, 'Colchón  Correct Comfort 1,60 x 2,00 x 30', 52, 1, 11, 52, 18, 17, 14249.00, 0, 3, 1, 5, 0, 0, 2995, 1, '', 52, 'correctcomfort-colchon.jpg'),
(3213, 'Colchón  DeepSleep 1,50 x 1,90 x 25', 73, 1, 2, 73, 15, 12, 9803.54, 0, 4, 1, 4, 0, 0, 2576, 1, '', 73, 'deepsleep-colchon-00.jpg'),
(3214, 'Colchón con Sommier  DeepSleep 1,50 x 1,90 x 57', 73, 2, 2, 235, 15, 57, 15298.59, 0, 4, 2, 4, 1, 1, 2917, 1, '', 73, 'deepsleep-00.jpg'),
(3228, 'Colchón  Soñar 0,80 x 1,90 x 22', 15, 1, 5, 15, 2, 9, 2919.02, 0, 4, 1, 3, 0, 0, 3228, 1, '', 15, 'soniar.jpg'),
(3229, 'Colchón con Sommier  Soñar 0,80 x 1,90 x 53', 15, 2, 5, 186, 2, 53, 4505.22, 0, 4, 2, 3, 0, 0, 3229, 1, '', 15, 'soniar.jpg'),
(3230, 'Colchón  Doral 1,40 x 1,90 x 27', 17, 1, 5, 17, 13, 14, 5736.07, 0, 4, 1, 3, 1, 0, 3422, 1, '', 17, 'doral.jpg'),
(3231, 'Colchón con Sommier  Doral 1,40 x 1,90 x 57', 17, 2, 5, 188, 13, 57, 9238.07, 0, 4, 2, 3, 0, 0, 3314, 1, '', 17, 'doral.jpg'),
(3232, 'Colchón  Luxe 1,00 x 1,90 x 23', 80, 1, 13, 80, 6, 10, 5410.71, 0, 10, 1, 5, 0, 0, 3030, 1, '', 80, 'luxe-colchon.jpg'),
(3233, 'Sommier  Baulera Roomy 1,60 x 2,00 x 41', 87, 6, 6, 87, 18, 41, 23502.00, 0, 21, 6, 7, 0, 0, 2912, 1, '', 87, 'roomy-m.jpg'),
(3235, 'Colchón con Sommier  Power 1,40 x 1,90 x 56', 84, 2, 6, 246, 13, 56, 13858.00, 2, 3, 2, 5, 0, 0, 822, 1, '', 84, 'power.jpg'),
(3236, 'Colchón  Spa 1,60 x 1,90 x 32', 77, 1, 2, 77, 17, 19, 34765.59, 0, 3, 1, 2, 0, 0, 411, 1, '', 77, 'beauty-spa-00.jpg'),
(3257, 'Colchón  Platino 1,40 x 1,90 x 25', 16, 1, 5, 16, 13, 12, 5695.90, 0, 4, 1, 3, 0, 0, 3856, 1, '', 16, 'platino.jpg'),
(3258, 'Colchón con Sommier  Platino 1,50 x 1,90 x 57', 16, 2, 5, 187, 15, 57, 8890.96, 0, 4, 2, 3, 0, 0, 3861, 1, '', 16, 'platino.jpg'),
(3260, 'Colchón  Doral Pillow Top 1,60 x 2,00 x 33', 18, 1, 5, 18, 18, 20, 10529.69, 0, 4, 1, 4, 0, 0, 3426, 1, '', 18, 'doral-pillow.jpg'),
(3261, 'Colchón con Sommier  Doral Pillow Top 1,60 x 2,00 x 63', 18, 2, 5, 189, 18, 63, 15512.83, 0, 4, 2, 4, 0, 0, 3428, 1, '', 18, 'doral-pillow.jpg'),
(3269, 'Colchón  Spa 1,40 x 2,00 x 32', 77, 1, 2, 77, 14, 19, 34060.04, 0, 3, 1, 2, 0, 0, 411, 1, '', 77, 'beauty-spa-00.jpg'),
(3270, 'Colchón  Luxe 1,30 x 1,90 x 23', 80, 1, 13, 80, 10, 10, 6924.26, 0, 10, 1, 5, 0, 0, 3030, 1, '', 80, 'luxe-colchon.jpg'),
(3280, 'Colchón con Sommier  Power 1,50 x 1,90 x 56', 84, 2, 6, 246, 15, 56, 14767.00, 0, 3, 2, 5, 0, 0, 822, 1, '', 84, 'power.jpg'),
(3282, 'Colchón  Doral Pillow Top 1,80 x 2,00 x 33', 18, 1, 5, 18, 19, 20, 10628.57, 0, 4, 1, 4, 0, 0, 3426, 1, '', 18, 'doral-pillow.jpg'),
(3283, 'Colchón con Sommier  Doral 1,80 x 2,00 x 57', 17, 2, 5, 188, 19, 57, 13369.40, 0, 4, 2, 3, 0, 0, 3314, 1, '', 17, 'doral.jpg'),
(3284, 'Almohada  Plooma 50% 0,70 x 0,40 x 8', 141, 4, 18, 141, 24, 2, 739.75, 0, 18, 4, 1, 0, 0, 3284, 1, '', 141, 'alm-plooma-50.jpg'),
(3285, 'Colchón  Fantasie 18 1,00 x 1,90 x 18', 33, 1, 4, 33, 6, 6, 4278.00, 0, 9, 1, 4, 0, 0, 2078, 1, '', 33, 'fantasie-18-colchon.jpg'),
(3303, 'Colchón  Maximus 1,60 x 2,00 x 35', 86, 1, 6, 86, 18, 22, 20637.00, 1, 3, 1, 3, 0, 0, 3389, 1, '', 86, 'maximus-m.jpg'),
(3304, 'Colchón con Boxspring  Maximus 1,60 x 2,00 x 58', 86, 3, 6, 298, 18, 58, 33811.09, 0, 3, 3, 3, 0, 0, 3396, 1, '', 86, 'maximus-m.jpg'),
(3308, 'Colchón con Sommier  D Oro 21 cm 0,90 x 1,90 x 56', 35, 2, 4, 202, 4, 56, 8900.00, 2, 10, 2, 5, 0, 0, 1629, 1, '', 35, 'doro-21.jpg'),
(3309, 'Colchón con Sommier  D Oro 21 cm 1,50 x 1,90 x 56', 35, 2, 4, 202, 15, 56, 12876.00, 1, 10, 2, 5, 0, 0, 1629, 1, '', 35, 'doro-21.jpg'),
(3313, 'Colchón  Doral 1,00 x 1,90 x 27', 17, 1, 5, 17, 6, 14, 4289.95, 0, 4, 1, 3, 0, 0, 3422, 1, '', 17, 'doral.jpg'),
(3314, 'Colchón con Sommier  Doral 1,00 x 1,90 x 57', 17, 2, 5, 188, 6, 57, 6965.89, 0, 4, 2, 3, 0, 0, 3314, 1, '', 17, 'doral.jpg'),
(3320, 'Colchón con Boxspring  Gran Realce 1,00 x 1,90 x 55', 83, 3, 6, 295, 6, 55, 12447.69, 1, 5, 3, 4, 0, 0, 3494, 1, '', 83, 'gran-realce.jpg'),
(3324, 'Colchón  Doral 1,50 x 1,90 x 27', 17, 1, 5, 17, 15, 14, 6167.64, 0, 4, 1, 3, 0, 0, 3422, 1, '', 17, 'doral.jpg'),
(3325, 'Colchón con Sommier  Doral 1,50 x 1,90 x 57', 17, 2, 5, 188, 15, 57, 9983.79, 0, 4, 2, 3, 0, 0, 3314, 1, '', 17, 'doral.jpg'),
(3337, 'Colchón con Sommier  Simetric 1,00 x 1,90 x 58', 114, 2, 7, 267, 6, 58, 6943.04, 0, 10, 2, 4, 0, 0, 2879, 1, '', 114, 'simetric-colchon.jpg'),
(3338, 'Colchón  Simetric Pillow Top 1,60 x 2,00 x 32', 115, 1, 7, 115, 18, 19, 9666.00, 0, 4, 1, 4, 0, 0, 953, 1, '', 115, 'simetric-pillow.jpg'),
(3343, 'Colchón  LC 1000 1,60 x 1,90 x 30', 45, 1, 4, 45, 17, 17, 28503.00, 0, 3, 1, 5, 0, 0, 2195, 1, '', 45, 'lc1000-colchon.jpg'),
(3354, 'Colchón  Doral 1,80 x 2,00 x 27', 17, 1, 5, 17, 19, 14, 8045.33, 0, 4, 1, 3, 0, 0, 3422, 1, '', 17, 'doral.jpg'),
(3358, 'Colchón  Correct Comfort 2,00 x 2,00 x 30', 52, 1, 11, 52, 21, 17, 17481.00, 1, 3, 1, 5, 0, 0, 2995, 1, '', 52, 'correctcomfort-colchon.jpg'),
(3360, 'Colchón  Princes 20 1,40 x 1,90 x 20', 10, 1, 5, 10, 13, 7, 3850.00, 0, 8, 1, 4, 0, 0, 3857, 1, '', 10, 'princes.jpg'),
(3361, 'Colchón  Exclusive 1,40 x 1,90 x 25', 12, 1, 5, 12, 13, 12, 6334.00, 0, 10, 1, 5, 0, 0, 3807, 1, '', 12, 'exclusive.jpg'),
(3362, 'Colchón  Exclusive Pillow Top 1,40 x 1,90 x 29', 13, 1, 5, 13, 13, 16, 7457.00, 0, 10, 1, 5, 0, 0, 3362, 1, '', 13, 'exclusive-pillow.jpg'),
(3364, 'Colchón  Inedit 14 1,00 x 1,90 x 14', 32, 1, 4, 32, 6, 5, 3174.00, 0, 9, 1, 4, 0, 0, 2558, 1, '', 32, 'inedit.jpg'),
(3366, 'Colchón con Sommier  Correct Comfort 2,00 x 2,00 x 68', 52, 2, 11, 218, 21, 68, 23175.00, 1, 3, 2, 5, 0, 1, 3444, 1, '', 52, 'correctcomfort-colchon.jpg'),
(3368, 'Colchón  Atmosphere 1,40 x 1,90 x 25', 99, 1, 1, 99, 13, 12, 11167.00, 0, 11, 1, 6, 0, 0, 3368, 1, '', 99, 'atmosphere-colchon.jpg'),
(3369, 'Colchón con Sommier  Atmosphere 1,40 x 1,90 x 61', 99, 2, 1, 253, 13, 61, 15330.00, 0, 11, 2, 6, 0, 1, 105, 1, '', 99, 'atmosphere-00.jpg'),
(3370, 'Colchón  Atmosphere 1,60 x 2,00 x 25', 99, 1, 1, 99, 18, 12, 13198.00, 0, 11, 1, 6, 1, 0, 3368, 1, '', 99, 'atmosphere-colchon.jpg'),
(3371, 'Colchón con Sommier  Atmosphere 1,60 x 2,00 x 61', 99, 2, 1, 253, 18, 61, 20023.00, 0, 11, 2, 6, 0, 0, 105, 1, '', 99, 'atmosphere-00.jpg'),
(3372, 'Colchón  Perseus 1,80 x 2,00 x 35', 108, 1, 1, 108, 19, 22, 16516.00, 0, 3, 1, 5, 0, 0, 2793, 1, '', 108, 'perseus.jpg'),
(3374, 'Colchón con Sommier  Perseus 1,80 x 2,00 x 65', 108, 2, 1, 261, 19, 65, 25063.00, 0, 3, 2, 5, 0, 0, 2686, 1, '', 108, 'perseus.jpg'),
(3375, 'Colchón con Sommier  Power 1,30 x 1,90 x 56', 84, 2, 6, 246, 10, 56, 12997.00, 0, 3, 2, 5, 0, 0, 822, 1, '', 84, 'power.jpg'),
(3376, 'Colchón con Boxspring  Power 1,60 x 2,00 x 53', 84, 3, 6, 296, 18, 53, 23609.64, 0, 4, 3, 5, 0, 0, 846, 1, '', 84, 'power.jpg'),
(3389, 'Colchón  Maximus 1,40 x 1,90 x 35', 86, 1, 6, 86, 13, 22, 17264.00, 0, 3, 1, 3, 0, 0, 3389, 1, '', 86, 'maximus-m.jpg'),
(3390, 'Colchón  Maximus 1,50 x 1,90 x 35', 86, 1, 6, 86, 15, 22, 18584.00, 0, 3, 1, 3, 0, 0, 3389, 1, '', 86, 'maximus-m.jpg'),
(3391, 'Colchón  Maximus 1,60 x 1,90 x 35', 86, 1, 6, 86, 17, 22, 19802.00, 0, 3, 1, 3, 0, 0, 3389, 1, '', 86, 'maximus-m.jpg'),
(3392, 'Colchón  Maximus 1,80 x 2,00 x 35', 86, 1, 6, 86, 19, 22, 23012.00, 0, 3, 1, 3, 0, 0, 3389, 1, '', 86, 'maximus-m.jpg'),
(3393, 'Colchón  Maximus 2,00 x 2,00 x 35', 86, 1, 6, 86, 21, 22, 25191.00, 0, 3, 1, 3, 0, 0, 3389, 1, '', 86, 'maximus-m.jpg'),
(3395, 'Colchón con Boxspring  Jackie 1,30 x 1,90 x 54', 81, 3, 6, 294, 10, 54, 0.00, 0, 3, 3, 4, 0, 0, 2083, 1, '', 81, 'jackie-m.jpg'),
(3396, 'Colchón con Boxspring  Maximus 1,40 x 1,90 x 58', 86, 3, 6, 298, 13, 58, 26533.40, 1, 3, 3, 3, 0, 0, 3396, 1, '', 86, 'maximus-m.jpg'),
(3397, 'Colchón con Boxspring  Maximus 1,50 x 1,90 x 58', 86, 3, 6, 298, 15, 58, 28432.08, 1, 3, 3, 3, 0, 0, 3396, 1, '', 86, 'maximus-m.jpg'),
(3398, 'Colchón con Boxspring  Maximus 1,60 x 1,90 x 58', 86, 3, 6, 298, 17, 58, 32209.48, 0, 3, 3, 3, 0, 0, 3396, 1, '', 86, 'maximus-m.jpg'),
(3399, 'Colchón con Boxspring  Maximus 1,80 x 2,00 x 58', 86, 3, 6, 298, 19, 58, 25298.14, 2, 3, 3, 3, 0, 0, 3396, 1, '', 86, 'maximus-m.jpg'),
(3400, 'Colchón con Boxspring  Maximus 2,00 x 2,00 x 58', 86, 3, 6, 298, 21, 58, 40075.45, 1, 3, 3, 3, 0, 0, 3396, 1, '', 86, 'maximus-m.jpg'),
(3401, 'Colchón con Boxspring  Jackie 1,00 x 1,90 x 54', 81, 3, 6, 294, 6, 54, 0.00, 0, 3, 3, 4, 0, 0, 2083, 1, '', 81, 'jackie-m.jpg'),
(3402, 'Colchón con Boxspring  Jackie 1,60 x 1,90 x 54', 81, 3, 6, 294, 17, 54, 0.00, 0, 3, 3, 4, 0, 0, 2083, 1, '', 81, 'jackie-m.jpg'),
(3403, 'Colchón con Sommier  Maximus 1,40 x 1,90 x 61', 86, 2, 6, 248, 13, 61, 20387.00, 0, 3, 2, 3, 0, 0, 2525, 1, '', 86, 'maximus-m.jpg'),
(3404, 'Colchón con Sommier  Maximus 1,50 x 1,90 x 61', 86, 2, 6, 248, 15, 61, 21820.00, 0, 3, 2, 3, 0, 0, 2525, 1, '', 86, 'maximus-m.jpg'),
(3405, 'Colchón con Sommier  Maximus 1,60 x 1,90 x 61', 86, 2, 6, 248, 17, 61, 24653.00, 0, 3, 2, 3, 0, 0, 2525, 1, '', 86, 'maximus-m.jpg'),
(3406, 'Colchón con Sommier  Maximus 1,60 x 2,00 x 61', 86, 2, 6, 248, 18, 61, 25653.00, 0, 3, 2, 3, 1, 0, 2525, 1, '', 86, 'maximus-m.jpg'),
(3407, 'Colchón con Sommier  Maximus 1,80 x 2,00 x 61', 86, 2, 6, 248, 19, 61, 28269.00, 0, 3, 2, 3, 0, 0, 2525, 1, '', 86, 'maximus-m.jpg'),
(3408, 'Colchón con Sommier  Maximus 2,00 x 2,00 x 61', 86, 2, 6, 248, 21, 61, 30859.00, 0, 3, 2, 3, 1, 1, 2525, 1, '', 86, 'maximus-m.jpg'),
(3409, 'Sommier S5 mas cama auxiliar con Multilastic 0,90 x 1,90 x 65', 93, 6, 6, 93, 4, 65, 18261.00, 0, 5, 6, 4, 0, 0, 3409, 1, '', 89, 's5.jpg'),
(3410, 'Sommier S5 mas cama auxiliar con Jackie 0,90 x 1,90 x 65', 92, 6, 6, 92, 4, 65, 18245.00, 0, 4, 6, 4, 1, 1, 3410, 1, '', 89, 's5.jpg'),
(3411, 'Colchón  Sublime 1,40 x 1,90 x 30', 19, 1, 5, 19, 13, 17, 9781.91, 0, 3, 1, 4, 1, 1, 3411, 1, '', 19, 'sublime-colchon-00.jpg'),
(3412, 'Colchón  Sublime 1,50 x 1,90 x 30', 19, 1, 5, 19, 15, 17, 10360.77, 0, 3, 1, 4, 0, 0, 3411, 1, '', 19, 'sublime-colchon-00.jpg'),
(3413, 'Colchón  Sublime 1,60 x 2,00 x 30', 19, 1, 5, 19, 18, 17, 11428.88, 0, 3, 1, 4, 0, 0, 3411, 1, '', 19, 'sublime-colchon-00.jpg'),
(3414, 'Colchón  Sublime 1,80 x 2,00 x 30', 19, 1, 5, 19, 19, 17, 13300.39, 0, 3, 1, 4, 0, 0, 3411, 1, '', 19, 'sublime-colchon-00.jpg'),
(3415, 'Colchón  Sublime 2,00 x 2,00 x 30', 19, 1, 5, 19, 21, 17, 14999.89, 0, 3, 1, 4, 0, 0, 3411, 1, '', 19, 'sublime-colchon-00.jpg'),
(3417, 'Colchón con Sommier  Sublime Pillow Top 1,40 x 1,90 x 66', 20, 2, 5, 191, 13, 66, 14873.20, 0, 3, 2, 4, 0, 0, 3417, 1, '', 20, 'sublime-pillow-00.jpg'),
(3418, 'Colchón con Sommier  Sublime Pillow Top 1,50 x 1,90 x 66', 20, 2, 5, 191, 15, 66, 15815.65, 0, 3, 2, 4, 0, 0, 3417, 1, '', 20, 'sublime-pillow-00.jpg'),
(3419, 'Colchón con Sommier  Sublime Pillow Top 1,60 x 2,00 x 66', 20, 2, 5, 191, 18, 66, 19474.21, 0, 3, 2, 4, 1, 1, 3417, 1, '', 20, 'sublime-pillow-00.jpg'),
(3420, 'Colchón con Sommier  Sublime Pillow Top 1,80 x 2,00 x 66', 20, 2, 5, 191, 19, 66, 21691.80, 0, 3, 2, 4, 0, 0, 3417, 1, '', 20, 'sublime-pillow-00.jpg'),
(3421, 'Colchón con Sommier  Sublime Pillow Top 2,00 x 2,00 x 66', 20, 2, 5, 191, 21, 66, 22910.29, 0, 3, 2, 4, 0, 0, 3417, 1, '', 20, 'sublime-pillow-00.jpg'),
(3422, 'Colchón  Doral 0,80 x 1,90 x 27', 17, 1, 5, 17, 2, 14, 3666.80, 0, 4, 1, 3, 0, 0, 3422, 1, '', 17, 'doral.jpg'),
(3423, 'Colchón  Doral 0,90 x 1,90 x 27', 17, 1, 5, 17, 4, 14, 4009.79, 0, 4, 1, 3, 0, 0, 3422, 1, '', 17, 'doral.jpg'),
(3426, 'Colchón  Doral Pillow Top 1,40 x 1,90 x 33', 18, 1, 5, 18, 13, 20, 7973.23, 0, 4, 1, 4, 0, 0, 3426, 1, '', 18, 'doral-pillow.jpg'),
(3428, 'Colchón con Sommier  Doral Pillow Top 1,40 x 1,90 x 63', 18, 2, 5, 189, 13, 63, 11475.23, 0, 4, 2, 4, 0, 1, 3428, 1, '', 18, 'doral-pillow.jpg'),
(3429, 'Colchón  Doral Pillow Top 1,50 x 1,90 x 33', 18, 1, 5, 18, 15, 20, 8797.23, 0, 4, 1, 4, 0, 0, 3426, 1, '', 18, 'doral-pillow.jpg'),
(3430, 'Colchón con Sommier  Doral Pillow Top 1,50 x 1,90 x 63', 18, 2, 5, 189, 15, 63, 12613.38, 0, 4, 2, 4, 0, 0, 3428, 1, '', 18, 'doral-pillow.jpg'),
(3431, 'Colchón con Sommier  Doral Pillow Top 1,80 x 2,00 x 63', 18, 2, 5, 189, 19, 63, 15952.64, 0, 4, 2, 4, 0, 0, 3428, 1, '', 18, 'doral-pillow.jpg'),
(3432, 'Colchón  Soñar 1,00 x 1,90 x 22', 15, 1, 5, 15, 6, 9, 3469.04, 0, 4, 1, 3, 0, 0, 3228, 1, '', 15, 'soniar.jpg'),
(3433, 'Colchón con Sommier  Soñar 1,00 x 1,90 x 53', 15, 2, 5, 186, 6, 53, 5226.22, 0, 4, 2, 3, 0, 0, 3229, 1, '', 15, 'soniar.jpg'),
(3444, 'Colchón con Sommier  Correct Comfort 1,40 x 1,90 x 68', 52, 2, 11, 218, 13, 68, 14731.00, 1, 3, 2, 5, 0, 0, 3444, 1, '', 52, 'correctcomfort-colchon.jpg'),
(3446, 'Colchón con Sommier  Correct Comfort 1,50 x 1,90 x 68', 52, 2, 11, 218, 15, 68, 15444.00, 2, 3, 2, 5, 0, 0, 3444, 1, '', 52, 'correctcomfort-colchon.jpg'),
(3449, 'Colchón con Sommier  Correct Comfort 1,80 x 2,00 x 68', 52, 2, 11, 218, 19, 68, 20846.00, 1, 3, 2, 5, 0, 0, 3444, 1, '', 52, 'correctcomfort-colchon.jpg'),
(3451, 'Colchón  Eden Soft 0,90 x 1,90 x 28', 51, 1, 11, 51, 4, 15, 6207.00, 0, 3, 1, 5, 0, 0, 2516, 1, '', 51, 'eden-det.jpg'),
(3452, 'Colchón  Eden Soft 2,00 x 2,00 x 28', 51, 1, 11, 51, 21, 15, 14395.00, 0, 3, 1, 5, 0, 0, 2516, 1, '', 51, 'eden-det.jpg'),
(3456, 'Colchón con Sommier  Eden 1,40 x 1,90 x 66', 51, 2, 11, 217, 13, 66, 12342.00, 0, 3, 2, 5, 1, 0, 2992, 1, '', 51, 'eden-det.jpg'),
(3459, 'Colchón  New Jersey 2,00 x 2,00 x 30', 70, 1, 10, 70, 21, 17, 19577.00, 0, 3, 1, 5, 0, 0, 458, 1, '', 70, 'newjersey.jpg'),
(3460, 'Colchón  Laguna 2,00 x 2,00 x 2', 65, 1, 10, 65, 21, 28, 11560.00, 0, 4, 1, 4, 0, 0, 1981, 1, '', 65, 'laguna-esq.jpg'),
(3461, 'Colchón con Sommier  Tilbury 2,00 x 2,00 x 60', 68, 2, 10, 230, 21, 60, 28788.00, 0, 4, 2, 5, 0, 0, 2960, 1, '', 68, 'tilbury-det.jpg'),
(3462, 'Colchón  Greyland 1,40 x 1,90 x 2', 67, 1, 10, 67, 13, 28, 11200.00, 0, 4, 1, 5, 0, 0, 3462, 1, '', 67, 'greyland.jpg'),
(3463, 'Colchón con Sommier  Greyland 1,40 x 1,90 x 2', 67, 2, 10, 229, 13, 28, 16307.29, 0, 4, 2, 5, 0, 0, 3463, 1, '', 67, 'greyland.jpg'),
(3465, 'Colchón  Siesta 1,00 x 1,90 x 27', 74, 1, 2, 74, 6, 14, 12308.50, 0, 4, 1, 5, 0, 0, 367, 1, '', 74, 'back-siesta.jpg'),
(3467, 'Colchón  Back Therapy 1,40 x 1,90 x 32', 72, 1, 2, 72, 13, 19, 21228.30, 0, 22, 1, 5, 0, 0, 3473, 1, '', 72, 'back-therapy.jpg'),
(3468, 'Colchón con Sommier  Back Therapy 1,40 x 1,90 x 59', 72, 2, 2, 234, 13, 59, 29442.55, 0, 22, 2, 5, 0, 0, 3474, 1, '', 72, 'back-therapy.jpg'),
(3469, 'Colchón  Back Therapy 1,50 x 1,90 x 32', 72, 1, 2, 72, 15, 19, 22463.27, 0, 22, 1, 5, 0, 0, 3473, 1, '', 72, 'back-therapy.jpg'),
(3470, 'Colchón con Sommier  Back Therapy 1,50 x 1,90 x 59', 72, 2, 2, 234, 15, 59, 31415.00, 0, 22, 2, 5, 1, 1, 3474, 1, '', 72, 'back-therapy.jpg'),
(3473, 'Colchón  Back Therapy 1,00 x 2,00 x 32', 72, 1, 2, 72, 7, 19, 15178.08, 0, 22, 1, 5, 0, 0, 3473, 1, '', 72, 'back-therapy.jpg'),
(3474, 'Colchón con Sommier  Back Therapy 1,00 x 2,00 x 59', 72, 2, 2, 234, 7, 59, 22471.51, 0, 22, 2, 5, 0, 0, 3474, 1, '', 72, 'back-therapy.jpg'),
(3475, 'Colchón  Back Therapy 1,40 x 2,00 x 32', 72, 1, 2, 72, 14, 19, 22359.24, 0, 22, 1, 5, 0, 0, 3473, 1, '', 72, 'back-therapy.jpg'),
(3476, 'Colchón con Sommier  Back Therapy 1,40 x 2,00 x 59', 72, 2, 2, 234, 14, 59, 30974.16, 0, 22, 2, 5, 0, 0, 3474, 1, '', 72, 'back-therapy.jpg'),
(3477, 'Colchón  Back Therapy 1,50 x 2,00 x 32', 72, 1, 2, 72, 16, 19, 23641.59, 0, 22, 1, 5, 0, 0, 3473, 1, '', 72, 'back-therapy.jpg'),
(3478, 'Colchón con Sommier  Back Therapy 1,50 x 2,00 x 59', 72, 2, 2, 234, 16, 59, 32729.28, 0, 22, 2, 5, 0, 0, 3474, 1, '', 72, 'back-therapy.jpg'),
(3479, 'Colchón  Back Therapy 1,60 x 2,00 x 32', 72, 1, 2, 72, 18, 19, 23991.79, 0, 22, 1, 5, 0, 0, 3473, 1, '', 72, 'back-therapy.jpg'),
(3480, 'Colchón con Sommier  Back Therapy 1,60 x 2,00 x 59', 72, 2, 2, 234, 18, 59, 36543.37, 0, 22, 2, 5, 0, 0, 3474, 1, '', 72, 'back-therapy.jpg'),
(3481, 'Colchón  Back Therapy 1,80 x 2,00 x 32', 72, 1, 2, 72, 19, 19, 26535.89, 0, 22, 1, 5, 0, 0, 3473, 1, '', 72, 'back-therapy.jpg'),
(3482, 'Colchón con Sommier  Back Therapy 1,80 x 2,00 x 59', 72, 2, 2, 234, 19, 59, 39716.80, 0, 22, 2, 5, 0, 0, 3474, 1, '', 72, 'back-therapy.jpg'),
(3483, 'Colchón  Back Therapy 1,90 x 2,00 x 32', 72, 1, 2, 72, 20, 19, 27194.06, 0, 22, 1, 5, 0, 0, 3473, 1, '', 72, 'back-therapy.jpg'),
(3484, 'Colchón con Sommier  Back Therapy 1,90 x 2,00 x 59', 72, 2, 2, 234, 20, 59, 41088.76, 0, 22, 2, 5, 0, 0, 3474, 1, '', 72, 'back-therapy.jpg'),
(3485, 'Colchón  Back Therapy 2,00 x 2,00 x 32', 72, 1, 2, 72, 21, 19, 28829.70, 0, 22, 1, 5, 0, 0, 3473, 1, '', 72, 'back-therapy.jpg'),
(3486, 'Colchón con Sommier  Back Therapy 2,00 x 2,00 x 59', 72, 2, 2, 234, 21, 59, 43417.59, 0, 22, 2, 5, 0, 0, 3474, 1, '', 72, 'back-therapy.jpg'),
(3487, 'Colchón con Sommier  Power 1,60 x 1,90 x 56', 84, 2, 6, 246, 17, 56, 17163.00, 1, 3, 2, 5, 0, 0, 822, 1, '', 84, 'power.jpg'),
(3488, 'Colchón con Sommier  Power 1,80 x 2,00 x 56', 84, 2, 6, 246, 19, 56, 19524.00, 0, 3, 2, 5, 0, 0, 822, 1, '', 84, 'power.jpg'),
(3489, 'Colchón con Sommier  Power 2,00 x 2,00 x 56', 84, 2, 6, 246, 21, 56, 21333.00, 0, 3, 2, 5, 0, 0, 822, 1, '', 84, 'power.jpg'),
(3494, 'Colchón con Boxspring  Gran Realce 0,80 x 1,90 x 55', 83, 3, 6, 295, 2, 55, 10834.34, 0, 5, 3, 4, 0, 0, 3494, 1, '', 83, 'gran-realce.jpg'),
(3495, 'Colchón con Boxspring  Gran Realce 0,90 x 1,90 x 55', 83, 3, 6, 295, 4, 55, 11616.36, 1, 5, 3, 4, 0, 0, 3494, 1, '', 83, 'gran-realce.jpg'),
(3496, 'Colchón con Boxspring  Gran Realce 1,60 x 2,00 x 55', 83, 3, 6, 295, 18, 55, 20874.93, 1, 5, 3, 4, 0, 0, 3494, 1, '', 83, 'gran-realce.jpg'),
(3497, 'Colchón con Boxspring  Gran Realce 2,00 x 2,00 x 55', 83, 3, 6, 295, 21, 55, 24250.75, 1, 5, 3, 4, 0, 0, 3494, 1, '', 83, 'gran-realce.jpg'),
(3503, 'Colchón  Magnetic Pillow 1,60 x 1,90 x 32', 85, 1, 6, 85, 17, 19, 16548.00, 0, 3, 1, 4, 0, 0, 1878, 1, '', 85, 'magnetic.jpg'),
(3504, 'Colchón  Magnetic Pillow 1,60 x 2,00 x 32', 85, 1, 6, 85, 18, 19, 17212.00, 1, 3, 1, 4, 0, 0, 1878, 1, '', 85, 'magnetic.jpg'),
(3505, 'Colchón  Magnetic Pillow 1,80 x 2,00 x 32', 85, 1, 6, 85, 19, 19, 19158.00, 0, 3, 1, 4, 0, 0, 1878, 1, '', 85, 'magnetic.jpg'),
(3506, 'Colchón  Magnetic Pillow 2,00 x 2,00 x 32', 85, 1, 6, 85, 21, 19, 21113.00, 0, 3, 1, 4, 0, 0, 1878, 1, '', 85, 'magnetic.jpg'),
(3507, 'Colchón con Boxspring  Magnetic 1,60 x 2,00 x 56', 85, 3, 6, 297, 18, 56, 28510.75, 2, 3, 3, 4, 0, 0, 848, 1, '', 85, 'magnetic.jpg'),
(3508, 'Colchón con Boxspring  Magnetic 1,80 x 2,00 x 56', 85, 3, 6, 297, 19, 56, 31088.12, 0, 3, 3, 4, 0, 0, 848, 1, '', 85, 'magnetic.jpg'),
(3509, 'Colchón con Boxspring  Magnetic 2,00 x 2,00 x 56', 85, 3, 6, 297, 21, 56, 33727.72, 0, 3, 3, 4, 0, 0, 848, 1, '', 85, 'magnetic.jpg'),
(3510, 'Colchón con Boxspring  Magnetic 1,60 x 1,90 x 56', 85, 3, 6, 297, 17, 56, 27161.59, 0, 3, 3, 4, 0, 0, 848, 1, '', 85, 'magnetic.jpg'),
(3511, 'Colchón con Sommier  Multilastic 0,80 x 1,90 x 54', 82, 2, 6, 244, 2, 54, 7009.00, 0, 5, 2, 4, 0, 0, 3511, 1, '', 82, 'multilastic.jpg'),
(3512, 'Colchón con Sommier  Multilastic 1,60 x 1,90 x 54', 82, 2, 6, 244, 17, 54, 10796.00, 1, 5, 2, 4, 0, 0, 3511, 1, '', 82, 'multilastic.jpg'),
(3513, 'Colchón con Sommier  Multilastic 1,60 x 2,00 x 54', 82, 2, 6, 244, 18, 54, 11093.00, 0, 5, 2, 4, 0, 0, 3511, 1, '', 82, 'multilastic.jpg'),
(3516, 'Colchón con Sommier  Quilt 0,80 x 1,90 x 58', 163, 2, 6, 279, 2, 58, 8308.00, 0, 4, 2, 5, 0, 0, 3516, 1, '', 163, 'quilt-00.jpg'),
(3518, 'Colchón con Sommier  Quilt 0,90 x 1,90 x 58', 163, 2, 6, 279, 4, 58, 9031.00, 0, 4, 2, 5, 0, 0, 3516, 1, '', 163, 'quilt-00.jpg'),
(3520, 'Colchón con Sommier  Quilt 1,00 x 1,90 x 58', 163, 2, 6, 279, 6, 58, 9790.00, 0, 4, 2, 5, 0, 0, 3516, 1, '', 163, 'quilt-00.jpg'),
(3522, 'Colchón con Sommier  Quilt 1,30 x 1,90 x 58', 163, 2, 6, 279, 10, 58, 11999.00, 0, 4, 2, 5, 0, 0, 3516, 1, '', 163, 'quilt-00.jpg'),
(3524, 'Colchón con Boxspring  Quilt 1,60 x 1,90 x 55', 163, 3, 6, 299, 17, 55, 0.00, 0, 3, 3, 5, 0, 0, 768, 1, '', 163, 'quilt-00.jpg'),
(3525, 'Colchón con Sommier  Quilt 1,60 x 1,90 x 58', 163, 2, 6, 279, 17, 58, 15647.00, 0, 4, 2, 5, 0, 0, 3516, 1, '', 163, 'quilt-00.jpg'),
(3528, 'Colchón con Sommier  Quilt 1,50 x 1,90 x 58', 163, 2, 6, 279, 15, 58, 13429.00, 0, 4, 2, 5, 0, 0, 3516, 1, '', 163, 'quilt-00.jpg'),
(3530, 'Colchón con Sommier  Quilt 1,60 x 2,00 x 58', 163, 2, 6, 279, 18, 58, 16109.00, 0, 4, 2, 5, 0, 0, 3516, 1, '', 163, 'quilt-00.jpg'),
(3532, 'Colchón con Sommier  Quilt 1,80 x 2,00 x 58', 163, 2, 6, 279, 19, 58, 17674.00, 0, 4, 2, 5, 0, 0, 3516, 1, '', 163, 'quilt-00.jpg'),
(3534, 'Colchón con Sommier  Quilt 2,00 x 2,00 x 58', 163, 2, 6, 279, 21, 58, 19344.00, 0, 4, 2, 5, 0, 0, 3516, 1, '', 163, 'quilt-00.jpg'),
(3547, 'Colchón con Sommier  Angelus 1,40 x 1,90 x 65', 26, 2, 8, 197, 13, 65, 14370.00, 0, 10, 2, 5, 0, 0, 3547, 1, '', 26, 'angelus.jpg'),
(3550, 'Colchón con Sommier  Angelus 1,60 x 2,00 x 65', 26, 2, 8, 197, 18, 65, 18222.00, 0, 10, 2, 5, 1, 1, 3547, 1, '', 26, 'angelus.jpg'),
(3551, 'Colchón con Sommier  Angelus 1,80 x 2,00 x 65', 26, 2, 8, 197, 19, 65, 19839.00, 0, 10, 2, 5, 0, 0, 3547, 1, '', 26, 'angelus.jpg'),
(3552, 'Colchón con Sommier  Angelus 2,00 x 2,00 x 65', 26, 2, 8, 197, 21, 65, 21576.00, 0, 10, 2, 5, 0, 0, 3547, 1, '', 26, 'angelus.jpg'),
(3559, 'Colchón  Angelus 1,40 x 1,90 x 30', 26, 1, 8, 26, 13, 17, 11457.00, 0, 10, 1, 5, 0, 0, 3559, 1, '', 26, 'angelus.jpg'),
(3561, 'Colchón  Angelus 1,60 x 2,00 x 30', 26, 1, 8, 26, 18, 17, 13624.00, 0, 10, 1, 5, 0, 0, 3559, 1, '', 26, 'angelus.jpg'),
(3562, 'Colchón  Angelus 1,80 x 2,00 x 30', 26, 1, 8, 26, 19, 17, 15014.00, 0, 10, 1, 5, 0, 0, 3559, 1, '', 26, 'angelus.jpg'),
(3563, 'Colchón  Angelus 2,00 x 2,00 x 30', 26, 1, 8, 26, 21, 17, 16502.00, 0, 10, 1, 5, 0, 0, 3559, 1, '', 26, 'angelus.jpg'),
(3592, 'Sábana  Saten Algodón 400 hl 1,00 x 2,00 x 2', 149, 5, 17, 149, 7, 28, 1446.61, 0, 20, 5, 7, 0, 0, 3592, 1, '', 149, 'sab-400hl-1.jpg'),
(3593, 'Sábana  Saten Algodón 400 hl 1,60 x 2,00 x 2', 149, 5, 17, 149, 18, 28, 1898.68, 0, 20, 5, 7, 0, 0, 3592, 1, '', 149, 'sab-400hl-1.jpg'),
(3594, 'Sábana  Saten Algodón 400 hl 2,00 x 2,00 x 2', 149, 5, 17, 149, 21, 28, 2360.14, 0, 20, 5, 7, 0, 0, 3592, 1, '', 149, 'sab-400hl-1.jpg'),
(3603, 'Colchón  Gold Spring 0,80 x 1,90 x 26', 24, 1, 8, 24, 2, 13, 6004.00, 0, 4, 1, 4, 0, 0, 3603, 1, '', 24, 'gold-spring.jpg'),
(3604, 'Colchón con Sommier  Gold Spring 0,80 x 1,90 x 2', 24, 2, 8, 195, 2, 28, 8232.00, 0, 4, 2, 4, 0, 0, 3604, 1, '', 24, 'gold-spring.jpg'),
(3605, 'Colchón con Sommier  Bordeaux Night 0,80 x 1,90 x 65', 23, 2, 8, 194, 2, 65, 7202.54, 0, 4, 2, 4, 0, 0, 3605, 1, '', 23, 'bordonight.jpg'),
(3606, 'Colchón  Gold Spring 0,90 x 1,90 x 26', 24, 1, 8, 24, 4, 13, 6556.00, 0, 4, 1, 4, 0, 0, 3603, 1, '', 24, 'gold-spring.jpg'),
(3607, 'Colchón con Sommier  Gold Spring 0,90 x 1,90 x 2', 24, 2, 8, 195, 4, 28, 8888.00, 0, 4, 2, 4, 0, 0, 3604, 1, '', 24, 'gold-spring.jpg'),
(3608, 'Colchón Bordeaux Night 0,80 x 1,90 x 31', 23, 1, 8, 23, 2, 18, 7196.00, 0, 4, 1, 4, 0, 0, 3608, 1, '', 23, 'bordonight.jpg'),
(3609, 'Colchón  Gold Spring 1,00 x 1,90 x 26', 24, 1, 8, 24, 6, 13, 7185.00, 0, 4, 1, 4, 0, 0, 3603, 1, '', 24, 'gold-spring.jpg'),
(3610, 'Colchón con Sommier  Gold Spring 1,00 x 1,90 x 2', 24, 2, 8, 195, 6, 28, 9606.00, 0, 4, 2, 4, 0, 0, 3604, 1, '', 24, 'gold-spring.jpg'),
(3611, 'Colchón Bordeaux Night 1,40 x 1,90 x 31', 23, 1, 8, 23, 13, 18, 8114.00, 0, 4, 1, 4, 0, 0, 3608, 1, '', 23, 'bordonight.jpg'),
(3612, 'Colchón  Gold Spring 1,30 x 1,90 x 26', 24, 1, 8, 24, 10, 13, 9089.00, 0, 4, 1, 4, 0, 0, 3603, 1, '', 24, 'gold-spring.jpg'),
(3613, 'Colchón con Sommier  Gold Spring 1,30 x 1,90 x 2', 24, 2, 8, 195, 10, 28, 11835.00, 0, 4, 2, 4, 0, 0, 3604, 1, '', 24, 'gold-spring.jpg'),
(3614, 'Colchón Bordeaux Night 1,60 x 2,00 x 31', 23, 1, 8, 23, 18, 18, 10492.00, 0, 4, 1, 4, 0, 0, 3608, 1, '', 23, 'bordonight.jpg'),
(3615, 'Colchón  Gold Spring 1,40 x 1,90 x 26', 24, 1, 8, 24, 13, 13, 9767.00, 0, 4, 1, 4, 0, 0, 3603, 1, '', 24, 'gold-spring.jpg'),
(3616, 'Colchón con Sommier  Bordeaux Night 1,40 x 1,90 x 65', 23, 2, 8, 194, 13, 65, 10801.47, 0, 4, 2, 4, 0, 0, 3605, 1, '', 23, 'bordonight.jpg'),
(3617, 'Colchón con Sommier  Gold Spring 1,40 x 1,90 x 2', 24, 2, 8, 195, 13, 28, 12603.00, 0, 4, 2, 4, 0, 0, 3604, 1, '', 24, 'gold-spring.jpg'),
(3618, 'Colchón  Gold Spring 1,50 x 1,90 x 26', 24, 1, 8, 24, 15, 13, 10486.00, 0, 4, 1, 4, 0, 0, 3603, 1, '', 24, 'gold-spring.jpg'),
(3619, 'Colchón con Sommier  Gold Spring 1,50 x 1,90 x 2', 24, 2, 8, 195, 15, 28, 13429.00, 0, 4, 2, 4, 0, 0, 3604, 1, '', 24, 'gold-spring.jpg'),
(3621, 'Colchón  Gold Spring 1,60 x 2,00 x 26', 24, 1, 8, 24, 18, 13, 12000.00, 0, 4, 1, 4, 0, 0, 3603, 1, '', 24, 'gold-spring.jpg'),
(3622, 'Colchón con Sommier  Gold Spring 1,60 x 2,00 x 2', 24, 2, 8, 195, 18, 28, 16650.00, 0, 4, 2, 4, 0, 0, 3604, 1, '', 24, 'gold-spring.jpg'),
(3623, 'Colchón con Sommier  Bordeaux Night 1,60 x 2,00 x 65', 23, 2, 8, 194, 18, 65, 14823.10, 0, 4, 2, 4, 0, 0, 3605, 1, '', 23, 'bordonight.jpg'),
(3624, 'Colchón  Excelsius 1,40 x 1,90 x 28', 25, 1, 8, 25, 13, 15, 11841.00, 0, 4, 1, 5, 0, 0, 3624, 1, '', 25, 'excelsius.jpg'),
(3625, 'Colchón con Sommier  Excelsius 1,40 x 1,90 x 2', 25, 2, 8, 196, 13, 28, 14754.00, 0, 4, 2, 5, 0, 0, 3625, 1, '', 25, 'excelsius.jpg'),
(3627, 'Colchón  Excelsius 1,60 x 2,00 x 28', 25, 1, 8, 25, 18, 15, 14047.00, 0, 4, 1, 5, 0, 0, 3624, 1, '', 25, 'excelsius.jpg'),
(3628, 'Colchón con Sommier  Excelsius 1,60 x 2,00 x 2', 25, 2, 8, 196, 18, 28, 18646.00, 0, 4, 2, 5, 0, 0, 3625, 1, '', 25, 'excelsius.jpg'),
(3631, 'Colchón  Excelsius 1,80 x 2,00 x 28', 25, 1, 8, 25, 19, 15, 15525.00, 0, 4, 1, 5, 0, 0, 3624, 1, '', 25, 'excelsius.jpg'),
(3632, 'Colchón con Sommier  Excelsius 1,80 x 2,00 x 2', 25, 2, 8, 196, 19, 28, 20350.00, 0, 4, 2, 5, 0, 0, 3625, 1, '', 25, 'excelsius.jpg'),
(3634, 'Colchón  Excelsius 2,00 x 2,00 x 28', 25, 1, 8, 25, 21, 15, 16987.00, 0, 4, 1, 5, 0, 0, 3624, 1, '', 25, 'excelsius.jpg'),
(3635, 'Colchón con Sommier  Excelsius 2,00 x 2,00 x 2', 25, 2, 8, 196, 21, 28, 22061.00, 0, 4, 2, 5, 0, 0, 3625, 1, '', 25, 'excelsius.jpg'),
(3637, 'Colchón  Capricious 1,40 x 1,90 x 30', 28, 1, 22, 28, 13, 17, 15896.00, 0, 4, 1, 4, 1, 0, 3637, 1, '', 28, 'capricious-00.jpg'),
(3638, 'Colchón con Sommier  Capricious 1,40 x 1,90 x 2', 28, 2, 22, 199, 13, 28, 19083.00, 0, 4, 2, 4, 1, 0, 3638, 1, '', 28, 'capricious-00.jpg'),
(3640, 'Colchón  Capricious 1,60 x 2,00 x 30', 28, 1, 22, 28, 18, 17, 18872.00, 0, 4, 1, 4, 0, 0, 3637, 1, '', 28, 'capricious-00.jpg'),
(3641, 'Colchón con Sommier  Capricious 1,60 x 2,00 x 2', 28, 2, 22, 199, 18, 28, 23865.00, 0, 4, 2, 4, 0, 0, 3638, 1, '', 28, 'capricious-00.jpg'),
(3646, 'Colchón con Sommier  Capricious 2,00 x 2,00 x 2', 28, 2, 22, 199, 21, 28, 28214.00, 0, 4, 2, 4, 0, 0, 3638, 1, '', 28, 'capricious-00.jpg'),
(3647, 'Colchón  Capricious 2,00 x 2,00 x 30', 28, 1, 22, 28, 21, 17, 22763.00, 1, 4, 1, 4, 0, 0, 3637, 1, 'colchon-capricious-200-x-200-x-30', 28, 'colchon-capricious-200-x-200-x-30.jpg'),
(3732, 'Colchón  Empathy 1,40 x 1,90 x 30', 29, 1, 22, 29, 13, 17, 15860.00, 0, 10, 1, 5, 1, 0, 3732, 1, '', 29, 'empathy-00.jpg'),
(3733, 'Colchón  Empathy 1,60 x 2,00 x 30', 29, 1, 22, 29, 18, 17, 19251.00, 0, 10, 1, 5, 0, 0, 3732, 1, '', 29, 'empathy-00.jpg'),
(3735, 'Colchón  Empathy 2,00 x 2,00 x 30', 29, 1, 22, 29, 21, 17, 23150.00, 0, 10, 1, 5, 0, 0, 3732, 1, '', 29, 'empathy-00.jpg'),
(3736, 'Colchón con Sommier  Empathy 1,40 x 1,90 x 2', 29, 2, 22, 200, 13, 28, 19048.00, 0, 10, 2, 5, 0, 1, 3737, 1, '', 29, 'empathy-00.jpg'),
(3737, 'Colchón con Sommier  Empathy 1,60 x 2,00 x 2', 29, 2, 22, 200, 18, 28, 24244.00, 0, 10, 2, 5, 0, 0, 3737, 1, '', 29, 'empathy-00.jpg'),
(3739, 'Colchón con Sommier  Empathy 2,00 x 2,00 x 2', 29, 2, 22, 200, 21, 28, 28601.00, 0, 10, 2, 5, 0, 0, 3737, 1, '', 29, 'empathy-00.jpg'),
(3740, 'Colchón  Bordeaux 0,80 x 1,90 x 25', 22, 1, 8, 22, 2, 12, 4908.00, 0, 4, 1, 3, 0, 0, 3740, 1, '', 22, 'bordeaux.jpg'),
(3741, 'Colchón  Bordeaux 0,90 x 1,90 x 25', 22, 1, 8, 22, 4, 12, 5581.00, 0, 4, 1, 3, 0, 0, 3740, 1, '', 22, 'bordeaux.jpg'),
(3742, 'Colchón  Bordeaux 1,00 x 1,90 x 25', 22, 1, 8, 22, 6, 12, 5838.00, 0, 4, 1, 3, 0, 0, 3740, 1, '', 22, 'bordeaux.jpg'),
(3743, 'Colchón  Bordeaux 1,40 x 1,90 x 25', 22, 1, 8, 22, 13, 12, 7872.00, 0, 4, 1, 3, 0, 0, 3740, 1, '', 22, 'bordeaux.jpg'),
(3744, 'Colchón  Bordeaux 1,60 x 2,00 x 25', 22, 1, 8, 22, 18, 12, 10205.00, 0, 4, 1, 3, 0, 0, 3740, 1, '', 22, 'bordeaux.jpg'),
(3745, 'Colchón con Sommier  Bordeaux 0,80 x 1,90 x 65', 22, 2, 8, 193, 2, 65, 7019.37, 0, 4, 2, 3, 0, 0, 3745, 1, '', 22, 'bordeaux.jpg'),
(3746, 'Colchón con Sommier  Bordeaux 0,90 x 1,90 x 65', 22, 2, 8, 193, 4, 65, 7755.59, 0, 4, 2, 3, 0, 0, 3745, 1, '', 22, 'bordeaux.jpg'),
(3747, 'Colchón con Sommier  Bordeaux 1,00 x 1,90 x 5', 22, 2, 8, 193, 6, 30, 8090.24, 0, 4, 2, 3, 0, 0, 3745, 1, '', 22, 'bordeaux.jpg'),
(3748, 'Colchón con Sommier  Bordeaux 1,40 x 1,90 x 65', 22, 2, 8, 193, 13, 65, 10644.12, 0, 4, 2, 3, 0, 0, 3745, 1, '', 22, 'bordeaux.jpg'),
(3749, 'Colchón con Sommier  Bordeaux 1,60 x 2,00 x 65', 22, 2, 8, 193, 18, 65, 14637.58, 0, 4, 2, 3, 0, 0, 3745, 1, '', 22, 'bordeaux.jpg'),
(3750, 'Colchón  Tulum 1,40 x 1,90 x 34', 122, 1, 7, 122, 13, 21, 12584.00, 0, 3, 1, 6, 0, 1, 3750, 1, '', 122, 'tulum-1.jpg'),
(3752, 'Colchón  Tulum 1,60 x 2,00 x 34', 122, 1, 7, 122, 18, 21, 16468.00, 0, 3, 1, 6, 0, 0, 3750, 1, '', 122, 'tulum-1.jpg'),
(3753, 'Colchón  Tulum 1,80 x 2,00 x 34', 122, 1, 7, 122, 19, 21, 18715.00, 0, 3, 1, 6, 0, 0, 3750, 1, '', 122, 'tulum-1.jpg'),
(3754, 'Colchón  Tulum 2,00 x 2,00 x 34', 122, 1, 7, 122, 21, 21, 20980.00, 0, 3, 1, 6, 0, 0, 3750, 1, '', 122, 'tulum-1.jpg'),
(3755, 'Colchón con Sommier  Tulum 1,40 x 1,90 x 73', 122, 2, 7, 275, 13, 73, 18009.00, 0, 10, 2, 6, 1, 0, 3755, 1, '', 122, 'tulum-1.jpg'),
(3756, 'Colchón con Sommier  Tulum 1,60 x 2,00 x 73', 122, 2, 7, 275, 18, 73, 25889.00, 0, 10, 2, 6, 0, 0, 3755, 1, '', 122, 'tulum-1.jpg'),
(3757, 'Colchón con Sommier  Tulum 1,80 x 2,00 x 73', 122, 2, 7, 275, 19, 73, 28565.00, 0, 10, 2, 6, 0, 0, 3755, 1, '', 122, 'tulum-1.jpg'),
(3759, 'Colchón con Sommier  Tulum 2,00 x 2,00 x 73', 122, 2, 7, 275, 21, 73, 31116.00, 0, 10, 2, 6, 0, 0, 3755, 1, '', 122, 'tulum-1.jpg'),
(3760, 'Colchón  Tahiti 1,40 x 1,90 x 34', 120, 1, 7, 120, 13, 21, 14034.00, 0, 3, 1, 3, 0, 0, 3760, 1, '', 120, 'tahiti-1.jpg'),
(3761, 'Colchón  Tahiti 1,60 x 2,00 x 34', 120, 1, 7, 120, 18, 21, 18764.00, 0, 3, 1, 3, 0, 0, 3760, 1, '', 120, 'tahiti-1.jpg'),
(3762, 'Colchón  Tahiti 1,80 x 2,00 x 34', 120, 1, 7, 120, 19, 21, 21073.00, 0, 3, 1, 3, 0, 0, 3760, 1, '', 120, 'tahiti-1.jpg'),
(3763, 'Colchón  Tahiti 2,00 x 2,00 x 34', 120, 1, 7, 120, 21, 21, 23390.00, 0, 3, 1, 3, 0, 0, 3760, 1, '', 120, 'tahiti-1.jpg'),
(3769, 'Colchón  Martinica 1,40 x 1,90 x 30', 121, 1, 7, 121, 13, 17, 8889.00, 0, 10, 1, 5, 0, 0, 3769, 1, '', 121, 'martinica.jpg'),
(3770, 'Colchón  Martinica 1,60 x 2,00 x 30', 121, 1, 7, 121, 18, 17, 11582.00, 0, 10, 1, 5, 0, 0, 3769, 1, '', 121, 'martinica.jpg'),
(3771, 'Colchón  Martinica 1,80 x 2,00 x 30', 121, 1, 7, 121, 19, 17, 12851.00, 0, 10, 1, 5, 0, 0, 3769, 1, '', 121, 'martinica.jpg'),
(3772, 'Colchón  Martinica 2,00 x 2,00 x 30', 121, 1, 7, 121, 21, 17, 14129.00, 0, 10, 1, 5, 0, 0, 3769, 1, '', 121, 'martinica.jpg'),
(3773, 'Colchón con Sommier  Martinica 1,40 x 1,90 x 68', 121, 2, 7, 275, 13, 68, 14313.00, 0, 14, 2, 5, 0, 0, 3773, 1, '', 121, 'martinica.jpg'),
(3774, 'Colchón con Sommier  Martinica 1,60 x 2,00 x 68', 121, 2, 7, 275, 18, 68, 21003.00, 0, 14, 2, 5, 0, 0, 3773, 1, '', 121, 'martinica.jpg'),
(3775, 'Colchón con Sommier  Martinica 1,80 x 2,00 x 68', 121, 2, 7, 275, 19, 68, 22701.00, 0, 14, 2, 5, 0, 0, 3773, 1, '', 121, 'martinica.jpg'),
(3776, 'Colchón con Sommier  Martinica 2,00 x 2,00 x 68', 121, 2, 7, 275, 21, 68, 24265.00, 0, 14, 2, 5, 0, 0, 3773, 1, '', 121, 'martinica.jpg'),
(3797, 'Colchón con Sommier  Sublime 1,40 x 1,90 x 62', 19, 2, 5, 190, 13, 62, 13851.44, 0, 3, 2, 4, 0, 0, 3797, 1, '', 19, 'sublime-00.jpg');
INSERT INTO `productos` (`id`, `nombre`, `item_id`, `categoria_id`, `marca_id`, `modelo_id`, `medida_id`, `altura_id`, `precio`, `stock`, `tecnologia_id`, `garantia_id`, `postura_id`, `oferta`, `destacado`, `novedad`, `activo`, `slug`, `item_imagen`, `imagen`) VALUES
(3798, 'Colchón con Sommier  Sublime 1,50 x 1,90 x 62', 19, 2, 5, 190, 15, 62, 14765.05, 0, 3, 2, 4, 0, 0, 3797, 1, '', 19, 'sublime-00.jpg'),
(3799, 'Colchón con Sommier  Sublime 1,60 x 2,00 x 62', 19, 2, 5, 190, 18, 62, 18340.18, 0, 3, 2, 4, 0, 0, 3797, 1, '', 19, 'sublime-00.jpg'),
(3800, 'Colchón con Sommier  Sublime 1,80 x 2,00 x 62', 19, 2, 5, 190, 19, 62, 20592.79, 0, 3, 2, 4, 0, 0, 3797, 1, '', 19, 'sublime-00.jpg'),
(3801, 'Colchón con Sommier  Sublime 2,00 x 2,00 x 62', 19, 2, 5, 190, 21, 62, 22692.96, 0, 3, 2, 4, 0, 0, 3797, 1, '', 19, 'sublime-00.jpg'),
(3802, 'Colchón  Sublime Pillow Top 1,40 x 1,90 x 34', 20, 1, 5, 20, 13, 21, 10803.67, 0, 3, 1, 4, 0, 0, 3802, 1, '', 20, 'sublime-pillow-00.jpg'),
(3803, 'Colchón  Sublime Pillow Top 1,50 x 1,90 x 34', 20, 1, 5, 20, 15, 21, 11410.34, 0, 3, 1, 4, 0, 0, 3802, 1, '', 20, 'sublime-pillow-00.jpg'),
(3804, 'Colchón  Sublime Pillow Top 1,60 x 2,00 x 34', 20, 1, 5, 20, 18, 21, 12562.91, 0, 3, 1, 4, 0, 0, 3802, 1, '', 20, 'sublime-pillow-00.jpg'),
(3805, 'Colchón  Sublime Pillow Top 1,80 x 2,00 x 34', 20, 1, 5, 20, 19, 21, 14400.43, 0, 3, 1, 4, 0, 0, 3802, 1, '', 20, 'sublime-pillow-00.jpg'),
(3806, 'Colchón  Sublime Pillow Top 2,00 x 2,00 x 34', 20, 1, 5, 20, 21, 21, 16247.22, 0, 3, 1, 4, 0, 0, 3802, 1, '', 20, 'sublime-pillow-00.jpg'),
(3807, 'Colchón  Exclusive 0,80 x 1,90 x 25', 12, 1, 5, 12, 2, 12, 3821.00, 0, 10, 1, 5, 0, 0, 3807, 1, '', 12, 'exclusive.jpg'),
(3808, 'Colchón  Exclusive 0,90 x 1,90 x 25', 12, 1, 5, 12, 4, 12, 4258.00, 0, 10, 1, 5, 0, 0, 3807, 1, '', 12, 'exclusive.jpg'),
(3809, 'Colchón  Exclusive 1,00 x 1,90 x 25', 12, 1, 5, 12, 6, 12, 4695.00, 0, 10, 1, 5, 0, 0, 3807, 1, '', 12, 'exclusive.jpg'),
(3810, 'Colchón  Exclusive 1,50 x 1,90 x 25', 12, 1, 5, 12, 15, 12, 6768.00, 0, 10, 1, 5, 0, 0, 3807, 1, '', 12, 'exclusive.jpg'),
(3811, 'Colchón  Exclusive 1,60 x 2,00 x 25', 12, 1, 5, 12, 18, 12, 8234.00, 0, 10, 1, 5, 0, 0, 3807, 1, '', 12, 'exclusive.jpg'),
(3812, 'Colchón  Sport 0,80 x 1,90 x 24', 123, 1, 1, 123, 2, 11, 3723.00, 0, 8, 1, 5, 0, 0, 3812, 1, '', 123, 'sport.jpg'),
(3813, 'Colchón  Sport 0,90 x 1,90 x 24', 123, 1, 1, 123, 4, 11, 4254.00, 0, 8, 1, 5, 0, 0, 3812, 1, '', 123, 'sport.jpg'),
(3814, 'Colchón  Sport 1,00 x 1,90 x 24', 123, 1, 1, 123, 6, 11, 4676.00, 0, 8, 1, 5, 0, 0, 3812, 1, '', 123, 'sport.jpg'),
(3815, 'Colchón  Sport 1,40 x 1,90 x 24', 123, 1, 1, 123, 13, 11, 6134.00, 0, 8, 1, 5, 0, 0, 3812, 1, '', 123, 'sport.jpg'),
(3816, 'Colchón con Sommier  Sport 1,40 x 1,90 x 55', 122, 2, 7, 276, 13, 55, 8909.83, 0, 3, 2, 6, 0, 0, 3816, 1, '', 122, 'tulum-1.jpg'),
(3817, 'Colchón  Renovation 0,80 x 1,90 x 26', 14, 1, 5, 14, 2, 13, 4105.00, 0, 11, 1, 6, 0, 0, 3817, 1, '', 14, 'renovation.jpg'),
(3818, 'Colchón  Renovation 0,90 x 1,90 x 26', 14, 1, 5, 14, 4, 13, 4574.00, 0, 11, 1, 6, 0, 0, 3817, 1, '', 14, 'renovation.jpg'),
(3819, 'Colchón  Renovation 1,00 x 1,90 x 26', 14, 1, 5, 14, 6, 13, 5044.00, 0, 11, 1, 6, 0, 0, 3817, 1, '', 14, 'renovation.jpg'),
(3820, 'Colchón  Renovation 1,40 x 1,90 x 26', 14, 1, 5, 14, 13, 13, 6804.00, 0, 11, 1, 6, 1, 1, 3817, 1, '', 14, 'renovation.jpg'),
(3821, 'Colchón  Renovation 1,50 x 1,90 x 26', 14, 1, 5, 14, 15, 13, 7270.00, 0, 11, 1, 6, 0, 0, 3817, 1, '', 14, 'renovation.jpg'),
(3822, 'Colchón con Sommier  Renovation 0,80 x 1,90 x 57', 14, 2, 5, 185, 2, 57, 7180.23, 0, 11, 2, 6, 0, 0, 3822, 1, '', 14, 'renovation.jpg'),
(3823, 'Colchón con Sommier  Renovation 0,90 x 1,90 x 57', 14, 2, 5, 185, 4, 57, 8012.74, 0, 11, 2, 6, 0, 0, 3822, 1, '', 14, 'renovation.jpg'),
(3824, 'Colchón con Sommier  Renovation 1,00 x 1,90 x 57', 14, 2, 5, 185, 6, 57, 8659.73, 0, 11, 2, 6, 0, 0, 3822, 1, '', 14, 'renovation.jpg'),
(3825, 'Colchón con Sommier  Renovation 1,40 x 1,90 x 57', 14, 2, 5, 185, 13, 57, 11574.09, 0, 11, 2, 6, 0, 0, 3822, 1, '', 14, 'renovation.jpg'),
(3826, 'Colchón con Sommier  Renovation 1,50 x 1,90 x 57', 14, 2, 5, 185, 15, 57, 12441.82, 0, 11, 2, 6, 0, 0, 3822, 1, '', 14, 'renovation.jpg'),
(3827, 'Almohada  Cannon Visco clasica 0,70 x 0,40 x 8', 128, 4, 5, 128, 24, 2, 713.00, 0, 14, 4, 1, 0, 0, 3827, 1, '', 128, 'alm-cannon-visco.jpg'),
(3828, 'Colchón con Sommier  Exclusive 0,80 x 1,90 x 56', 12, 2, 5, 183, 2, 56, 6497.00, 0, 10, 2, 5, 0, 0, 3828, 1, '', 12, 'exclusive.jpg'),
(3829, 'Colchón con Sommier  Exclusive 0,90 x 1,90 x 56', 12, 2, 5, 183, 4, 56, 6996.00, 0, 10, 2, 5, 0, 0, 3828, 1, '', 12, 'exclusive.jpg'),
(3830, 'Colchón con Sommier  Exclusive 1,00 x 1,90 x 56', 12, 2, 5, 183, 6, 56, 7662.00, 0, 10, 2, 5, 0, 0, 3828, 1, '', 12, 'exclusive.jpg'),
(3831, 'Colchón con Sommier  Exclusive 1,30 x 1,90 x 56', 12, 2, 5, 183, 10, 56, 9459.00, 0, 10, 2, 5, 0, 0, 3828, 1, '', 12, 'exclusive.jpg'),
(3832, 'Colchón con Sommier  Exclusive 1,40 x 1,90 x 56', 12, 2, 5, 183, 13, 56, 10005.00, 0, 10, 2, 5, 0, 0, 3828, 1, '', 12, 'exclusive.jpg'),
(3833, 'Colchón con Sommier  Exclusive 1,50 x 1,90 x 56', 12, 2, 5, 183, 15, 56, 10901.00, 0, 10, 2, 5, 0, 0, 3828, 1, '', 12, 'exclusive.jpg'),
(3834, 'Colchón con Sommier  Exclusive 1,60 x 2,00 x 56', 12, 2, 5, 183, 18, 56, 14267.00, 0, 10, 2, 5, 0, 0, 3828, 1, '', 12, 'exclusive.jpg'),
(3836, 'Almohada  Plooma 100% 0,70 x 0,50 x 8', 142, 4, 18, 142, 25, 2, 1359.72, 0, 18, 4, 1, 0, 0, 3836, 1, '', 142, 'alm-plooma-100.jpg'),
(3837, 'Sábana  Algodón 200 hl 1,00 x 2,00 x 2', 148, 5, 17, 148, 7, 28, 932.31, 0, 20, 5, 7, 0, 0, 3837, 1, '', 148, 'sab-200hl-1.jpg'),
(3838, 'Sábana  Algodón 200 hl 1,60 x 2,00 x 2', 148, 5, 17, 148, 18, 28, 1066.17, 0, 20, 5, 7, 0, 0, 3837, 1, '', 148, 'sab-200hl-1.jpg'),
(3839, 'Sábana  Algodón 200 hl 2,00 x 2,00 x 2', 148, 5, 17, 148, 21, 28, 1344.46, 0, 20, 5, 7, 0, 0, 3837, 1, '', 148, 'sab-200hl-1.jpg'),
(3840, 'Colchón  Terra Jacquard 0,80 x 1,90 x 26', 168, 1, 12, 168, 2, 13, 3550.00, 0, 4, 1, 3, 0, 0, 3840, 1, '', 168, 'terrajacard-col.jpg'),
(3841, 'Colchón  Terra Jacquard 0,90 x 1,90 x 26', 168, 1, 12, 168, 4, 13, 3917.00, 0, 4, 1, 3, 0, 0, 3840, 1, '', 168, 'terrajacard-col.jpg'),
(3842, 'Colchón  Terra Jacquard 1,00 x 1,90 x 26', 168, 1, 12, 168, 6, 13, 5511.00, 0, 4, 1, 3, 0, 0, 3840, 1, '', 168, 'terrajacard-col.jpg'),
(3843, 'Colchón  Terra Jacquard 1,40 x 1,90 x 26', 168, 1, 12, 168, 13, 13, 6470.00, 0, 4, 1, 3, 0, 0, 3840, 1, '', 168, 'terrajacard-col.jpg'),
(3844, 'Colchón con Sommier  Terra Jacquard 1,50 x 1,90 x 58', 168, 2, 12, 283, 15, 58, 10946.00, 0, 4, 2, 3, 0, 0, 3845, 1, '', 168, 'terrajacard-col.jpg'),
(3845, 'Colchón con Sommier  Terra Jacquard 0,90 x 1,90 x 58', 168, 2, 12, 283, 4, 58, 6314.00, 0, 4, 2, 3, 0, 0, 3845, 1, '', 168, 'terrajacard-col.jpg'),
(3846, 'Colchón  Terra Jacquard 1,30 x 1,90 x 26', 168, 1, 12, 168, 10, 13, 6046.00, 0, 4, 1, 3, 0, 0, 3840, 1, '', 168, 'terrajacard-col.jpg'),
(3847, 'Colchón con Sommier  Terra Jacquard 1,40 x 1,90 x 58', 168, 2, 12, 283, 13, 58, 9484.00, 0, 4, 2, 3, 0, 0, 3845, 1, '', 168, 'terrajacard-col.jpg'),
(3848, 'Colchón  Sensación 0,80 x 1,90 x 25', 60, 1, 12, 60, 2, 12, 3852.00, 0, 11, 1, 5, 0, 0, 3848, 1, '', 60, 'sensacion-col.jpg'),
(3849, 'Colchón  Sensación 0,90 x 1,90 x 25', 60, 1, 12, 60, 4, 12, 4316.00, 0, 11, 1, 5, 0, 0, 3848, 1, '', 60, 'sensacion-col.jpg'),
(3850, 'Colchón  Sensación 1,00 x 1,90 x 25', 60, 1, 12, 60, 6, 12, 4800.00, 0, 11, 1, 5, 0, 0, 3848, 1, '', 60, 'sensacion-col.jpg'),
(3851, 'Colchón  Sensación 1,40 x 1,90 x 25', 60, 1, 12, 60, 13, 12, 7205.00, 0, 11, 1, 5, 0, 0, 3848, 1, '', 60, 'sensacion-col.jpg'),
(3852, 'Colchón con Sommier  Sensación 0,80 x 1,90 x 2', 60, 2, 12, 224, 2, 28, 6447.00, 0, 11, 2, 5, 0, 0, 3852, 1, '', 60, 'sensacion-col.jpg'),
(3853, 'Colchón con Sommier  Sensación 0,90 x 1,90 x 2', 60, 2, 12, 224, 4, 28, 7053.00, 0, 11, 2, 5, 0, 0, 3852, 1, '', 60, 'sensacion-col.jpg'),
(3854, 'Colchón con Sommier  Sensación 1,00 x 1,90 x 2', 60, 2, 12, 224, 6, 28, 7660.00, 0, 11, 2, 5, 0, 0, 3852, 1, '', 60, 'sensacion-col.jpg'),
(3855, 'Colchón con Sommier  Sensación 1,40 x 1,90 x 2', 60, 2, 12, 224, 13, 28, 10220.00, 0, 11, 2, 5, 0, 0, 3852, 1, '', 60, 'sensacion-col.jpg'),
(3856, 'Colchón  Platino 0,80 x 1,90 x 25', 16, 1, 5, 16, 2, 12, 3539.08, 0, 4, 1, 3, 0, 0, 3856, 1, '', 16, 'platino.jpg'),
(3857, 'Colchón  Princes 20 0,90 x 1,90 x 20', 10, 1, 5, 10, 4, 7, 2571.00, 0, 8, 1, 4, 0, 0, 3857, 1, '', 10, 'princes.jpg'),
(3858, 'Colchón  Princes 20 1,00 x 1,90 x 20', 10, 1, 5, 10, 6, 7, 2812.00, 0, 8, 1, 4, 0, 0, 3857, 1, '', 10, 'princes.jpg'),
(3859, 'Colchón  Princes 20 1,30 x 1,90 x 20', 10, 1, 5, 10, 10, 7, 3597.00, 0, 8, 1, 4, 0, 0, 3857, 1, '', 10, 'princes.jpg'),
(3861, 'Colchón con Sommier  Platino 0,80 x 1,90 x 57', 16, 2, 5, 187, 2, 57, 5323.04, 0, 4, 2, 3, 0, 0, 3861, 1, '', 16, 'platino.jpg'),
(3862, 'Colchón con Sommier  Platino 0,90 x 1,90 x 57', 16, 2, 5, 187, 4, 57, 5868.94, 0, 4, 2, 3, 0, 0, 3861, 1, '', 16, 'platino.jpg'),
(3863, 'Colchón con Sommier  Platino 1,00 x 1,90 x 57', 16, 2, 5, 187, 6, 57, 6173.82, 0, 4, 2, 3, 0, 0, 3861, 1, '', 16, 'platino.jpg'),
(3864, 'Colchón con Sommier  Platino 1,40 x 1,90 x 57', 16, 2, 5, 187, 13, 57, 8109.19, 0, 4, 2, 3, 0, 0, 3861, 1, '', 16, 'platino.jpg'),
(3882, 'Colchón  Jurere 1,40 x 1,90 x 34', 119, 1, 7, 119, 13, 21, 12161.00, 0, 3, 1, 6, 0, 0, 3882, 1, '', 119, 'jurere-1.jpg'),
(3883, 'Colchón  Jurere 1,60 x 2,00 x 34', 119, 1, 7, 119, 18, 21, 16303.00, 0, 3, 1, 6, 0, 0, 3882, 1, '', 119, 'jurere-1.jpg'),
(3884, 'Colchón  Jurere 1,80 x 2,00 x 34', 119, 1, 7, 119, 19, 21, 18359.00, 0, 3, 1, 6, 0, 0, 3882, 1, '', 119, 'jurere-1.jpg'),
(3885, 'Colchón  Jurere 2,00 x 2,00 x 34', 119, 1, 7, 119, 21, 21, 20442.00, 0, 3, 1, 6, 0, 0, 3882, 1, '', 119, 'jurere-1.jpg'),
(3890, 'Colchón con Sommier  Jurere 1,40 x 1,90 x 75', 119, 2, 7, 272, 13, 75, 17586.00, 0, 4, 2, 6, 0, 0, 3890, 1, '', 119, 'jurere-1.jpg'),
(3891, 'Colchón con Sommier  Jurere 1,60 x 2,00 x 75', 119, 2, 7, 272, 18, 75, 25725.00, 0, 4, 2, 6, 1, 0, 3890, 1, '', 119, 'jurere-1.jpg'),
(3892, 'Colchón con Sommier  Jurere 1,80 x 2,00 x 75', 119, 2, 7, 272, 19, 75, 28209.00, 0, 4, 2, 6, 0, 0, 3890, 1, '', 119, 'jurere-1.jpg'),
(3893, 'Colchón con Sommier  Jurere 2,00 x 2,00 x 75', 119, 2, 7, 272, 21, 75, 30579.00, 0, 4, 2, 6, 0, 0, 3890, 1, '', 119, 'jurere-1.jpg'),
(3894, 'Colchón con Sommier  Tahiti 1,40 x 1,90 x 74', 120, 2, 7, 273, 13, 74, 19459.00, 0, 3, 2, 3, 0, 0, 3894, 1, '', 120, 'tahiti-1.jpg'),
(3895, 'Colchón con Sommier  Tahiti 1,60 x 2,00 x 74', 120, 2, 7, 273, 18, 74, 28185.00, 0, 3, 2, 3, 0, 0, 3894, 1, '', 120, 'tahiti-1.jpg'),
(3896, 'Colchón con Sommier  Tahiti 1,80 x 2,00 x 74', 120, 2, 7, 273, 19, 74, 30923.00, 0, 3, 2, 3, 0, 1, 3894, 1, '', 120, 'tahiti-1.jpg'),
(3897, 'Colchón con Sommier  Tahiti 2,00 x 2,00 x 74', 120, 2, 7, 273, 21, 74, 33527.00, 0, 3, 2, 3, 0, 0, 3894, 1, '', 120, 'tahiti-1.jpg'),
(3913, 'Colchón  Belmo Pocket 1,40 x 1,90 x 30', 9, 1, 3, 9, 13, 17, 12415.00, 0, 3, 1, 4, 0, 0, 3913, 1, '', 9, 'belmo-pocket-00.jpg'),
(3914, 'Colchón  Belmo Pocket 1,50 x 1,90 x 30', 9, 1, 3, 9, 15, 17, 13637.00, 0, 3, 1, 4, 0, 0, 3913, 1, '', 9, 'belmo-pocket-00.jpg'),
(3915, 'Colchón  Belmo Pocket 1,60 x 2,00 x 30', 9, 1, 3, 9, 18, 17, 14917.00, 0, 3, 1, 4, 0, 0, 3913, 1, '', 9, 'belmo-pocket-00.jpg'),
(3916, 'Colchón  Belmo Pocket 1,80 x 2,00 x 30', 9, 1, 3, 9, 19, 17, 16651.00, 0, 3, 1, 4, 0, 0, 3913, 1, '', 9, 'belmo-pocket-00.jpg'),
(3917, 'Colchón  Belmo Pocket 2,00 x 2,00 x 30', 9, 1, 3, 9, 21, 17, 18350.00, 0, 3, 1, 4, 0, 0, 3913, 1, '', 9, 'belmo-pocket-00.jpg'),
(3918, 'Colchón con Sommier  Belmo Pocket 1,40 x 1,90 x 64', 9, 2, 3, 181, 13, 64, 18060.00, 0, 3, 2, 4, 0, 0, 2446, 1, '', 9, 'belmo-pocket-00.jpg'),
(3919, 'Colchón con Sommier  Belmo Pocket 1,60 x 2,00 x 64', 9, 2, 3, 181, 18, 64, 23155.00, 0, 3, 2, 4, 1, 1, 2446, 1, '', 9, 'belmo-pocket-00.jpg'),
(3920, 'Colchón con Sommier  Belmo Pocket 1,80 x 2,00 x 64', 9, 2, 3, 181, 19, 64, 25219.00, 0, 3, 2, 4, 0, 0, 2446, 1, '', 9, 'belmo-pocket-00.jpg'),
(3921, 'Colchón con Sommier  Belmo Pocket 1,50 x 1,90 x 64', 9, 2, 3, 181, 15, 64, 19616.00, 0, 3, 2, 4, 0, 0, 2446, 1, '', 9, 'belmo-pocket-00.jpg'),
(3922, 'Colchón con Sommier  Belmo Pocket 2,00 x 2,00 x 64', 9, 2, 3, 181, 21, 64, 27784.00, 0, 3, 2, 4, 0, 0, 2446, 1, '', 9, 'belmo-pocket-00.jpg'),
(3923, 'Sommier con cama auxiliar  Dual de 0,90 x 2,05 0,90 x 2,00 x 65', 156, 6, 4, 156, 5, 65, 18218.89, 0, 4, 6, 3, 0, 0, 3923, 1, '', 156, 'dual-black.jpg'),
(3927, 'Colchón  Art 1,40 x 1,90 x 30', 30, 1, 8, 30, 13, 17, 11126.00, 0, 3, 1, 5, 1, 0, 3927, 1, '', 30, 'art.jpg'),
(3928, 'Colchón  Art 1,60 x 2,00 x 30', 30, 1, 8, 30, 18, 17, 12941.00, 0, 3, 1, 5, 0, 0, 3927, 1, '', 30, 'art.jpg'),
(3929, 'Colchón  Art 1,80 x 2,00 x 30', 30, 1, 8, 30, 19, 17, 14456.00, 0, 3, 1, 5, 0, 0, 3927, 1, '', 30, 'art.jpg'),
(3930, 'Colchón  Art 2,00 x 2,00 x 30', 30, 1, 8, 30, 21, 17, 15734.00, 0, 3, 1, 5, 0, 0, 3927, 1, '', 30, 'art.jpg'),
(3931, 'Colchón con Sommier  Art 1,40 x 1,90 x 65', 30, 2, 8, 201, 13, 65, 13927.00, 0, 3, 2, 5, 0, 0, 3931, 1, '', 30, 'art.jpg'),
(3932, 'Colchón con Sommier  Art 1,60 x 2,00 x 65', 30, 2, 8, 201, 18, 65, 17534.00, 0, 3, 2, 5, 0, 0, 3931, 1, '', 30, 'art.jpg'),
(3933, 'Colchón con Sommier  Art 1,80 x 2,00 x 65', 30, 2, 8, 201, 19, 65, 19264.00, 0, 3, 2, 5, 1, 0, 3931, 1, '', 30, 'art.jpg'),
(3934, 'Colchón con Sommier  Art 2,00 x 2,00 x 65', 30, 2, 8, 201, 21, 65, 20736.00, 0, 3, 2, 5, 0, 0, 3931, 1, '', 30, 'art.jpg'),
(11468, 'Colchón  Neo Relax 1,60 x 2,00 x 60', 164, 2, 23, 164, 18, 60, 34051.80, 0, 16, 2, 6, 0, 0, 11471, 1, '', 164, 'neo-relax-cierre.jpg'),
(11469, 'Sommier Multibox 1,40 x 1,90 x 40', 175, 6, 8, 307, 13, 27, 10341.00, 0, 21, 6, 7, 0, 0, 11469, 1, '', 307, 'multibox.jpg'),
(11470, 'Almohada  Neo Relax 0,70 x 0,40 x 10', 147, 4, 23, 147, 24, 3, 821.94, 0, 14, 4, 1, 0, 0, 11470, 1, '', 147, 'alm-neo-relax.jpg'),
(11471, 'Colchón  Neo Relax 1,60 x 2,00 x 40', 164, 1, 23, 164, 18, 27, 19961.40, 0, 16, 1, 6, 0, 0, 11471, 1, '', 164, 'neo-relax-cierre.jpg'),
(11492, 'Colchón  Esmeralda 1,00 x 1,90 x 22', 110, 1, 7, 110, 6, 9, 3372.00, 0, 9, 1, 5, 0, 0, 880, 1, '', 110, 'esmeralda-colchon.jpg'),
(11493, 'Colchón  Esmeralda 1,30 x 1,90 x 22', 110, 1, 7, 110, 10, 9, 4396.00, 0, 9, 1, 5, 0, 0, 880, 1, '', 110, 'esmeralda-colchon.jpg'),
(11494, 'Colchón  Esmeralda 1,40 x 1,90 x 22', 110, 1, 7, 110, 13, 9, 4703.00, 0, 9, 1, 5, 0, 0, 880, 1, '', 110, 'esmeralda-colchon.jpg'),
(11495, 'Colchón  Esmeralda 1,50 x 1,90 x 22', 110, 1, 7, 110, 15, 9, 0.00, 0, 9, 1, 5, 0, 0, 880, 1, '', 110, 'esmeralda-colchon.jpg'),
(11501, 'Colchón  Marfil 25 0,80 x 1,90 x 25', 112, 1, 7, 112, 2, 12, 3756.00, 0, 10, 1, 5, 0, 0, 11501, 1, '', 112, 'marfil-25-colchon.jpg'),
(11502, 'Colchón con Sommier  Marfil 25 0,80 x 1,90 x 58', 112, 2, 7, 265, 2, 58, 6096.45, 0, 10, 2, 5, 0, 0, 11502, 1, '', 112, 'marfil-25-colchon.jpg'),
(11503, 'Colchón  Marfil 25 0,90 x 1,90 x 25', 112, 1, 7, 112, 4, 12, 4141.00, 0, 10, 1, 5, 0, 0, 11501, 1, '', 112, 'marfil-25-colchon.jpg'),
(11504, 'Colchón con Sommier  Marfil 25 0,90 x 1,90 x 58', 112, 2, 7, 265, 4, 58, 6609.57, 0, 10, 2, 5, 0, 0, 11502, 1, '', 112, 'marfil-25-colchon.jpg'),
(11505, 'Colchón  Marfil 25 1,00 x 1,90 x 25', 112, 1, 7, 112, 6, 12, 4609.00, 0, 10, 1, 5, 0, 0, 11501, 1, '', 112, 'marfil-25-colchon.jpg'),
(11506, 'Colchón con Sommier  Marfil 25 1,00 x 1,90 x 58', 112, 2, 7, 265, 6, 58, 7206.07, 0, 10, 2, 5, 0, 0, 11502, 1, '', 112, 'marfil-25-colchon.jpg'),
(11507, 'Colchón  Marfil 25 1,30 x 1,90 x 25', 112, 1, 7, 112, 10, 12, 5829.00, 0, 10, 1, 5, 0, 0, 11501, 1, '', 112, 'marfil-25-colchon.jpg'),
(11508, 'Colchón con Sommier  Marfil 25 1,30 x 1,90 x 58', 112, 2, 7, 265, 10, 58, 8965.02, 0, 10, 2, 5, 0, 0, 11502, 1, '', 112, 'marfil-25-colchon.jpg'),
(11509, 'Colchón  Marfil 21 1,50 x 1,90 x 21', 111, 1, 7, 111, 15, 8, 5866.00, 0, 10, 1, 5, 0, 0, 2611, 1, '', 111, 'marfil-21-colchon.jpg'),
(11510, 'Colchón con Sommier  Marfil 25 1,40 x 1,90 x 58', 112, 2, 7, 265, 13, 58, 9512.19, 0, 10, 2, 5, 0, 0, 11502, 1, '', 112, 'marfil-25-colchon.jpg'),
(11511, 'Colchón  Marfil 25 1,50 x 1,90 x 25', 112, 1, 7, 112, 15, 12, 6616.00, 0, 10, 1, 5, 0, 0, 11501, 1, '', 112, 'marfil-25-colchon.jpg'),
(11512, 'Colchón con Sommier  Marfil 25 1,50 x 1,90 x 58', 112, 2, 7, 265, 15, 58, 10013.58, 0, 10, 2, 5, 0, 0, 11502, 1, '', 112, 'marfil-25-colchon.jpg'),
(11513, 'Colchón  Marfil 25 1,60 x 1,90 x 25', 112, 1, 7, 112, 17, 12, 7047.00, 0, 10, 1, 5, 0, 0, 11501, 1, '', 112, 'marfil-25-colchon.jpg'),
(11514, 'Colchón con Sommier  Marfil 25 1,60 x 1,90 x 58', 112, 2, 7, 265, 17, 58, 11720.86, 0, 10, 2, 5, 0, 0, 11502, 1, '', 112, 'marfil-25-colchon.jpg'),
(11515, 'Colchón  Marfil 28 0,80 x 1,90 x 28', 113, 1, 7, 113, 2, 15, 4270.57, 0, 10, 1, 5, 0, 0, 11515, 1, '', 113, 'marfil-28.jpg'),
(11516, 'Colchón con Sommier  Marfil 28 0,80 x 1,90 x 61', 113, 2, 7, 266, 2, 61, 6556.73, 0, 10, 2, 5, 0, 0, 11516, 1, '', 113, 'marfil-28.jpg'),
(11517, 'Colchón  Marfil 28 0,90 x 1,90 x 28', 113, 1, 7, 113, 4, 15, 4678.01, 0, 10, 1, 5, 0, 0, 11515, 1, '', 113, 'marfil-28.jpg'),
(11518, 'Colchón con Sommier  Marfil 28 0,90 x 1,90 x 61', 113, 2, 7, 266, 4, 61, 7086.30, 0, 10, 2, 5, 0, 0, 11516, 1, '', 113, 'marfil-28.jpg'),
(11519, 'Colchón  Marfil 28 1,00 x 1,90 x 28', 113, 1, 7, 113, 6, 15, 5428.33, 0, 10, 1, 5, 0, 0, 11515, 1, '', 113, 'marfil-28.jpg'),
(11520, 'Colchón con Sommier  Marfil 28 1,00 x 1,90 x 61', 113, 2, 7, 266, 6, 61, 7959.90, 0, 10, 2, 5, 0, 0, 11516, 1, '', 113, 'marfil-28.jpg'),
(11521, 'Colchón  Marfil 28 1,30 x 1,90 x 28', 113, 1, 7, 113, 10, 15, 6138.72, 0, 10, 1, 5, 0, 0, 11515, 1, '', 113, 'marfil-28.jpg'),
(11522, 'Colchón con Sommier  Marfil 28 1,30 x 1,90 x 61', 113, 2, 7, 266, 10, 61, 9191.64, 0, 10, 2, 5, 0, 0, 11516, 1, '', 113, 'marfil-28.jpg'),
(11523, 'Colchón  Marfil 28 1,40 x 1,90 x 28', 113, 1, 7, 113, 13, 15, 7411.55, 0, 10, 1, 5, 0, 0, 11515, 1, '', 113, 'marfil-28.jpg'),
(11524, 'Colchón con Sommier  Marfil 28 1,40 x 1,90 x 61', 113, 2, 7, 266, 13, 61, 10595.98, 0, 10, 2, 5, 0, 0, 11516, 1, '', 113, 'marfil-28.jpg'),
(11525, 'Colchón  Marfil 28 1,50 x 1,90 x 28', 113, 1, 7, 113, 15, 15, 7867.14, 0, 10, 1, 5, 0, 0, 11515, 1, '', 113, 'marfil-28.jpg'),
(11526, 'Colchón con Sommier  Marfil 28 1,50 x 1,90 x 61', 113, 2, 7, 266, 15, 61, 11168.99, 0, 10, 2, 5, 0, 0, 11516, 1, '', 113, 'marfil-28.jpg'),
(11527, 'Colchón  Marfil 28 1,60 x 1,90 x 28', 113, 1, 7, 113, 17, 15, 9711.81, 0, 10, 1, 5, 0, 0, 11515, 1, '', 113, 'marfil-28.jpg'),
(11528, 'Colchón con Sommier  Marfil 28 1,60 x 1,90 x 61', 113, 2, 7, 266, 17, 61, 14090.40, 0, 10, 2, 5, 0, 0, 11516, 1, '', 113, 'marfil-28.jpg'),
(11529, 'Almohada  Thermosense 0,65 x 0,40 x 8', 135, 4, 1, 135, 22, 2, 598.84, 0, 10, 4, 1, 0, 0, 11529, 1, '', 135, 'alm-thermosense.jpg'),
(11535, 'Sábana  Percal 180 2,00 x 2,00 x 2', 150, 5, 15, 150, 21, 28, 1416.09, 0, 20, 5, 7, 0, 0, 11545, 1, '', 150, 'percal-180.jpg'),
(11542, 'Sábana  Percal 180 1,50 x 1,90 x 2', 150, 5, 15, 150, 15, 28, 1120.19, 0, 20, 5, 7, 0, 0, 11545, 1, '', 150, 'percal-180.jpg'),
(11545, 'Sábana  Percal 180 0,90 x 1,90 x 2', 150, 5, 15, 150, 4, 28, 881.82, 0, 20, 5, 7, 0, 0, 11545, 1, '', 150, 'percal-180.jpg'),
(11546, 'Sábana  Percal 180 1,60 x 2,00 x 2', 150, 5, 15, 150, 18, 28, 1319.80, 0, 20, 5, 7, 0, 0, 11545, 1, '', 150, 'percal-180.jpg'),
(11562, 'Sábana  Percal 200 1,50 x 1,90 x 2', 151, 5, 15, 151, 15, 28, 1232.91, 0, 20, 5, 7, 0, 0, 11562, 1, '', 151, 'percal-200.jpg'),
(11563, 'Sábana  Percal 200 1,60 x 2,00 x 2', 151, 5, 15, 151, 18, 28, 1479.49, 0, 20, 5, 7, 0, 0, 11562, 1, '', 151, 'percal-200.jpg'),
(11564, 'Sábana  Percal 200 2,00 x 2,00 x 2', 151, 5, 15, 151, 21, 28, 1538.20, 0, 20, 5, 7, 0, 0, 11562, 1, '', 151, 'percal-200.jpg'),
(11586, 'Frazada  Corderito 1,00 x 1,90 x 2', 155, 64, 15, 155, 6, 28, 1143.67, 0, 19, 5, 7, 0, 0, 11586, 1, '', 155, 'fra-corderito.jpg'),
(11587, 'Frazada  Corderito 1,60 x 2,00 x 2', 155, 64, 15, 155, 18, 28, 1569.91, 0, 19, 5, 7, 0, 0, 11586, 1, '', 155, 'fra-corderito.jpg'),
(11592, 'Almohada  Velvetine Clasica 0,70 x 0,40 x 8', 131, 4, 18, 131, 24, 2, 865.39, 0, 14, 4, 1, 0, 0, 11592, 1, '', 131, 'alm-velvetine-clasica.jpg'),
(11593, 'Colchón  Sensación 1,30 x 1,90 x 24', 60, 1, 12, 60, 10, 11, 6722.00, 0, 11, 1, 5, 0, 0, 3848, 1, '', 60, 'sensacion-col.jpg'),
(11594, 'Colchón  Sensación 1,50 x 1,90 x 24', 60, 1, 12, 60, 15, 11, 8148.00, 0, 11, 1, 5, 0, 0, 3848, 1, '', 60, 'sensacion-col.jpg'),
(11595, 'Colchón  Sensación 1,60 x 2,00 x 24', 60, 1, 12, 60, 18, 11, 9419.00, 0, 11, 1, 5, 0, 0, 3848, 1, '', 60, 'sensacion-col.jpg'),
(11596, 'Colchón  Sensación 1,80 x 2,00 x 24', 60, 1, 12, 60, 19, 11, 10815.00, 0, 11, 1, 5, 0, 0, 3848, 1, '', 60, 'sensacion-col.jpg'),
(11597, 'Colchón  Sensación 2,00 x 2,00 x 24', 60, 1, 12, 60, 21, 11, 12764.00, 0, 11, 1, 5, 0, 0, 3848, 1, '', 60, 'sensacion-col.jpg'),
(11598, 'Colchón con Sommier  Sensación 1,30 x 1,90 x 2', 60, 2, 12, 224, 10, 28, 9518.00, 0, 11, 2, 5, 0, 0, 3852, 1, '', 60, 'sensacion-col.jpg'),
(11599, 'Colchón con Sommier  Sensación 1,60 x 2,00 x 2', 60, 2, 12, 224, 18, 28, 14568.00, 0, 11, 2, 5, 0, 0, 3852, 1, '', 60, 'sensacion-col.jpg'),
(11600, 'Colchón con Sommier  Sensación 1,80 x 2,00 x 2', 60, 2, 12, 224, 19, 28, 16689.00, 0, 11, 2, 5, 0, 0, 3852, 1, '', 60, 'sensacion-col.jpg'),
(11601, 'Colchón con Sommier  Sensación 2,00 x 2,00 x 2', 60, 2, 12, 224, 21, 28, 19228.00, 0, 11, 2, 5, 0, 0, 3852, 1, '', 60, 'sensacion-col.jpg'),
(11602, 'Colchón  Premium 0,80 x 1,90 x 25', 61, 1, 12, 61, 2, 12, 5588.00, 0, 12, 1, 4, 0, 0, 11602, 1, '', 61, 'premium.jpg'),
(11603, 'Colchón  Premium 0,90 x 1,90 x 25', 61, 1, 12, 61, 4, 12, 6361.00, 0, 12, 1, 4, 0, 0, 11602, 1, '', 61, 'premium.jpg'),
(11604, 'Colchón  Premium 1,00 x 1,90 x 25', 61, 1, 12, 61, 6, 12, 7321.00, 0, 12, 1, 4, 0, 0, 11602, 1, '', 61, 'premium.jpg'),
(11605, 'Colchón  Premium 1,30 x 1,90 x 25', 61, 1, 12, 61, 10, 12, 8680.00, 0, 12, 1, 4, 0, 0, 11602, 1, '', 61, 'premium.jpg'),
(11606, 'Colchón  Premium 1,40 x 1,90 x 25', 61, 1, 12, 61, 13, 12, 10257.00, 0, 12, 1, 4, 0, 0, 11602, 1, '', 61, 'premium.jpg'),
(11607, 'Colchón  Premium 1,50 x 1,90 x 25', 61, 1, 12, 61, 15, 12, 10969.00, 0, 12, 1, 4, 0, 0, 11602, 1, '', 61, 'premium.jpg'),
(11608, 'Colchón  Premium 1,60 x 2,00 x 25', 61, 1, 12, 61, 18, 12, 12894.00, 0, 12, 1, 4, 0, 0, 11602, 1, '', 61, 'premium.jpg'),
(11609, 'Colchón  Premium 1,80 x 2,00 x 25', 61, 1, 12, 61, 19, 12, 15419.00, 0, 12, 1, 4, 0, 0, 11602, 1, '', 61, 'premium.jpg'),
(11610, 'Colchón  Premium 2,00 x 2,00 x 25', 61, 1, 12, 61, 21, 12, 17753.00, 0, 12, 1, 4, 0, 0, 11602, 1, '', 61, 'premium.jpg'),
(11611, 'Colchón con Sommier  Premium 0,80 x 1,90 x 2', 61, 2, 12, 225, 2, 28, 7917.00, 0, 12, 2, 4, 0, 0, 11611, 1, '', 61, 'premium.jpg'),
(11612, 'Colchón con Sommier  Premium 0,90 x 1,90 x 2', 61, 2, 12, 225, 4, 28, 8757.00, 0, 12, 2, 4, 0, 0, 11611, 1, '', 61, 'premium.jpg'),
(11613, 'Colchón con Sommier  Premium 1,00 x 1,90 x 2', 61, 2, 12, 225, 6, 28, 9851.00, 0, 12, 2, 4, 0, 0, 11611, 1, '', 61, 'premium.jpg'),
(11614, 'Colchón con Sommier  Premium 1,30 x 1,90 x 2', 61, 2, 12, 225, 10, 28, 11476.00, 0, 12, 2, 4, 0, 0, 11611, 1, '', 61, 'premium.jpg'),
(11615, 'Colchón con Sommier  Premium 1,40 x 1,90 x 2', 61, 2, 12, 225, 13, 28, 13270.00, 0, 12, 2, 4, 0, 0, 11611, 1, '', 61, 'premium.jpg'),
(11616, 'Colchón con Sommier  Premium 1,50 x 1,90 x 2', 61, 2, 12, 225, 15, 28, 14275.00, 0, 12, 2, 4, 0, 0, 11611, 1, '', 61, 'premium.jpg'),
(11617, 'Colchón con Sommier  Premium 1,60 x 2,00 x 2', 61, 2, 12, 225, 18, 28, 18044.00, 0, 12, 2, 4, 0, 0, 11611, 1, '', 61, 'premium.jpg'),
(11618, 'Colchón con Sommier  Premium 1,80 x 2,00 x 2', 61, 2, 12, 225, 19, 28, 21291.00, 0, 12, 2, 4, 0, 0, 11611, 1, '', 61, 'premium.jpg'),
(11619, 'Colchón con Sommier  Premium 2,00 x 2,00 x 2', 61, 2, 12, 225, 21, 28, 24216.00, 0, 12, 2, 4, 0, 0, 11611, 1, '', 61, 'premium.jpg'),
(11620, 'Colchón  Dynasty 0,80 x 1,90 x 29', 167, 1, 12, 167, 2, 16, 4974.00, 0, 4, 1, 5, 0, 0, 11620, 1, '', 167, 'dynasty-col.jpg'),
(11621, 'Colchón  Dynasty 0,90 x 1,90 x 29', 167, 1, 12, 167, 4, 16, 5489.00, 0, 4, 1, 5, 0, 0, 11620, 1, '', 167, 'dynasty-col.jpg'),
(11622, 'Colchón  Dynasty 1,00 x 1,90 x 29', 167, 1, 12, 167, 6, 16, 6114.00, 0, 4, 1, 5, 0, 0, 11620, 1, '', 167, 'dynasty-col.jpg'),
(11623, 'Colchón  Dynasty 1,30 x 1,90 x 29', 167, 1, 12, 167, 10, 16, 7428.00, 0, 4, 1, 5, 0, 0, 11620, 1, '', 167, 'dynasty-col.jpg'),
(11624, 'Colchón  Dynasty 1,40 x 1,90 x 29', 167, 1, 12, 167, 13, 16, 8228.00, 0, 4, 1, 5, 0, 0, 11620, 1, '', 167, 'dynasty-col.jpg'),
(11625, 'Colchón  Dynasty 1,50 x 1,90 x 29', 167, 1, 12, 167, 15, 16, 8804.00, 0, 4, 1, 5, 0, 0, 11620, 1, '', 167, 'dynasty-col.jpg'),
(11626, 'Colchón  Dynasty 1,60 x 2,00 x 29', 167, 1, 12, 167, 18, 16, 10227.00, 0, 4, 1, 5, 0, 0, 11620, 1, '', 167, 'dynasty-col.jpg'),
(11627, 'Colchón  Dynasty 1,80 x 2,00 x 29', 167, 1, 12, 167, 19, 16, 11254.00, 0, 4, 1, 5, 0, 0, 11620, 1, '', 167, 'dynasty-col.jpg'),
(11628, 'Colchón  Dynasty 2,00 x 2,00 x 29', 167, 1, 12, 167, 21, 16, 12911.00, 0, 4, 1, 5, 0, 0, 11620, 1, '', 167, 'dynasty-col.jpg'),
(11629, 'Colchón con Sommier  Dynasty 0,80 x 1,90 x 2', 167, 2, 12, 282, 2, 28, 7301.00, 0, 4, 2, 5, 0, 0, 11629, 1, '', 167, 'dynasty-col.jpg'),
(11630, 'Colchón con Sommier  Dynasty 0,90 x 1,90 x 2', 167, 2, 12, 282, 4, 28, 7884.00, 0, 4, 2, 5, 0, 0, 11629, 1, '', 167, 'dynasty-col.jpg'),
(11631, 'Colchón con Sommier  Dynasty 1,00 x 1,90 x 2', 167, 2, 12, 282, 6, 28, 8644.00, 0, 4, 2, 5, 0, 0, 11629, 1, '', 167, 'dynasty-col.jpg'),
(11632, 'Colchón con Sommier  Dynasty 1,30 x 1,90 x 2', 167, 2, 12, 282, 10, 28, 10225.00, 0, 4, 2, 5, 0, 0, 11629, 1, '', 167, 'dynasty-col.jpg'),
(11633, 'Colchón con Sommier  Dynasty 1,40 x 1,90 x 2', 167, 2, 12, 282, 13, 28, 11242.00, 0, 4, 2, 5, 0, 0, 11629, 1, '', 167, 'dynasty-col.jpg'),
(11634, 'Colchón con Sommier  Dynasty 1,50 x 1,90 x 2', 167, 2, 12, 282, 15, 28, 12111.00, 0, 4, 2, 5, 0, 0, 11629, 1, '', 167, 'dynasty-col.jpg'),
(11635, 'Colchón con Sommier  Dynasty 1,60 x 2,00 x 2', 167, 2, 12, 282, 18, 28, 15377.00, 0, 4, 2, 5, 0, 0, 11629, 1, '', 167, 'dynasty-col.jpg'),
(11636, 'Colchón con Sommier  Dynasty 1,80 x 2,00 x 2', 167, 2, 12, 282, 19, 28, 17126.00, 0, 4, 2, 5, 0, 0, 11629, 1, '', 167, 'dynasty-col.jpg'),
(11637, 'Colchón con Sommier  Dynasty 2,00 x 2,00 x 2', 167, 2, 12, 282, 21, 28, 19373.00, 0, 4, 2, 5, 0, 0, 11629, 1, '', 167, 'dynasty-col.jpg'),
(11638, 'Colchón  Realeza Exclusive 0,80 x 1,90 x 35', 166, 1, 12, 166, 2, 22, 6959.00, 0, 4, 1, 4, 0, 0, 11638, 1, '', 166, 'realeza-exclusive-colchon.jpg'),
(11639, 'Colchón  Realeza Exclusive 0,90 x 1,90 x 35', 166, 1, 12, 166, 4, 22, 7675.00, 0, 4, 1, 4, 0, 0, 11638, 1, '', 166, 'realeza-exclusive-colchon.jpg'),
(11640, 'Colchón  Realeza Exclusive 1,00 x 1,90 x 35', 166, 1, 12, 166, 6, 22, 8566.00, 0, 4, 1, 4, 0, 0, 11638, 1, '', 166, 'realeza-exclusive-colchon.jpg'),
(11641, 'Colchón  Realeza Exclusive 1,30 x 1,90 x 35', 166, 1, 12, 166, 10, 22, 11100.00, 0, 4, 1, 4, 0, 0, 11638, 1, '', 166, 'realeza-exclusive-colchon.jpg'),
(11642, 'Colchón  Realeza Exclusive 1,40 x 1,90 x 35', 166, 1, 12, 166, 13, 22, 12004.00, 0, 4, 1, 4, 0, 0, 11638, 1, '', 166, 'realeza-exclusive-colchon.jpg'),
(11643, 'Colchón  Realeza Exclusive 1,50 x 1,90 x 35', 166, 1, 12, 166, 15, 22, 13491.00, 0, 4, 1, 4, 0, 0, 11638, 1, '', 166, 'realeza-exclusive-colchon.jpg'),
(11644, 'Colchón  Realeza Exclusive 1,60 x 2,00 x 35', 166, 1, 12, 166, 18, 22, 14737.00, 0, 4, 1, 4, 0, 0, 11638, 1, '', 166, 'realeza-exclusive-colchon.jpg'),
(11645, 'Colchón  Realeza Exclusive 1,80 x 2,00 x 35', 166, 1, 12, 166, 19, 22, 16610.00, 0, 4, 1, 4, 0, 0, 11638, 1, '', 166, 'realeza-exclusive-colchon.jpg'),
(11646, 'Colchón  Realeza Exclusive 2,00 x 2,00 x 35', 166, 1, 12, 166, 21, 22, 18385.00, 0, 4, 1, 4, 0, 0, 11638, 1, '', 166, 'realeza-exclusive-colchon.jpg'),
(11647, 'Colchón con Sommier  Realeza Exclusive 0,80 x 1,90 x 2', 166, 2, 12, 281, 2, 28, 9286.00, 0, 4, 2, 4, 0, 0, 11647, 1, '', 166, 'realeza-exclusive-colchon.jpg'),
(11648, 'Colchón con Sommier  Realeza Exclusive 0,90 x 1,90 x 2', 166, 2, 12, 281, 4, 28, 10070.00, 0, 4, 2, 4, 0, 0, 11647, 1, '', 166, 'realeza-exclusive-colchon.jpg'),
(11649, 'Colchón con Sommier  Realeza Exclusive 1,00 x 1,90 x 2', 166, 2, 12, 281, 6, 28, 12378.00, 0, 4, 2, 4, 0, 0, 11647, 1, '', 166, 'realeza-exclusive-colchon.jpg'),
(11650, 'Colchón con Sommier  Realeza Exclusive 1,30 x 1,90 x 2', 166, 2, 12, 281, 10, 28, 13897.00, 0, 4, 2, 4, 0, 0, 11647, 1, '', 166, 'realeza-exclusive-colchon.jpg'),
(11651, 'Colchón con Sommier  Realeza Exclusive 1,40 x 1,90 x 2', 166, 2, 12, 281, 13, 28, 15017.00, 0, 4, 2, 4, 0, 0, 11647, 1, '', 166, 'realeza-exclusive-colchon.jpg'),
(11652, 'Colchón con Sommier  Realeza Exclusive 1,50 x 1,90 x 2', 166, 2, 12, 281, 15, 28, 16796.00, 0, 4, 2, 4, 0, 0, 11647, 1, '', 166, 'realeza-exclusive-colchon.jpg'),
(11653, 'Colchón con Sommier  Realeza Exclusive 1,60 x 2,00 x 2', 166, 2, 12, 281, 18, 28, 19887.00, 0, 4, 2, 4, 1, 0, 11647, 1, '', 166, 'realeza-exclusive-colchon.jpg'),
(11654, 'Colchón con Sommier  Realeza Exclusive 1,80 x 2,00 x 2', 166, 2, 12, 281, 19, 28, 22482.00, 0, 4, 2, 4, 0, 0, 11647, 1, '', 166, 'realeza-exclusive-colchon.jpg'),
(11655, 'Colchón con Sommier  Realeza Exclusive 2,00 x 2,00 x 2', 166, 2, 12, 281, 21, 28, 24848.00, 0, 4, 2, 4, 0, 0, 11647, 1, '', 166, 'realeza-exclusive-colchon.jpg'),
(11656, 'Colchón  Realeza Euro Top 1,40 x 1,90 x 31', 64, 1, 12, 64, 13, 18, 10131.00, 0, 4, 1, 4, 0, 0, 11656, 1, '', 64, 'realeza.jpg'),
(11657, 'Colchón  Realeza Euro Top 1,50 x 1,90 x 31', 64, 1, 12, 64, 15, 18, 11375.00, 0, 4, 1, 4, 0, 0, 11656, 1, '', 64, 'realeza.jpg'),
(11658, 'Colchón  Realeza Euro Top 1,60 x 2,00 x 31', 64, 1, 12, 64, 18, 18, 12351.00, 0, 4, 1, 4, 0, 0, 11656, 1, '', 64, 'realeza.jpg'),
(11659, 'Colchón  Realeza Euro Top 1,80 x 2,00 x 31', 64, 1, 12, 64, 19, 18, 14365.00, 0, 4, 1, 4, 0, 0, 11656, 1, '', 64, 'realeza.jpg'),
(11660, 'Colchón  Realeza Euro Top 2,00 x 2,00 x 31', 64, 1, 12, 64, 21, 18, 16179.00, 0, 4, 1, 4, 0, 0, 11656, 1, '', 64, 'realeza.jpg'),
(11661, 'Colchón con Sommier  Realeza Euro Top 1,40 x 1,90 x 2', 64, 2, 12, 226, 13, 28, 13145.00, 0, 4, 2, 4, 0, 0, 11661, 1, '', 64, 'realeza.jpg'),
(11662, 'Colchón con Sommier  Realeza Euro Top 1,50 x 1,90 x 2', 64, 2, 12, 226, 15, 28, 14680.00, 0, 4, 2, 4, 0, 1, 11661, 1, '', 64, 'realeza.jpg'),
(11663, 'Colchón con Sommier  Realeza Euro Top 1,60 x 2,00 x 2', 64, 2, 12, 226, 18, 28, 17501.00, 0, 4, 2, 4, 0, 0, 11661, 1, '', 64, 'realeza.jpg'),
(11664, 'Colchón con Sommier  Realeza Euro Top 1,80 x 2,00 x 2', 64, 2, 12, 226, 19, 28, 20238.00, 0, 4, 2, 4, 0, 0, 11661, 1, '', 64, 'realeza.jpg'),
(11665, 'Colchón con Sommier  Realeza Euro Top 2,00 x 2,00 x 2', 64, 2, 12, 226, 21, 28, 22642.00, 0, 4, 2, 4, 0, 0, 11661, 1, '', 64, 'realeza.jpg'),
(11666, 'Colchón  Imperio Pillow Top 1,40 x 1,90 x 29', 63, 1, 12, 63, 13, 16, 7123.00, 0, 4, 1, 4, 0, 0, 11666, 1, '', 63, 'imperio-col.jpg'),
(11667, 'Colchón  Imperio Pillow Top 1,60 x 2,00 x 29', 63, 1, 12, 63, 18, 16, 11359.00, 0, 4, 1, 4, 0, 0, 11666, 1, '', 63, 'imperio-col.jpg'),
(11668, 'Colchón  Imperio Pillow Top 1,80 x 2,00 x 29', 63, 1, 12, 63, 19, 16, 12407.00, 0, 4, 1, 4, 0, 0, 11666, 1, '', 63, 'imperio-col.jpg'),
(11669, 'Colchón  Imperio Pillow Top 2,00 x 2,00 x 29', 63, 1, 12, 63, 21, 16, 14143.00, 0, 4, 1, 4, 0, 0, 11666, 1, '', 63, 'imperio-col.jpg'),
(11670, 'Colchón con Sommier  Imperio 1,40 x 1,90 x 2', 63, 2, 12, 304, 13, 28, 10136.00, 0, 4, 2, 4, 0, 0, 11670, 1, '', 63, 'imperio-col.jpg'),
(11671, 'Colchón con Sommier  Imperio 1,60 x 2,00 x 2', 63, 2, 12, 304, 18, 28, 16510.00, 0, 4, 2, 4, 0, 0, 11670, 1, '', 63, 'imperio-col.jpg'),
(11672, 'Colchón con Sommier  Imperio 1,80 x 2,00 x 2', 63, 2, 12, 304, 19, 28, 18280.00, 0, 4, 2, 4, 0, 0, 11670, 1, '', 63, 'imperio-col.jpg'),
(11673, 'Colchón con Sommier  Imperio 2,00 x 2,00 x 2', 63, 2, 12, 304, 21, 28, 20606.00, 0, 4, 2, 4, 0, 0, 11670, 1, '', 63, 'imperio-col.jpg'),
(11674, 'Colchón  Cardigan 1,40 x 1,90 x 30', 165, 1, 12, 165, 13, 17, 9124.00, 0, 4, 1, 5, 0, 0, 11674, 1, '', 165, 'cardigan.jpg'),
(11675, 'Colchón  Cardigan 1,60 x 2,00 x 30', 165, 1, 12, 165, 18, 17, 11359.00, 0, 4, 1, 5, 0, 0, 11674, 1, '', 165, 'cardigan.jpg'),
(11676, 'Colchón  Cardigan 1,80 x 2,00 x 30', 165, 1, 12, 165, 19, 17, 12407.00, 0, 4, 1, 5, 0, 0, 11674, 1, '', 165, 'cardigan.jpg'),
(11677, 'Colchón  Cardigan 2,00 x 2,00 x 30', 165, 1, 12, 165, 21, 17, 14143.00, 0, 4, 1, 5, 0, 0, 11674, 1, '', 165, 'cardigan.jpg'),
(11678, 'Colchón con Sommier  Cardigan 1,40 x 1,90 x 2', 165, 2, 23, 280, 13, 28, 11560.00, 0, 16, 2, 5, 0, 0, 11678, 1, '', 165, 'cardigan.jpg'),
(11679, 'Colchón con Sommier  Cardigan 1,60 x 2,00 x 2', 165, 2, 23, 280, 18, 28, 15723.71, 0, 16, 2, 5, 0, 0, 11678, 1, '', 165, 'cardigan.jpg'),
(11680, 'Colchón con Sommier  Cardigan 1,80 x 2,00 x 2', 165, 2, 23, 280, 19, 28, 17409.86, 0, 16, 2, 5, 0, 0, 11678, 1, '', 165, 'cardigan.jpg'),
(11681, 'Colchón con Sommier  Cardigan 2,00 x 2,00 x 2', 165, 2, 23, 280, 21, 28, 19624.40, 0, 16, 2, 5, 0, 0, 11678, 1, '', 165, 'cardigan.jpg'),
(11682, 'Colchón  Exclusive Pillow Top 1,50 x 1,90 x 29', 13, 1, 5, 13, 15, 16, 7964.00, 0, 10, 1, 5, 0, 0, 3362, 1, '', 13, 'exclusive-pillow.jpg'),
(11683, 'Colchón  Exclusive Pillow Top 1,60 x 2,00 x 25', 13, 1, 5, 13, 18, 12, 9695.00, 0, 10, 1, 5, 0, 0, 3362, 1, '', 13, 'exclusive-pillow.jpg'),
(11684, 'Colchón  Exclusive Pillow Top 1,80 x 2,00 x 29', 13, 1, 5, 13, 19, 16, 11622.00, 0, 10, 1, 5, 0, 0, 3362, 1, '', 13, 'exclusive-pillow.jpg'),
(11686, 'Colchón con Sommier  Exclusive Pillow Top 1,40 x 1,90 x 60', 13, 2, 5, 184, 13, 60, 11129.00, 0, 10, 2, 5, 0, 0, 11686, 1, '', 13, 'exclusive-pillow.jpg'),
(11687, 'Colchón con Sommier  Exclusive Pillow Top 1,50 x 1,90 x 60', 13, 2, 5, 184, 15, 60, 12097.00, 0, 10, 2, 5, 0, 0, 11686, 1, '', 13, 'exclusive-pillow.jpg'),
(11688, 'Colchón con Sommier  Exclusive Pillow Top 1,60 x 2,00 x 60', 13, 2, 5, 184, 18, 60, 15728.00, 0, 10, 2, 5, 0, 0, 11686, 1, '', 13, 'exclusive-pillow.jpg'),
(11689, 'Colchón con Sommier  Exclusive Pillow Top 1,80 x 2,00 x 60', 13, 2, 5, 184, 19, 60, 17947.00, 0, 10, 2, 5, 0, 0, 11686, 1, '', 13, 'exclusive-pillow.jpg'),
(11690, 'Colchón con Sommier  Exclusive Pillow Top 2,00 x 2,00 x 60', 13, 2, 5, 184, 21, 60, 19418.00, 0, 10, 2, 5, 0, 0, 11686, 1, '', 13, 'exclusive-pillow.jpg'),
(11693, 'Colchón con Sommier  Exclusive 1,80 x 2,00 x 56', 12, 2, 5, 183, 19, 56, 16196.00, 0, 10, 2, 5, 0, 0, 3828, 1, '', 12, 'exclusive.jpg'),
(11694, 'Colchón con Sommier  Exclusive 2,00 x 2,00 x 56', 12, 2, 5, 183, 21, 56, 18472.00, 0, 10, 2, 5, 0, 0, 3828, 1, '', 12, 'exclusive.jpg'),
(11695, 'Colchón  Renovation 1,60 x 2,00 x 26', 14, 1, 5, 14, 18, 13, 8846.00, 0, 11, 1, 6, 0, 0, 3817, 1, '', 14, 'renovation.jpg'),
(11696, 'Colchón  Renovation 1,80 x 2,00 x 26', 14, 1, 5, 14, 19, 13, 9939.00, 0, 11, 1, 6, 0, 0, 3817, 1, '', 14, 'renovation.jpg'),
(11697, 'Colchón  Renovation 2,00 x 2,00 x 26', 14, 1, 5, 14, 21, 13, 11045.00, 0, 11, 1, 6, 0, 0, 3817, 1, '', 14, 'renovation.jpg'),
(11698, 'Colchón con Sommier  Renovation 1,80 x 2,00 x 57', 14, 2, 5, 185, 19, 57, 17117.49, 0, 11, 2, 6, 0, 0, 3822, 1, '', 14, 'renovation.jpg'),
(11699, 'Colchón con Sommier  Renovation 2,00 x 2,00 x 57', 14, 2, 5, 185, 21, 57, 18609.90, 0, 11, 2, 6, 0, 0, 3822, 1, '', 14, 'renovation.jpg'),
(11700, 'Colchón  Platino 1,50 x 1,90 x 25', 16, 1, 5, 16, 15, 12, 6189.27, 0, 4, 1, 3, 0, 0, 3856, 1, '', 16, 'platino.jpg'),
(11701, 'Colchón  Platino 1,60 x 2,00 x 25', 16, 1, 5, 16, 18, 12, 7599.34, 0, 4, 1, 3, 0, 0, 3856, 1, '', 16, 'platino.jpg'),
(11702, 'Colchón  Platino 1,80 x 2,00 x 25', 16, 1, 5, 16, 19, 12, 8290.47, 0, 4, 1, 3, 0, 0, 3856, 1, '', 16, 'platino.jpg'),
(11703, 'Colchón  Platino 2,00 x 2,00 x 25', 16, 1, 5, 16, 21, 12, 9093.87, 0, 4, 1, 3, 0, 0, 3856, 1, '', 16, 'platino.jpg'),
(11704, 'Colchón  Platino 1,30 x 1,90 x 25', 16, 1, 5, 16, 10, 12, 4653.54, 0, 4, 1, 3, 0, 0, 3856, 1, '', 16, 'platino.jpg'),
(11705, 'Colchón con Sommier  Platino 1,30 x 1,90 x 57', 16, 2, 5, 187, 10, 57, 7940.27, 0, 4, 2, 3, 0, 0, 3861, 1, '', 16, 'platino.jpg'),
(11706, 'Colchón con Sommier  Platino 1,60 x 2,00 x 57', 16, 2, 5, 187, 18, 57, 11191.98, 0, 4, 2, 3, 0, 0, 3861, 1, '', 16, 'platino.jpg'),
(11707, 'Colchón con Sommier  Platino 1,80 x 2,00 x 57', 16, 2, 5, 187, 19, 57, 12067.48, 0, 4, 2, 3, 0, 0, 3861, 1, '', 16, 'platino.jpg'),
(11708, 'Colchón con Sommier  Platino 2,00 x 2,00 x 57', 16, 2, 5, 187, 21, 57, 13000.66, 0, 4, 2, 3, 0, 0, 3861, 1, '', 16, 'platino.jpg'),
(11709, 'Colchón  Doral Pillow Top 2,00 x 2,00 x 33', 18, 1, 5, 18, 21, 20, 11594.71, 0, 4, 1, 4, 0, 0, 3426, 1, '', 18, 'doral-pillow.jpg'),
(11710, 'Colchón con Sommier  Doral Pillow Top 2,00 x 2,00 x 63', 18, 2, 5, 189, 21, 63, 17103.15, 0, 4, 2, 4, 0, 0, 3428, 1, '', 18, 'doral-pillow.jpg'),
(11711, 'Colchón  Doral 1,30 x 1,90 x 27', 17, 1, 5, 17, 10, 14, 5417.80, 0, 4, 1, 3, 0, 0, 3422, 1, '', 17, 'doral.jpg'),
(11712, 'Colchón  Doral 1,60 x 2,00 x 27', 17, 1, 5, 17, 18, 14, 7867.14, 0, 4, 1, 3, 0, 0, 3422, 1, '', 17, 'doral.jpg'),
(11713, 'Colchón  Doral 2,00 x 2,00 x 27', 17, 1, 5, 17, 21, 14, 8639.64, 0, 4, 1, 3, 0, 0, 3422, 1, '', 17, 'doral.jpg'),
(11714, 'Colchón con Sommier  Doral 1,30 x 1,90 x 57', 17, 2, 5, 188, 10, 57, 8749.85, 0, 4, 2, 3, 0, 0, 3314, 1, '', 17, 'doral.jpg'),
(11715, 'Colchón con Sommier  Doral 1,60 x 2,00 x 57', 17, 2, 5, 188, 18, 57, 12850.28, 0, 4, 2, 3, 0, 0, 3314, 1, '', 17, 'doral.jpg'),
(11716, 'Colchón con Sommier  Doral 2,00 x 2,00 x 57', 17, 2, 5, 188, 21, 57, 14148.08, 0, 4, 2, 3, 0, 0, 3314, 1, '', 17, 'doral.jpg'),
(11717, 'Colchón  Platino 0,90 x 1,90 x 25', 16, 1, 5, 16, 4, 12, 4018.03, 0, 4, 1, 3, 0, 0, 3856, 1, '', 16, 'platino.jpg'),
(11718, 'Colchón  Platino 1,00 x 1,90 x 25', 16, 1, 5, 16, 6, 12, 4271.41, 0, 4, 1, 3, 0, 0, 3856, 1, '', 16, 'platino.jpg'),
(11719, 'Colchón  Exclusive Pillow Top 2,00 x 2,00 x 25', 13, 1, 5, 13, 21, 12, 12791.00, 0, 10, 1, 5, 0, 0, 3362, 1, '', 13, 'exclusive-pillow.jpg'),
(11720, 'Colchón  Fit Memory 0,80 x 1,90 x 25', 162, 1, 21, 162, 2, 12, 8244.00, 0, 16, 1, 1, 0, 0, 11720, 1, '', 162, 'fitmemory-1.jpg'),
(11721, 'Colchón  Fit Memory 0,90 x 1,90 x 25', 162, 1, 21, 162, 4, 12, 8715.00, 0, 16, 1, 1, 0, 0, 11720, 1, '', 162, 'fitmemory-1.jpg'),
(11722, 'Colchón  Fit Memory 1,00 x 1,90 x 25', 162, 1, 21, 162, 6, 12, 9186.00, 0, 16, 1, 1, 0, 0, 11720, 1, '', 162, 'fitmemory-1.jpg'),
(11723, 'Colchón  Fit Memory 1,30 x 1,90 x 25', 162, 1, 21, 162, 10, 12, 11463.00, 0, 16, 1, 1, 0, 0, 11720, 1, '', 162, 'fitmemory-1.jpg'),
(11724, 'Colchón  Fit Memory 1,40 x 1,90 x 25', 162, 1, 21, 162, 13, 12, 11463.00, 0, 16, 1, 1, 0, 0, 11720, 1, '', 162, 'fitmemory-1.jpg'),
(11725, 'Colchón  Fit Memory 1,50 x 1,90 x 25', 162, 1, 21, 162, 15, 12, 12327.00, 0, 16, 1, 1, 0, 0, 11720, 1, '', 162, 'fitmemory-1.jpg'),
(11726, 'Colchón  Fit Memory 1,60 x 2,00 x 25', 162, 1, 21, 162, 18, 12, 13112.00, 0, 16, 1, 1, 0, 0, 11720, 1, '', 162, 'fitmemory-1.jpg'),
(11727, 'Colchón  Fit Memory 1,80 x 2,00 x 25', 162, 1, 21, 162, 19, 12, 14840.00, 0, 16, 1, 1, 0, 0, 11720, 1, '', 162, 'fitmemory-1.jpg'),
(11728, 'Colchón  Fit Memory 2,00 x 2,00 x 25', 162, 1, 21, 162, 21, 12, 16646.00, 0, 16, 1, 1, 0, 0, 11720, 1, '', 162, 'fitmemory-1.jpg'),
(11738, 'Sommier con carrito y colchon superior DUOBED 0,90 x 2,00 x 68', 161, 6, 3, 161, 5, 68, 23990.00, 0, 4, 6, 4, 1, 0, 11738, 1, '', 161, 'duobed-5-1.jpg'),
(11739, 'Colchón  Shankar 1,40 x 1,90 x 30', 169, 1, 22, 169, 13, 17, 16654.00, 0, 3, 1, 5, 0, 0, 11739, 1, '', 169, 'shankar-00.jpg'),
(11740, 'Colchón con Sommier  Shankar 1,40 x 1,90 x 2', 169, 2, 22, 285, 13, 28, 19842.00, 0, 4, 2, 5, 0, 0, 11740, 1, '', 169, 'shankar-00.jpg'),
(11741, 'Colchón  Shankar 1,60 x 2,00 x 30', 169, 1, 22, 169, 18, 17, 19229.00, 0, 3, 1, 5, 0, 0, 11739, 1, '', 169, 'shankar-00.jpg'),
(11742, 'Colchón con Sommier  Shankar 1,60 x 2,00 x 2', 169, 2, 22, 285, 18, 69, 24223.00, 0, 4, 2, 5, 0, 0, 11740, 1, '', 169, 'shankar-00.jpg'),
(11745, 'Colchón  Shankar 2,00 x 2,00 x 30', 169, 1, 22, 169, 21, 17, 23135.00, 0, 3, 1, 5, 0, 0, 11739, 1, '', 169, 'shankar-00.jpg'),
(11746, 'Colchón con Sommier  Shankar 2,00 x 2,00 x 2', 169, 2, 22, 285, 21, 69, 2858.00, 0, 4, 2, 5, 0, 0, 11740, 1, '', 169, 'shankar-00.jpg'),
(11747, 'Sommier mas cama auxilar Multispace 0,90 x 1,90 x 60', 172, 6, 8, 172, 4, 60, 12550.00, 0, 10, 6, 3, 0, 0, 11747, 1, '', 172, 'multispace.jpg'),
(11748, 'Sommier mas cama auxilar Space 0,90 x 1,90 x 60', 174, 6, 11, 174, 4, 60, 15872.00, 0, 4, 6, 5, 0, 0, 11748, 1, '', 174, 'space-det.jpg'),
(11749, 'Colchón con Sommier  BonellTop 2,00 x 2,00 x 63', 40, 2, 4, 207, 21, 63, 29015.00, 0, 4, 2, 3, 0, 0, 198, 1, '', 40, 'bonelltop.jpg'),
(11750, 'Colchón con Sommier  LC 500 1,40 x 1,90 x 64', 44, 2, 4, 211, 13, 64, 20637.00, 0, 4, 2, 3, 0, 0, 522, 1, '', 44, 'lc500-00.jpg'),
(11751, 'Colchón con Sommier  LC 500 1,50 x 2,00 x 64', 44, 2, 4, 211, 16, 64, 24019.00, 0, 4, 2, 3, 0, 0, 522, 1, '', 44, 'lc500-00.jpg'),
(11752, 'Colchón con Sommier  LC 500 1,60 x 1,90 x 64', 44, 2, 4, 211, 17, 64, 25485.00, 0, 4, 2, 3, 0, 0, 522, 1, '', 44, 'lc500-00.jpg'),
(11753, 'Colchón con Sommier  LC 500 1,60 x 2,00 x 64', 44, 2, 4, 211, 18, 64, 28038.00, 0, 4, 2, 3, 0, 0, 522, 1, '', 44, 'lc500-00.jpg'),
(11754, 'Colchón con Sommier  LC 500 1,80 x 2,00 x 64', 44, 2, 4, 211, 19, 64, 31442.00, 2, 4, 2, 3, 0, 0, 522, 1, '', 44, 'lc500-00.jpg'),
(11755, 'Colchón con Sommier  LC 500 2,00 x 2,00 x 64', 44, 2, 4, 211, 21, 64, 33590.00, 0, 4, 2, 3, 0, 0, 522, 1, '', 44, 'lc500-00.jpg'),
(11756, 'Colchón con Sommier  Privelle 0,80 x 1,90 x 62', 39, 2, 4, 206, 2, 62, 10591.00, 0, 4, 2, 3, 0, 0, 11756, 1, '', 39, 'privelle-00.jpg'),
(11757, 'Colchón con Sommier  Privelle 0,90 x 1,90 x 62', 39, 2, 4, 206, 4, 62, 11580.00, 0, 4, 2, 3, 0, 0, 11756, 1, '', 39, 'privelle-00.jpg'),
(11758, 'Colchón con Sommier  Privelle 1,00 x 1,90 x 62', 39, 2, 4, 206, 6, 62, 12471.00, 0, 4, 2, 3, 0, 0, 11756, 1, '', 39, 'privelle-00.jpg'),
(11759, 'Colchón con Sommier  Privelle 1,20 x 1,90 x 62', 39, 2, 4, 206, 8, 62, 14173.00, 0, 4, 2, 3, 0, 0, 11756, 1, '', 39, 'privelle-00.jpg'),
(11760, 'Colchón con Sommier  Privelle 1,30 x 1,90 x 62', 39, 2, 4, 206, 10, 62, 15067.00, 0, 4, 2, 3, 0, 0, 11756, 1, '', 39, 'privelle-00.jpg'),
(11761, 'Colchón con Sommier  Privelle 1,40 x 1,90 x 62', 39, 2, 4, 206, 13, 62, 15878.00, 0, 4, 2, 3, 0, 0, 11756, 1, '', 39, 'privelle-00.jpg'),
(11762, 'Colchón con Sommier  Privelle 1,50 x 1,90 x 62', 39, 2, 4, 206, 15, 62, 16780.00, 0, 4, 2, 3, 0, 1, 11756, 1, '', 39, 'privelle-00.jpg'),
(11763, 'Colchón con Sommier  Privelle 1,60 x 1,90 x 62', 39, 2, 4, 206, 17, 62, 20096.00, 0, 4, 2, 3, 0, 0, 11756, 1, '', 39, 'privelle-00.jpg'),
(11764, 'Colchón con Sommier  Privelle 1,60 x 2,00 x 62', 39, 2, 4, 206, 18, 62, 22105.00, 0, 4, 2, 3, 0, 0, 11756, 1, '', 39, 'privelle-00.jpg'),
(11765, 'Colchón con Sommier  Privelle 1,80 x 2,00 x 62', 39, 2, 4, 206, 19, 62, 24594.00, 0, 4, 2, 3, 0, 0, 11756, 1, '', 39, 'privelle-00.jpg'),
(11766, 'Colchón con Sommier  Privelle 2,00 x 2,00 x 62', 39, 2, 4, 206, 21, 62, 26245.00, 0, 4, 2, 3, 0, 0, 11756, 1, '', 39, 'privelle-00.jpg'),
(11767, 'Colchón con Sommier  LC 1000 0,80 x 1,90 x 66', 45, 2, 4, 212, 2, 66, 19264.00, 0, 3, 2, 5, 0, 0, 11767, 1, '', 45, 'lc1000-00.jpg'),
(11768, 'Colchón con Sommier  LC 1000 0,90 x 1,90 x 66', 45, 2, 4, 212, 4, 66, 21270.00, 0, 3, 2, 5, 0, 0, 11767, 1, '', 45, 'lc1000-00.jpg'),
(11769, 'Colchón con Sommier  LC 1000 1,00 x 1,90 x 66', 45, 2, 4, 212, 6, 66, 23032.00, 0, 3, 2, 5, 0, 0, 11767, 1, '', 45, 'lc1000-00.jpg'),
(11770, 'Colchón con Sommier  LC 1000 1,20 x 1,90 x 66', 45, 2, 4, 212, 8, 66, 26336.00, 0, 3, 2, 5, 0, 0, 11767, 1, '', 45, 'lc1000-00.jpg'),
(11771, 'Colchón con Sommier  LC 1000 1,30 x 1,90 x 66', 45, 2, 4, 212, 10, 66, 28102.00, 2, 3, 2, 5, 0, 0, 11767, 1, '', 45, 'lc1000-00.jpg'),
(11772, 'Colchón con Sommier  LC 1000 1,40 x 1,90 x 66', 45, 2, 4, 212, 13, 66, 29783.00, 0, 3, 2, 5, 0, 0, 11767, 1, '', 45, 'lc1000-00.jpg'),
(11773, 'Colchón con Sommier  LC 1000 1,50 x 1,90 x 66', 45, 2, 4, 212, 15, 66, 31556.00, 0, 3, 2, 5, 0, 0, 11767, 1, '', 45, 'lc1000-00.jpg'),
(11774, 'Colchón con Sommier  LC 1000 1,50 x 2,00 x 66', 45, 2, 4, 212, 16, 66, 34713.00, 0, 3, 2, 5, 0, 0, 11767, 1, '', 45, 'lc1000-00.jpg'),
(11775, 'Colchón con Sommier  LC 1000 1,60 x 1,90 x 66', 45, 2, 4, 212, 17, 66, 35782.00, 0, 3, 2, 5, 0, 0, 11767, 1, '', 45, 'lc1000-00.jpg'),
(11776, 'Colchón con Sommier  LC 1000 1,60 x 2,00 x 66', 45, 2, 4, 212, 18, 66, 39361.00, 0, 3, 2, 5, 1, 1, 11767, 1, '', 45, 'lc1000-00.jpg'),
(11777, 'Colchón con Sommier  LC 1000 1,80 x 2,00 x 66', 45, 2, 4, 212, 19, 66, 44556.00, 2, 3, 2, 5, 0, 0, 11767, 1, '', 45, 'lc1000-00.jpg'),
(11778, 'Colchón con Sommier  LC 1000 2,00 x 2,00 x 66', 45, 2, 4, 212, 21, 66, 47680.00, 0, 3, 2, 5, 0, 0, 11767, 1, '', 45, 'lc1000-00.jpg'),
(11779, 'Colchón con Sommier  Primor de Luxe 0,80 x 1,90 x 60', 38, 2, 4, 205, 2, 60, 9505.00, 0, 4, 2, 3, 0, 0, 11779, 1, '', 38, 'primor-00.jpg'),
(11780, 'Colchón con Sommier  Primor de Luxe 0,90 x 1,90 x 60', 38, 2, 4, 205, 4, 60, 10366.00, 0, 4, 2, 3, 0, 0, 11779, 1, '', 38, 'primor-00.jpg'),
(11781, 'Colchón con Sommier  Primor de Luxe 1,00 x 1,90 x 60', 38, 2, 4, 205, 6, 60, 11151.00, 0, 4, 2, 3, 0, 0, 11779, 1, '', 38, 'primor-00.jpg'),
(11782, 'Colchón con Sommier  Primor de Luxe 1,20 x 1,90 x 60', 38, 2, 4, 205, 8, 60, 12652.00, 0, 4, 2, 3, 0, 0, 11779, 1, '', 38, 'primor-00.jpg'),
(11783, 'Colchón con Sommier  Primor de Luxe 1,30 x 1,90 x 60', 38, 2, 4, 205, 10, 60, 13435.00, 0, 4, 2, 3, 0, 0, 11779, 1, '', 38, 'primor-00.jpg'),
(11784, 'Colchón con Sommier  Primor de Luxe 1,40 x 1,90 x 60', 38, 2, 4, 205, 13, 60, 14136.00, 0, 4, 2, 3, 0, 0, 11779, 1, '', 38, 'primor-00.jpg'),
(11785, 'Colchón con Sommier  Primor de Luxe 1,50 x 1,90 x 60', 38, 2, 4, 205, 15, 60, 14930.00, 0, 4, 2, 3, 0, 1, 11779, 1, '', 38, 'primor-00.jpg'),
(11786, 'Colchón con Sommier  Primor de Luxe 1,60 x 1,90 x 60', 38, 2, 4, 205, 17, 60, 18136.00, 0, 4, 2, 3, 0, 0, 11779, 1, '', 38, 'primor-00.jpg'),
(11787, 'Colchón con Sommier  Primor de Luxe 1,60 x 2,00 x 60', 38, 2, 4, 205, 18, 60, 19949.00, 0, 4, 2, 3, 0, 0, 11779, 1, '', 38, 'primor-00.jpg'),
(11788, 'Colchón con Sommier  Primor de Luxe 1,80 x 2,00 x 60', 38, 2, 4, 205, 19, 60, 22096.00, 0, 4, 2, 3, 0, 0, 11779, 1, '', 38, 'primor-00.jpg'),
(11789, 'Colchón con Sommier  Primor de Luxe 2,00 x 2,00 x 60', 38, 2, 4, 205, 21, 60, 23565.00, 0, 4, 2, 3, 0, 0, 11779, 1, '', 38, 'primor-00.jpg'),
(11790, 'Colchón con Sommier  Nouvelle 0,80 x 1,90 x 62', 41, 2, 4, 208, 2, 62, 13058.00, 0, 3, 2, 4, 0, 0, 11790, 1, '', 41, 'nouvelle.jpg'),
(11791, 'Colchón con Sommier  Nouvelle 0,90 x 1,90 x 62', 41, 2, 4, 208, 4, 62, 14340.00, 0, 3, 2, 4, 0, 0, 11790, 1, '', 41, 'nouvelle.jpg'),
(11792, 'Colchón con Sommier  Nouvelle 1,00 x 1,90 x 62', 41, 2, 4, 208, 6, 62, 15482.00, 0, 3, 2, 4, 0, 0, 11790, 1, '', 41, 'nouvelle.jpg'),
(11793, 'Colchón con Sommier  Nouvelle 1,20 x 1,90 x 62', 41, 2, 4, 208, 8, 62, 17641.00, 0, 3, 2, 4, 0, 0, 11790, 1, '', 41, 'nouvelle.jpg'),
(11794, 'Colchón con Sommier  Nouvelle 1,30 x 1,90 x 62', 41, 2, 4, 208, 10, 62, 18782.00, 0, 3, 2, 4, 0, 0, 11790, 1, '', 41, 'nouvelle.jpg'),
(11795, 'Colchón con Sommier  Nouvelle 1,40 x 1,90 x 62', 41, 2, 4, 208, 13, 62, 19843.00, 0, 3, 2, 4, 1, 0, 11790, 1, '', 41, 'nouvelle.jpg'),
(11796, 'Colchón con Sommier  Nouvelle 1,50 x 1,90 x 62', 41, 2, 4, 208, 15, 62, 20995.00, 0, 3, 2, 4, 0, 0, 11790, 1, '', 41, 'nouvelle.jpg'),
(11797, 'Colchón con Sommier  Nouvelle 1,60 x 1,90 x 62', 41, 2, 4, 208, 17, 62, 24558.00, 0, 3, 2, 4, 0, 0, 11790, 1, '', 41, 'nouvelle.jpg'),
(11798, 'Colchón con Sommier  Nouvelle 1,60 x 2,00 x 62', 41, 2, 4, 208, 18, 62, 27014.00, 0, 3, 2, 4, 0, 0, 11790, 1, '', 41, 'nouvelle.jpg'),
(11799, 'Colchón con Sommier  Nouvelle 1,80 x 2,00 x 62', 41, 2, 4, 208, 19, 62, 30273.00, 0, 3, 2, 4, 0, 0, 11790, 1, '', 41, 'nouvelle.jpg'),
(11800, 'Colchón con Sommier  Nouvelle 2,00 x 2,00 x 62', 41, 2, 4, 208, 21, 62, 32337.00, 0, 3, 2, 4, 0, 0, 11790, 1, '', 41, 'nouvelle.jpg'),
(11801, 'Colchón con Sommier  DoFuan 0,80 x 1,90 x 64', 42, 2, 4, 209, 2, 64, 14674.00, 0, 3, 2, 4, 0, 0, 11801, 1, '', 42, 'dofuan-00.jpg'),
(11802, 'Colchón con Sommier  DoFuan 0,90 x 1,90 x 64', 42, 2, 4, 209, 4, 64, 16145.00, 0, 3, 2, 4, 0, 0, 11801, 1, '', 42, 'dofuan-00.jpg'),
(11803, 'Colchón con Sommier  DoFuan 1,00 x 1,90 x 64', 42, 2, 4, 209, 6, 64, 17448.00, 0, 3, 2, 4, 0, 0, 11801, 1, '', 42, 'dofuan-00.jpg'),
(11804, 'Colchón con Sommier  DoFuan 1,20 x 1,90 x 64', 42, 2, 4, 209, 8, 64, 19908.00, 0, 3, 2, 4, 0, 0, 11801, 1, '', 42, 'dofuan-00.jpg'),
(11805, 'Colchón con Sommier  DoFuan 1,30 x 1,90 x 64', 42, 2, 4, 209, 10, 64, 21213.00, 0, 3, 2, 4, 0, 0, 11801, 1, '', 42, 'dofuan-00.jpg'),
(11806, 'Colchón con Sommier  DoFuan 1,40 x 1,90 x 64', 42, 2, 4, 209, 13, 64, 22435.00, 0, 3, 2, 4, 0, 0, 11801, 1, '', 42, 'dofuan-00.jpg'),
(11807, 'Colchón con Sommier  DoFuan 1,50 x 1,90 x 64', 42, 2, 4, 209, 15, 64, 23752.00, 0, 3, 2, 4, 0, 1, 11801, 1, '', 42, 'dofuan-00.jpg'),
(11808, 'Colchón con Sommier  DoFuan 1,60 x 1,90 x 64', 42, 2, 4, 209, 17, 64, 27475.00, 0, 3, 2, 4, 0, 0, 11801, 1, '', 42, 'dofuan-00.jpg'),
(11809, 'Colchón con Sommier  DoFuan 1,60 x 2,00 x 64', 42, 2, 4, 209, 18, 64, 30223.00, 0, 3, 2, 4, 0, 0, 11801, 1, '', 42, 'dofuan-00.jpg'),
(11810, 'Colchón con Sommier  DoFuan 1,80 x 2,00 x 64', 42, 2, 4, 209, 19, 64, 33994.00, 0, 3, 2, 4, 0, 0, 11801, 1, '', 42, 'dofuan-00.jpg'),
(11811, 'Colchón con Sommier  DoFuan 2,00 x 2,00 x 64', 42, 2, 4, 209, 21, 64, 36327.00, 0, 3, 2, 4, 0, 0, 11801, 1, '', 42, 'dofuan-00.jpg'),
(11812, 'Colchón con Sommier  TopFuan 0,80 x 1,90 x 65', 43, 2, 4, 210, 2, 65, 16225.00, 0, 3, 2, 5, 0, 0, 11812, 1, '', 43, 'topfuan.jpg'),
(11813, 'Colchón con Sommier  TopFuan 0,90 x 1,90 x 65', 43, 2, 4, 210, 4, 65, 17879.00, 0, 3, 2, 5, 0, 0, 11812, 1, '', 43, 'topfuan.jpg'),
(11814, 'Colchón con Sommier  TopFuan 1,00 x 1,90 x 65', 43, 2, 4, 210, 6, 65, 19339.00, 0, 3, 2, 5, 0, 0, 11812, 1, '', 43, 'topfuan.jpg'),
(11815, 'Colchón con Sommier  TopFuan 1,20 x 1,90 x 65', 43, 2, 4, 210, 8, 65, 22085.00, 0, 3, 2, 5, 0, 0, 11812, 1, '', 43, 'topfuan.jpg');
INSERT INTO `productos` (`id`, `nombre`, `item_id`, `categoria_id`, `marca_id`, `modelo_id`, `medida_id`, `altura_id`, `precio`, `stock`, `tecnologia_id`, `garantia_id`, `postura_id`, `oferta`, `destacado`, `novedad`, `activo`, `slug`, `item_imagen`, `imagen`) VALUES
(11816, 'Colchón con Sommier  TopFuan 1,30 x 1,90 x 65', 43, 2, 4, 210, 10, 65, 23548.00, 0, 3, 2, 5, 0, 0, 11812, 1, '', 43, 'topfuan.jpg'),
(11817, 'Colchón con Sommier  TopFuan 1,40 x 1,90 x 65', 43, 2, 4, 210, 13, 65, 24927.00, 0, 3, 2, 5, 0, 0, 11812, 1, '', 43, 'topfuan.jpg'),
(11818, 'Colchón con Sommier  TopFuan 1,50 x 1,90 x 65', 43, 2, 4, 210, 15, 65, 26398.00, 0, 3, 2, 5, 0, 1, 11812, 1, '', 43, 'topfuan.jpg'),
(11819, 'Colchón con Sommier  TopFuan 1,60 x 1,90 x 65', 43, 2, 4, 210, 17, 65, 30278.00, 0, 3, 2, 5, 0, 0, 11812, 1, '', 43, 'topfuan.jpg'),
(11820, 'Colchón con Sommier  TopFuan 1,60 x 2,00 x 65', 43, 2, 4, 210, 18, 65, 33306.00, 0, 3, 2, 5, 1, 1, 11812, 1, '', 43, 'topfuan.jpg'),
(11821, 'Colchón con Sommier  TopFuan 1,80 x 2,00 x 65', 43, 2, 4, 210, 19, 65, 34150.00, 0, 3, 2, 5, 0, 0, 11812, 1, '', 43, 'topfuan.jpg'),
(11822, 'Colchón con Sommier  TopFuan 2,00 x 2,00 x 65', 43, 2, 4, 210, 21, 65, 40156.00, 0, 3, 2, 5, 0, 0, 11812, 1, '', 43, 'topfuan.jpg'),
(11823, 'Colchón con Sommier  Moline 1,40 x 1,90 x 67', 71, 2, 10, 233, 13, 67, 14717.00, 0, 3, 2, 5, 0, 0, 11823, 1, '', 71, 'moline-det.jpg'),
(11824, 'Colchón con Sommier  Moline 1,60 x 2,00 x 67', 71, 2, 10, 233, 18, 67, 19781.00, 0, 3, 2, 5, 0, 0, 11823, 1, '', 71, 'moline-det.jpg'),
(11825, 'Colchón con Sommier  Moline 1,80 x 2,00 x 67', 71, 2, 10, 233, 19, 67, 22472.00, 0, 3, 2, 5, 0, 0, 11823, 1, '', 71, 'moline-det.jpg'),
(11826, 'Colchón con Sommier  Moline 2,00 x 2,00 x 67', 71, 2, 10, 233, 21, 67, 24104.00, 0, 3, 2, 5, 0, 0, 11823, 1, '', 71, 'moline-det.jpg'),
(11827, 'Colchón con Sommier  Greyland 1,80 x 2,00 x 2', 67, 2, 10, 229, 19, 28, 24516.12, 0, 4, 2, 5, 0, 0, 3463, 1, '', 67, 'greyland.jpg'),
(11828, 'Colchón con Sommier  Greyland 2,00 x 2,00 x 2', 67, 2, 10, 229, 21, 28, 24327.08, 0, 4, 2, 5, 0, 0, 3463, 1, '', 67, 'greyland.jpg'),
(11833, 'Colchón con Sommier  Rome 1,40 x 1,90 x 58', 66, 2, 10, 228, 13, 58, 11712.00, 0, 4, 2, 4, 0, 0, 11833, 1, '', 66, 'rome-esq.jpg'),
(11834, 'Colchón con Sommier  Rome 1,60 x 2,00 x 58', 66, 2, 10, 228, 18, 58, 16067.00, 0, 4, 2, 4, 0, 0, 11833, 1, '', 66, 'rome-esq.jpg'),
(11835, 'Colchón con Sommier  Rome 1,80 x 2,00 x 58', 66, 2, 10, 228, 19, 58, 18036.00, 0, 4, 2, 4, 0, 0, 11833, 1, '', 66, 'rome-esq.jpg'),
(11836, 'Colchón con Sommier  Rome 2,00 x 2,00 x 58', 66, 2, 10, 228, 21, 58, 19329.00, 0, 4, 2, 4, 0, 0, 11833, 1, '', 66, 'rome-esq.jpg'),
(11841, 'Colchón con Sommier  Belmo Lujo 1,00 x 2,00 x 59', 8, 2, 3, 180, 7, 59, 15675.00, 0, 4, 2, 4, 0, 0, 11841, 1, '', 8, 'belmo-lujo-00.jpg'),
(11842, 'Colchón con Sommier  Belmo Lujo 1,40 x 1,90 x 59', 8, 2, 3, 180, 13, 59, 19788.00, 0, 4, 2, 4, 0, 0, 11841, 1, '', 8, 'belmo-lujo-00.jpg'),
(11843, 'Colchón con Sommier  Belmo Lujo 1,50 x 1,90 x 59', 8, 2, 3, 180, 15, 59, 21274.00, 0, 4, 2, 4, 0, 0, 11841, 1, '', 8, 'belmo-lujo-00.jpg'),
(11844, 'Colchón con Sommier  Belmo Lujo 1,60 x 2,00 x 59', 8, 2, 3, 180, 18, 59, 24549.00, 0, 4, 2, 4, 0, 1, 11841, 1, '', 8, 'belmo-lujo-00.jpg'),
(11845, 'Colchón con Sommier  Belmo Lujo 1,80 x 2,00 x 59', 8, 2, 3, 180, 19, 59, 27503.00, 0, 4, 2, 4, 0, 0, 11841, 1, '', 8, 'belmo-lujo-00.jpg'),
(11846, 'Colchón  Belspring Pillow Top 0,80 x 1,90 x 26', 7, 1, 3, 7, 2, 13, 5608.00, 0, 4, 1, 4, 0, 0, 11846, 1, '', 7, 'belspring-pillow-00.jpg'),
(11847, 'Colchón  Belspring Pillow Top 0,90 x 1,90 x 26', 7, 1, 3, 7, 4, 13, 6116.00, 0, 4, 1, 4, 0, 0, 11846, 1, '', 7, 'belspring-pillow-00.jpg'),
(11848, 'Colchón  Belspring Pillow Top 1,00 x 1,90 x 26', 7, 1, 3, 7, 6, 13, 6748.00, 0, 4, 1, 4, 0, 0, 11846, 1, '', 7, 'belspring-pillow-00.jpg'),
(11849, 'Colchón  Belspring Pillow Top 1,30 x 1,90 x 26', 7, 1, 3, 7, 10, 13, 8346.00, 0, 4, 1, 4, 0, 0, 11846, 1, '', 7, 'belspring-pillow-00.jpg'),
(11850, 'Colchón  Belspring Pillow Top 1,40 x 1,90 x 26', 7, 1, 3, 7, 13, 13, 8858.00, 0, 4, 1, 4, 1, 0, 11846, 1, '', 7, 'belspring-pillow-00.jpg'),
(11851, 'Colchón  Belspring Pillow Top 1,50 x 1,90 x 26', 7, 1, 3, 7, 15, 13, 9750.00, 0, 4, 1, 4, 0, 0, 11846, 1, '', 7, 'belspring-pillow-00.jpg'),
(11852, 'Colchón  Belspring Pillow Top 1,60 x 1,90 x 26', 7, 1, 3, 7, 17, 13, 11167.00, 0, 4, 1, 4, 0, 0, 11846, 1, '', 7, 'belspring-pillow-00.jpg'),
(11853, 'Colchón con Sommier  Dorado 1,60 x 2,00 x 54', 3, 2, 3, 175, 18, 54, 15827.00, 0, 22, 2, 5, 0, 0, 2915, 1, '', 3, 'dorado-00.jpg'),
(11854, 'Colchón con Sommier  Dorado 1,80 x 2,00 x 54', 3, 2, 3, 175, 19, 54, 17398.00, 0, 22, 2, 5, 0, 0, 2915, 1, '', 3, 'dorado-00.jpg'),
(11855, 'Colchón con Sommier  Dorado Pillow Top 1,60 x 2,00 x 57', 4, 2, 3, 176, 18, 57, 11951.00, 0, 22, 2, 5, 0, 0, 320, 1, '', 4, 'dorado-pillow-00.jpg'),
(11856, 'Colchón con Sommier  Dorado Pillow Top 1,80 x 2,00 x 57', 4, 2, 3, 176, 19, 57, 20404.00, 0, 22, 2, 5, 0, 0, 320, 1, '', 4, 'dorado-pillow-00.jpg'),
(11857, 'Colchón  Loft 1,40 x 1,90 x 31', 107, 1, 1, 107, 13, 18, 12957.00, 0, 3, 1, 5, 0, 0, 11857, 1, '', 107, 'loft.jpg'),
(11858, 'Colchón  Loft 1,60 x 2,00 x 31', 107, 1, 1, 107, 18, 18, 14673.00, 0, 3, 1, 5, 0, 0, 11857, 1, '', 107, 'loft.jpg'),
(11859, 'Colchón  Loft 1,80 x 2,00 x 31', 107, 1, 1, 107, 19, 18, 16143.00, 0, 3, 1, 5, 0, 0, 11857, 1, '', 107, 'loft.jpg'),
(11860, 'Colchón  Loft 2,00 x 2,00 x 31', 107, 1, 1, 107, 21, 18, 17157.00, 0, 3, 1, 5, 0, 0, 11857, 1, '', 107, 'loft.jpg'),
(11861, 'Colchón con Sommier  Loft 1,40 x 1,90 x 65', 107, 2, 1, 260, 13, 65, 16514.00, 0, 5, 2, 5, 0, 0, 11861, 1, '', 107, 'loft.jpg'),
(11862, 'Colchón con Sommier  Loft 1,60 x 2,00 x 65', 107, 2, 1, 260, 18, 65, 20650.00, 0, 5, 2, 5, 1, 0, 11861, 1, '', 107, 'loft.jpg'),
(11863, 'Colchón con Sommier  Loft 1,80 x 2,00 x 65', 107, 2, 1, 260, 19, 65, 22335.00, 0, 5, 2, 5, 0, 0, 11861, 1, '', 107, 'loft.jpg'),
(11864, 'Colchón con Sommier  Loft 2,00 x 2,00 x 65', 107, 2, 1, 260, 21, 65, 23649.00, 0, 5, 2, 5, 0, 0, 11861, 1, '', 107, 'loft.jpg'),
(11865, 'Colchón  Lujo 0,80 x 1,90 x 20', 11, 1, 5, 11, 2, 7, 2852.00, 0, 9, 1, 4, 0, 0, 11865, 1, '', 11, 'especial-lujo.jpg'),
(11867, 'Colchón  Lujo 0,90 x 1,90 x 20', 11, 1, 5, 11, 4, 7, 3254.00, 0, 9, 1, 4, 0, 0, 11865, 1, '', 11, 'especial-lujo.jpg'),
(11868, 'Colchón  Lujo 1,00 x 1,90 x 20', 11, 1, 5, 11, 6, 7, 3588.00, 0, 9, 1, 4, 0, 0, 11865, 1, '', 11, 'especial-lujo.jpg'),
(11869, 'Colchón  Lujo 1,30 x 1,90 x 20', 11, 1, 5, 11, 10, 7, 4445.00, 0, 9, 1, 4, 0, 0, 11865, 1, '', 11, 'especial-lujo.jpg'),
(11870, 'Colchón  Lujo 1,40 x 1,90 x 20', 11, 1, 5, 11, 13, 7, 4766.00, 0, 9, 1, 4, 0, 0, 11865, 1, '', 11, 'especial-lujo.jpg'),
(11871, 'Colchón con Sommier  Princess 0,80 x 1,90 x 54', 10, 2, 5, 182, 2, 54, 4454.00, 0, 8, 2, 4, 0, 0, 11871, 1, '', 10, 'princes.jpg'),
(11872, 'Colchón con Sommier  Princess 0,90 x 1,90 x 54', 10, 2, 5, 182, 4, 54, 4837.00, 0, 8, 2, 4, 0, 0, 11871, 1, '', 10, 'princes.jpg'),
(11873, 'Colchón con Sommier  Princess 1,00 x 1,90 x 54', 10, 2, 5, 182, 6, 54, 5266.00, 0, 8, 2, 4, 0, 0, 11871, 1, '', 10, 'princes.jpg'),
(11874, 'Colchón con Sommier  Princess 1,30 x 1,90 x 54', 10, 2, 5, 182, 10, 54, 6688.00, 0, 8, 2, 4, 0, 0, 11871, 1, '', 10, 'princes.jpg'),
(11875, 'Colchón con Sommier  Princess 1,40 x 1,90 x 54', 10, 2, 5, 182, 13, 54, 7012.00, 0, 8, 2, 4, 0, 0, 11871, 1, '', 10, 'princes.jpg'),
(11876, 'Almohada  Cannon Sublime 0,70 x 0,40 x 8', 171, 4, 5, 171, 24, 2, 442.00, 0, 23, 4, 4, 0, 0, 11876, 1, '', 171, 'alm-cannon-sublime.jpg'),
(11877, 'Colchón  Belmo Lujo 1,40 x 1,90 x 26', 8, 1, 3, 8, 13, 13, 14143.00, 0, 4, 1, 4, 0, 0, 11877, 1, '', 8, 'belmo-lujo-00.jpg'),
(11878, 'Colchón  Belmo Lujo 1,50 x 1,90 x 26', 8, 1, 3, 8, 15, 13, 15295.00, 0, 4, 1, 4, 0, 0, 11877, 1, '', 8, 'belmo-lujo-00.jpg'),
(11879, 'Colchón  Belmo Lujo 1,60 x 2,00 x 26', 8, 1, 3, 8, 18, 13, 16310.00, 0, 4, 1, 4, 0, 0, 11877, 1, '', 8, 'belmo-lujo-00.jpg'),
(11880, 'Colchón  Belmo Lujo 1,80 x 2,00 x 26', 8, 1, 3, 8, 19, 13, 18935.00, 0, 4, 1, 4, 0, 0, 11877, 1, '', 8, 'belmo-lujo-00.jpg'),
(11881, 'Colchón  Belmo Lujo 2,00 x 2,00 x 26', 8, 1, 3, 8, 21, 13, 21146.00, 0, 4, 1, 4, 0, 0, 11877, 1, '', 8, 'belmo-lujo-00.jpg'),
(11882, 'Almohada Air Comfort 0,70 x 0,40 x 12', 145, 4, 1, 145, 24, 4, 821.94, 0, 14, 4, 1, 0, 0, 11882, 1, '', 145, 'alm-aircomfort.jpg'),
(11883, 'Almohada Insignia 0,65 x 0,40 x 12', 134, 4, 1, 134, 22, 4, 446.20, 0, 23, 4, 4, 0, 0, 11883, 1, '', 134, 'alm-insignia.jpg'),
(11884, 'Almohada Velvetine Cervical 0,65 x 0,40 x 10', 130, 4, 18, 130, 22, 3, 986.33, 0, 14, 4, 1, 0, 0, 11884, 1, '', 130, 'alm-velvetine-cervical.jpg'),
(11885, 'Almohada Exquisite 0,70 x 0,40 x 10', 144, 4, 19, 144, 24, 3, 528.39, 0, 23, 4, 4, 0, 0, 11885, 1, '', 144, 'alm-exquisite.jpg'),
(11886, 'Almohada Velvetine Coconut 0,65 x 0,40 x 10', 129, 4, 18, 129, 22, 3, 865.39, 0, 14, 4, 1, 0, 0, 11886, 1, '', 129, 'alm-visco.jpg'),
(11887, 'Almohada Florencia 0,65 x 0,40 x 10', 137, 4, 19, 137, 22, 3, 833.68, 0, 14, 4, 1, 0, 0, 11887, 1, '', 137, 'florencia.jpg'),
(11888, 'Almohada Plumax 0,70 x 0,40 x 10', 132, 4, 18, 132, 24, 3, 655.20, 0, 17, 4, 1, 0, 0, 11888, 1, '', 132, 'alm-plumax.jpg'),
(11889, 'Almohada Sensorial 0,70 x 0,40 x 10', 170, 4, 21, 170, 24, 3, 620.00, 0, 14, 4, 1, 0, 0, 11889, 1, '', 170, 'alm-sensorial.jpg'),
(11890, 'Almohada Spa 0,65 x 0,40 x 12', 124, 4, 2, 124, 22, 4, 762.06, 0, 23, 4, 4, 0, 0, 11890, 1, '', 124, 'alm-spa.jpg'),
(11891, 'Almohada Suite 0,70 x 0,50 x 10', 133, 4, 18, 133, 25, 3, 543.65, 0, 17, 4, 2, 0, 0, 11891, 1, '', 133, 'suite.jpg'),
(11892, 'Sábana  Puro Algodón 300 hl 1,60 x 2,00 x 30', 158, 5, 17, 158, 18, 17, 1820.01, 0, 20, 5, 7, 0, 0, 11892, 1, '', 158, 'sab-300hl-1.jpg'),
(11893, 'Sábana  Puro Algodón 300 hl 2,00 x 2,00 x 30', 158, 5, 17, 158, 21, 17, 2066.59, 0, 20, 5, 7, 0, 0, 11892, 1, '', 158, 'sab-300hl-1.jpg'),
(11894, 'Almohada Thermosense Cervical 0,65 x 0,40 x 10', 136, 4, 1, 136, 22, 3, 634.07, 0, 14, 4, 1, 0, 0, 11894, 1, '', 136, 'alm-thermosense-cervival.jpg'),
(11895, 'Almohada Milan 0,90 x 0,50 x 10', 138, 4, 19, 138, 26, 3, 1056.78, 0, 14, 4, 1, 0, 0, 11895, 1, '', 138, 'milan.jpg'),
(11896, 'Colchón  Olympic Jackard 0,90 x 1,90 x 25', 49, 1, 11, 49, 4, 12, 3752.00, 0, 4, 1, 4, 0, 0, 18896, 1, '', 49, 'olympic-jackard.jpg'),
(11897, 'Colchón  Olympic Jackard 1,00 x 1,90 x 25', 49, 1, 11, 49, 6, 12, 4164.00, 0, 4, 1, 4, 0, 0, 18896, 1, '', 49, 'olympic-jackard.jpg'),
(11898, 'Colchón  Olympic Jackard 1,40 x 1,90 x 25', 49, 1, 11, 49, 13, 12, 5681.00, 0, 4, 1, 4, 0, 0, 18896, 1, '', 49, 'olympic-jackard.jpg'),
(11899, 'Colchón  Olympic Jackard 1,50 x 1,90 x 25', 49, 1, 11, 49, 15, 12, 5952.00, 0, 4, 1, 4, 0, 0, 18896, 1, '', 49, 'olympic-jackard.jpg'),
(11900, 'Colchón  Olympic Jackard 1,60 x 2,00 x 25', 49, 1, 11, 49, 18, 12, 6890.00, 0, 4, 1, 4, 0, 0, 18896, 1, '', 49, 'olympic-jackard.jpg'),
(11901, 'Colchón  Olympic Jackard 1,80 x 2,00 x 25', 49, 1, 11, 49, 19, 12, 7602.00, 0, 4, 1, 4, 0, 0, 18896, 1, '', 49, 'olympic-jackard.jpg'),
(11902, 'Colchón  Olympic Jackard 2,00 x 2,00 x 25', 49, 1, 11, 49, 21, 12, 8454.00, 0, 4, 1, 4, 0, 0, 18896, 1, '', 49, 'olympic-jackard.jpg'),
(11903, 'Colchón Rome 0,80 x 1,90 x 24', 66, 1, 10, 66, 2, 11, 4430.00, 0, 4, 1, 4, 0, 0, 11903, 1, '', 66, 'rome-esq.jpg'),
(11904, 'Colchón Rome 0,90 x 1,90 x 24', 66, 1, 10, 66, 4, 11, 5421.00, 0, 4, 1, 4, 0, 0, 11903, 1, '', 66, 'rome-esq.jpg'),
(11905, 'Colchón Rome 1,00 x 1,90 x 24', 66, 1, 10, 66, 6, 11, 5690.00, 0, 4, 1, 4, 0, 0, 11903, 1, '', 66, 'rome-esq.jpg'),
(11906, 'Colchón Rome 1,30 x 1,90 x 24', 66, 1, 10, 66, 10, 11, 7500.00, 0, 4, 1, 4, 0, 0, 11903, 1, '', 66, 'rome-esq.jpg'),
(11907, 'Colchón Rome 1,40 x 1,90 x 24', 66, 1, 10, 66, 13, 11, 8085.00, 0, 4, 1, 4, 0, 0, 11903, 1, '', 66, 'rome-esq.jpg'),
(11908, 'Colchón Rome 1,60 x 2,00 x 24', 66, 1, 10, 66, 18, 11, 9990.00, 0, 4, 1, 4, 0, 0, 11903, 1, '', 66, 'rome-esq.jpg'),
(11909, 'Colchón Rome 1,80 x 2,00 x 24', 66, 1, 10, 66, 19, 11, 11933.00, 0, 4, 1, 4, 0, 0, 11903, 1, '', 66, 'rome-esq.jpg'),
(11910, 'Colchón Rome 2,00 x 2,00 x 24', 66, 1, 10, 66, 21, 11, 12844.00, 0, 4, 1, 4, 0, 0, 11903, 1, '', 66, 'rome-esq.jpg'),
(11916, 'Colchón con Sommier  Red 0,80 x 1,90 x 60', 21, 2, 8, 192, 2, 60, 6262.00, 0, 4, 2, 3, 0, 0, 11916, 1, '', 21, 'red-spring.jpg'),
(11917, 'Colchón con Sommier  Red 0,90 x 1,90 x 60', 21, 2, 8, 192, 4, 60, 6768.00, 0, 4, 2, 3, 0, 0, 11916, 1, '', 21, 'red-spring.jpg'),
(11918, 'Colchón con Sommier  Red 1,00 x 1,90 x 60', 21, 2, 8, 192, 6, 60, 7264.00, 0, 4, 2, 3, 0, 0, 11916, 1, '', 21, 'red-spring.jpg'),
(11919, 'Colchón con Sommier  Red 1,30 x 1,90 x 60', 21, 2, 8, 192, 10, 60, 8757.00, 0, 4, 2, 3, 0, 0, 11916, 1, '', 21, 'red-spring.jpg'),
(11920, 'Colchón con Sommier  Red 1,40 x 1,90 x 60', 21, 2, 8, 192, 13, 60, 9169.00, 0, 4, 2, 3, 0, 0, 11916, 1, '', 21, 'red-spring.jpg'),
(11921, 'Colchón  Red 0,80 x 1,90 x 25', 21, 1, 8, 21, 2, 12, 4204.00, 0, 4, 1, 3, 0, 0, 11921, 1, '', 21, 'red-spring.jpg'),
(11922, 'Colchón  Red 0,90 x 1,90 x 25', 21, 1, 8, 21, 4, 12, 4650.00, 0, 4, 1, 3, 0, 0, 11921, 1, '', 21, 'red-spring.jpg'),
(11923, 'Colchón  Red 1,00 x 1,90 x 25', 21, 1, 8, 21, 6, 12, 5069.00, 0, 4, 1, 3, 0, 0, 11921, 1, '', 21, 'red-spring.jpg'),
(11924, 'Colchón  Red 1,30 x 1,90 x 25', 21, 1, 8, 21, 10, 12, 6129.00, 0, 4, 1, 3, 0, 0, 11921, 1, '', 21, 'red-spring.jpg'),
(11925, 'Colchón  Red 1,40 x 1,90 x 25', 21, 1, 8, 21, 13, 12, 6463.00, 0, 4, 1, 3, 0, 0, 11921, 1, '', 21, 'red-spring.jpg'),
(11926, 'Colchón  Suavestar Lujo 0,80 x 1,90 x 20', 95, 1, 1, 95, 2, 7, 3148.00, 0, 9, 1, 4, 0, 0, 11926, 1, '', 95, 'lujo.jpg'),
(11927, 'Colchón  Suavestar Lujo 0,90 x 1,90 x 20', 95, 1, 1, 95, 4, 7, 3600.00, 0, 9, 1, 4, 0, 0, 11926, 1, '', 95, 'lujo.jpg'),
(11928, 'Colchón  Suavestar Lujo 1,00 x 1,90 x 20', 95, 1, 1, 95, 6, 7, 3953.00, 0, 9, 1, 4, 0, 0, 11926, 1, '', 95, 'lujo.jpg'),
(11929, 'Colchón  Suavestar Lujo 1,40 x 1,90 x 20', 95, 1, 1, 95, 13, 7, 4902.00, 0, 9, 1, 4, 0, 0, 11926, 1, '', 95, 'lujo.jpg'),
(11930, 'Colchón  Superstar Pillow Top 1,40 x 1,90 x 27', 102, 1, 1, 102, 13, 14, 8403.00, 0, 5, 1, 3, 0, 0, 11930, 1, '', 102, 'superstar-pillow.jpg'),
(11931, 'Colchón Tilbury 0,90 x 1,90 x 30', 68, 1, 10, 68, 4, 17, 10706.00, 0, 4, 1, 5, 0, 0, 11931, 1, '', 68, 'tilbury-det.jpg'),
(11932, 'Colchón Tilbury 1,40 x 1,90 x 30', 68, 1, 10, 68, 13, 17, 15362.00, 0, 4, 1, 5, 0, 0, 11931, 1, '', 68, 'tilbury-det.jpg'),
(11933, 'Colchón Tilbury 1,60 x 2,00 x 30', 68, 1, 10, 68, 18, 17, 17266.00, 0, 4, 1, 5, 0, 0, 11931, 1, '', 68, 'tilbury-det.jpg'),
(11934, 'Colchón Tilbury 2,00 x 2,00 x 30', 68, 1, 10, 68, 21, 17, 22046.00, 0, 4, 1, 5, 0, 0, 11931, 1, '', 68, 'tilbury-det.jpg'),
(11935, 'Colchón Trenton 1,00 x 1,90 x 30', 69, 1, 10, 69, 6, 17, 0.00, 0, 4, 1, 5, 0, 0, 11935, 1, '', 69, 'trenton.jpg'),
(11940, 'Cama con Respaldo NeoRelax 1,60 x 2,00 x 60', 164, 2, 23, 164, 18, 60, 39922.80, 0, 16, 2, 6, 0, 0, 11940, 1, '', 164, 'neorelax-00.jpg'),
(11941, 'Sábana  Jersey de Algodón 0,90 x 2,00 x 2', 160, 5, 82, 160, 5, 28, 2300.26, 0, 20, 5, 7, 0, 0, 11941, 1, '', 160, 'sab-jersey-1.jpg'),
(11942, 'Sábana  Jersey de Algodón 1,00 x 2,00 x 2', 160, 5, 82, 160, 7, 28, 2300.26, 0, 20, 5, 7, 0, 0, 11941, 1, '', 160, 'sab-jersey-1.jpg'),
(11943, 'Sábana  Jersey de Algodón 1,50 x 2,00 x 2', 160, 5, 82, 160, 16, 28, 2994.21, 0, 20, 5, 7, 0, 0, 11941, 1, '', 160, 'sab-jersey-1.jpg'),
(11944, 'Sábana  Jersey de Algodón 1,60 x 2,00 x 2', 160, 5, 82, 160, 18, 28, 3081.10, 0, 20, 5, 7, 0, 0, 11941, 1, '', 160, 'sab-jersey-1.jpg'),
(11945, 'Sábana  Jersey de Algodón 1,80 x 2,00 x 2', 160, 5, 82, 160, 19, 28, 3449.80, 0, 20, 5, 7, 0, 0, 11941, 1, '', 160, 'sab-jersey-1.jpg'),
(11946, 'Sábana  Jersey de Algodón 2,00 x 2,00 x 2', 160, 5, 82, 160, 21, 28, 3536.69, 0, 20, 5, 7, 0, 0, 11941, 1, '', 160, 'sab-jersey-1.jpg'),
(11947, 'Colchón con Sommier  Eifel 1,40 x 1,90 x 60', 46, 2, 11, 213, 13, 60, 5991.00, 0, 4, 2, 3, 0, 0, 11947, 1, '', 46, 'eifel.jpg'),
(11948, 'Colchón con Sommier  D Oro 25 cm 1,40 x 1,90 x 61', 36, 2, 4, 203, 13, 61, 14366.00, 0, 10, 2, 5, 0, 0, 11948, 1, '', 36, 'doro-25.jpg'),
(11949, 'Colchón con Sommier  Liz 1,40 x 1,90 x 57', 78, 2, 13, 240, 13, 57, 10007.71, 0, 4, 2, 3, 0, 0, 11949, 1, '', 78, 'liz.jpg'),
(11950, 'Colchón con Sommier  Luxe 1,40 x 1,90 x 57', 80, 2, 13, 242, 13, 57, 11154.90, 0, 10, 2, 5, 0, 0, 11950, 1, '', 80, 'luxe-colchon.jpg'),
(11951, 'Colchón con Sommier  Terra Top 1,40 x 1,90 x 60', 62, 2, 12, 305, 13, 60, 10715.00, 0, 4, 2, 3, 0, 0, 11951, 1, '', 62, 'terratop-col.jpg'),
(11952, 'Colchón  Eifel 1,40 x 1,90 x 23', 46, 1, 11, 46, 13, 10, 4204.00, 0, 4, 1, 3, 0, 0, 11952, 1, '', 46, 'eifel.jpg'),
(11955, 'ashok Colchón  Eifel 1,40 x 1,90 x 23', 1, 2, 1, 1, 13, 8, 422.25, 1, 15, 10, 5, 0, 0, 0, 1, 'ashok-colchon-eifel-140-x-190-x-23', 1, 'ashok-colchon-eifel-140-x-190-x-23-406.jpg'),
(11956, 'test product chk again', 145, 4, 3, 145, 22, 1, 120.00, 100, 23, 1, 6, 1, 1, 1, 1, 'test-product-chk-again', 145, 'test-product-chk-again.jpg'),
(11957, 'ashok Test New Product', 74, 4, 3, 145, 22, 1, 100.00, 10, 23, 1, 4, 1, 1, 1, 1, 'ashok-test-new-product', 74, 'ashok-test-new-product.jpg'),
(11958, 'Lipsum add', 74, 63, 5, 30, 4, 5, 220.00, 20, 7, 2, 5, 1, 1, 1, 1, 'lipsum-add', 74, 'lipsum-add.jpg'),
(11959, 'anna Check', 181, 4, 8, 145, 26, 3, 300.00, 10, 1, 2, 5, 1, 1, 1, 1, 'anna-check', 181, 'anna-check.jpg'),
(11960, 'newcheck', 104, 1, 19, 26, 2, 6, 99.00, 10, 8, 4, 4, 1, 1, 1, 1, 'newcheck', 104, 'newcheck.jpg'),
(11961, 'Pillow add ashok', 176, 63, 9, 40, 13, 15, 210.00, 120, 8, 1, 1, 1, 1, 1, 1, 'pillow-add-ashok', 176, 'pillow-add-ashok.jpg'),
(11962, 'new Product Add', 162, 4, 5, 22, 23, 3, 10.00, 112, 1, 2, 5, 1, 1, 1, 1, 'new-product-add', 162, 'new-product-add.png');

-- --------------------------------------------------------

--
-- Table structure for table `producto_imagen`
--

DROP TABLE IF EXISTS `producto_imagen`;
CREATE TABLE IF NOT EXISTS `producto_imagen` (
  `id` int(10) UNSIGNED NOT NULL AUTO_INCREMENT,
  `producto_id` int(10) UNSIGNED NOT NULL,
  `imagen_id` int(10) UNSIGNED NOT NULL,
  PRIMARY KEY (`id`),
  KEY `producto_imagen_producto_id_foreign` (`producto_id`),
  KEY `producto_imagen_imagen_id_foreign` (`imagen_id`)
) ENGINE=InnoDB AUTO_INCREMENT=3093 DEFAULT CHARSET=utf8 COLLATE=utf8_unicode_ci;

--
-- Dumping data for table `producto_imagen`
--

INSERT INTO `producto_imagen` (`id`, `producto_id`, `imagen_id`) VALUES
(1, 2737, 208),
(2, 2737, 114),
(3, 2738, 208),
(4, 2738, 114),
(5, 2746, 82),
(6, 2746, 276),
(7, 2752, 201),
(8, 2752, 118),
(9, 2754, 183),
(10, 2754, 73),
(11, 2754, 184),
(12, 2757, 53),
(13, 2762, 108),
(14, 2763, 75),
(15, 2763, 177),
(16, 2763, 178),
(17, 2764, 75),
(18, 2764, 177),
(19, 2764, 178),
(20, 2766, 182),
(21, 2766, 181),
(22, 2766, 77),
(23, 2768, 182),
(24, 2768, 181),
(25, 2768, 77),
(26, 2770, 183),
(27, 2770, 73),
(28, 2770, 184),
(29, 2772, 183),
(30, 2772, 73),
(31, 2772, 184),
(32, 2782, 183),
(33, 2782, 73),
(34, 2782, 184),
(35, 2783, 183),
(36, 2783, 73),
(37, 2783, 184),
(38, 2788, 50),
(39, 2788, 278),
(40, 2788, 279),
(41, 2789, 108),
(42, 2793, 108),
(43, 2798, 6),
(44, 2798, 163),
(45, 2809, 105),
(46, 2831, 88),
(47, 2831, 185),
(48, 2832, 265),
(49, 2832, 266),
(50, 2832, 267),
(51, 2832, 65),
(52, 2834, 265),
(53, 2834, 266),
(54, 2834, 267),
(55, 2834, 65),
(56, 2841, 166),
(57, 2841, 3),
(58, 2842, 188),
(59, 2842, 83),
(60, 2846, 255),
(61, 2846, 35),
(62, 2847, 70),
(63, 2848, 274),
(64, 2848, 71),
(65, 2848, 273),
(66, 2850, 115),
(67, 2852, 190),
(68, 2852, 85),
(69, 2855, 245),
(70, 2855, 38),
(71, 2857, 245),
(72, 2857, 38),
(73, 2858, 43),
(74, 2858, 249),
(75, 2859, 274),
(76, 2859, 71),
(77, 2859, 273),
(78, 2868, 188),
(79, 2868, 83),
(80, 2879, 208),
(81, 2879, 114),
(82, 2881, 255),
(83, 2881, 35),
(84, 2889, 81),
(85, 2889, 189),
(86, 2890, 166),
(87, 2890, 3),
(88, 2896, 201),
(89, 2896, 118),
(90, 2898, 111),
(91, 2898, 204),
(92, 2899, 54),
(93, 2902, 201),
(94, 2902, 118),
(95, 2912, 194),
(96, 2912, 87),
(97, 2913, 109),
(98, 2914, 109),
(99, 2915, 166),
(100, 2915, 3),
(101, 2916, 37),
(102, 2916, 257),
(103, 2917, 183),
(104, 2917, 73),
(105, 2917, 184),
(106, 2921, 106),
(107, 2922, 106),
(108, 2924, 108),
(109, 2927, 188),
(110, 2927, 83),
(111, 2928, 188),
(112, 2928, 83),
(113, 2929, 192),
(114, 2929, 84),
(115, 2930, 192),
(116, 2930, 84),
(117, 2931, 44),
(118, 2931, 250),
(119, 2943, 112),
(120, 2943, 205),
(121, 2944, 111),
(122, 2944, 204),
(123, 2947, 98),
(124, 2953, 248),
(125, 2953, 42),
(126, 2954, 75),
(127, 2954, 177),
(128, 2954, 178),
(129, 2960, 293),
(130, 2960, 294),
(131, 2960, 295),
(132, 2960, 292),
(133, 2960, 68),
(134, 2972, 51),
(135, 2972, 259),
(136, 2972, 258),
(137, 2973, 50),
(138, 2973, 278),
(139, 2973, 279),
(140, 2974, 98),
(141, 2977, 255),
(142, 2977, 35),
(143, 2979, 55),
(144, 2980, 55),
(145, 2991, 54),
(146, 2992, 51),
(147, 2992, 259),
(148, 2992, 258),
(149, 2994, 194),
(150, 2994, 87),
(151, 2995, 252),
(152, 2995, 52),
(153, 3000, 55),
(154, 3010, 277),
(155, 3010, 48),
(156, 3010, 49),
(157, 3011, 271),
(158, 3011, 59),
(159, 3012, 252),
(160, 3012, 52),
(161, 3030, 269),
(162, 3030, 80),
(163, 3031, 269),
(164, 3031, 80),
(165, 3038, 54),
(166, 3048, 182),
(167, 3048, 181),
(168, 3048, 77),
(169, 3051, 51),
(170, 3051, 259),
(171, 3051, 258),
(172, 3068, 194),
(173, 3068, 87),
(174, 3086, 188),
(175, 3086, 83),
(176, 3092, 82),
(177, 3092, 276),
(178, 3103, 252),
(179, 3103, 52),
(180, 3107, 67),
(181, 3108, 81),
(182, 3108, 189),
(183, 3116, 32),
(184, 3118, 67),
(185, 3119, 252),
(186, 3119, 52),
(187, 3122, 76),
(188, 3122, 543),
(189, 3122, 179),
(190, 3122, 180),
(191, 3125, 6),
(192, 3125, 163),
(193, 3126, 247),
(194, 3126, 41),
(195, 3142, 75),
(196, 3142, 177),
(197, 3142, 178),
(198, 3144, 183),
(199, 3144, 73),
(200, 3144, 184),
(201, 3146, 106),
(202, 3151, 31),
(203, 3152, 31),
(204, 3154, 36),
(205, 3154, 256),
(206, 3155, 40),
(207, 3155, 244),
(208, 3164, 39),
(209, 3164, 246),
(210, 3165, 33),
(211, 3165, 263),
(212, 3166, 33),
(213, 3166, 263),
(214, 3167, 75),
(215, 3167, 177),
(216, 3167, 178),
(217, 3170, 54),
(218, 3174, 37),
(219, 3174, 257),
(220, 3175, 545),
(221, 3175, 193),
(222, 3176, 40),
(223, 3176, 244),
(224, 3181, 109),
(225, 3192, 269),
(226, 3192, 80),
(227, 3193, 15),
(228, 3194, 15),
(229, 3195, 14),
(230, 3196, 15),
(231, 3205, 152),
(232, 3206, 152),
(233, 3207, 271),
(234, 3207, 59),
(235, 3208, 252),
(236, 3208, 52),
(237, 3213, 183),
(238, 3213, 73),
(239, 3213, 184),
(240, 3214, 183),
(241, 3214, 73),
(242, 3214, 184),
(243, 3228, 15),
(244, 3229, 15),
(245, 3230, 17),
(246, 3231, 17),
(247, 3232, 269),
(248, 3232, 80),
(249, 3233, 194),
(250, 3233, 87),
(251, 3235, 192),
(252, 3235, 84),
(253, 3236, 182),
(254, 3236, 181),
(255, 3236, 77),
(256, 29, 94),
(257, 30, 94),
(258, 31, 94),
(259, 32, 94),
(260, 33, 94),
(261, 41, 268),
(262, 41, 78),
(263, 42, 268),
(264, 42, 78),
(265, 44, 268),
(266, 44, 78),
(267, 45, 268),
(268, 45, 78),
(269, 50, 96),
(270, 51, 96),
(271, 52, 96),
(272, 53, 96),
(273, 54, 96),
(274, 55, 96),
(275, 56, 96),
(276, 57, 96),
(277, 58, 96),
(278, 59, 96),
(279, 60, 96),
(280, 61, 96),
(281, 62, 97),
(282, 63, 97),
(283, 64, 97),
(284, 65, 97),
(285, 66, 97),
(286, 67, 97),
(287, 68, 97),
(288, 69, 97),
(289, 70, 97),
(290, 71, 97),
(291, 72, 97),
(292, 73, 97),
(293, 78, 97),
(294, 79, 97),
(295, 80, 101),
(296, 82, 101),
(297, 84, 101),
(298, 85, 101),
(299, 86, 101),
(300, 88, 101),
(301, 90, 101),
(302, 92, 103),
(303, 94, 103),
(304, 96, 103),
(305, 97, 103),
(306, 98, 103),
(307, 99, 103),
(308, 100, 103),
(309, 101, 103),
(310, 102, 103),
(311, 103, 103),
(312, 104, 104),
(313, 105, 99),
(314, 106, 104),
(315, 107, 104),
(316, 108, 104),
(317, 109, 104),
(318, 110, 104),
(319, 112, 104),
(320, 113, 105),
(321, 114, 104),
(322, 116, 247),
(323, 116, 41),
(324, 117, 247),
(325, 117, 41),
(326, 118, 247),
(327, 118, 41),
(328, 119, 247),
(329, 119, 41),
(330, 120, 247),
(331, 120, 41),
(332, 121, 247),
(333, 121, 41),
(334, 122, 247),
(335, 122, 41),
(336, 123, 247),
(337, 123, 41),
(338, 124, 247),
(339, 124, 41),
(340, 125, 247),
(341, 125, 41),
(342, 126, 247),
(343, 126, 41),
(344, 127, 247),
(345, 127, 41),
(346, 132, 247),
(347, 132, 41),
(348, 133, 247),
(349, 133, 41),
(350, 136, 247),
(351, 136, 41),
(352, 137, 247),
(353, 137, 41),
(354, 138, 247),
(355, 138, 41),
(356, 139, 247),
(357, 139, 41),
(358, 140, 247),
(359, 140, 41),
(360, 141, 247),
(361, 141, 41),
(362, 197, 255),
(363, 197, 35),
(364, 198, 40),
(365, 198, 244),
(366, 200, 40),
(367, 200, 244),
(368, 206, 40),
(369, 206, 244),
(370, 210, 40),
(371, 210, 244),
(372, 211, 36),
(373, 211, 256),
(374, 213, 36),
(375, 213, 256),
(376, 215, 36),
(377, 215, 256),
(378, 217, 36),
(379, 217, 256),
(380, 218, 40),
(381, 218, 244),
(382, 219, 36),
(383, 219, 256),
(384, 220, 255),
(385, 220, 35),
(386, 221, 36),
(387, 221, 256),
(388, 222, 40),
(389, 222, 244),
(390, 297, 161),
(391, 297, 1),
(392, 298, 161),
(393, 298, 1),
(394, 299, 161),
(395, 299, 1),
(396, 300, 161),
(397, 300, 1),
(398, 301, 161),
(399, 301, 1),
(400, 302, 161),
(401, 302, 1),
(402, 303, 170),
(403, 303, 2),
(404, 303, 275),
(405, 304, 170),
(406, 304, 2),
(407, 304, 275),
(408, 305, 170),
(409, 305, 2),
(410, 305, 275),
(411, 306, 170),
(412, 306, 2),
(413, 306, 275),
(414, 307, 170),
(415, 307, 2),
(416, 307, 275),
(417, 308, 170),
(418, 308, 2),
(419, 308, 275),
(420, 309, 166),
(421, 309, 3),
(422, 311, 166),
(423, 311, 3),
(424, 313, 166),
(425, 313, 3),
(426, 315, 166),
(427, 315, 3),
(428, 317, 166),
(429, 317, 3),
(430, 319, 4),
(431, 319, 167),
(432, 320, 4),
(433, 320, 167),
(434, 321, 4),
(435, 321, 167),
(436, 322, 4),
(437, 322, 167),
(438, 323, 4),
(439, 323, 167),
(440, 324, 4),
(441, 324, 167),
(442, 325, 4),
(443, 325, 167),
(444, 326, 4),
(445, 326, 167),
(446, 327, 255),
(447, 327, 35),
(448, 328, 4),
(449, 328, 167),
(450, 329, 6),
(451, 329, 163),
(452, 330, 7),
(453, 330, 165),
(454, 331, 6),
(455, 331, 163),
(456, 332, 7),
(457, 332, 165),
(458, 333, 6),
(459, 333, 163),
(460, 334, 6),
(461, 334, 163),
(462, 335, 6),
(463, 335, 163),
(464, 336, 7),
(465, 336, 165),
(466, 337, 6),
(467, 337, 163),
(468, 338, 7),
(469, 338, 165),
(470, 353, 74),
(471, 353, 175),
(472, 353, 176),
(473, 353, 538),
(474, 353, 542),
(475, 353, 539),
(476, 353, 540),
(477, 353, 541),
(478, 355, 74),
(479, 355, 175),
(480, 355, 176),
(481, 355, 538),
(482, 355, 542),
(483, 355, 539),
(484, 355, 540),
(485, 355, 541),
(486, 357, 74),
(487, 357, 175),
(488, 357, 176),
(489, 357, 538),
(490, 357, 542),
(491, 357, 539),
(492, 357, 540),
(493, 357, 541),
(494, 361, 183),
(495, 361, 73),
(496, 361, 184),
(497, 363, 183),
(498, 363, 73),
(499, 363, 184),
(500, 365, 74),
(501, 365, 175),
(502, 365, 176),
(503, 365, 538),
(504, 365, 542),
(505, 365, 539),
(506, 365, 540),
(507, 365, 541),
(508, 367, 74),
(509, 367, 175),
(510, 367, 176),
(511, 367, 538),
(512, 367, 542),
(513, 367, 539),
(514, 367, 540),
(515, 367, 541),
(516, 368, 74),
(517, 368, 175),
(518, 368, 176),
(519, 368, 538),
(520, 368, 542),
(521, 368, 539),
(522, 368, 540),
(523, 368, 541),
(524, 369, 74),
(525, 369, 175),
(526, 369, 176),
(527, 369, 538),
(528, 369, 542),
(529, 369, 539),
(530, 369, 540),
(531, 369, 541),
(532, 370, 74),
(533, 370, 175),
(534, 370, 176),
(535, 370, 538),
(536, 370, 542),
(537, 370, 539),
(538, 370, 540),
(539, 370, 541),
(540, 371, 74),
(541, 371, 175),
(542, 371, 176),
(543, 371, 538),
(544, 371, 542),
(545, 371, 539),
(546, 371, 540),
(547, 371, 541),
(548, 372, 74),
(549, 372, 175),
(550, 372, 176),
(551, 372, 538),
(552, 372, 542),
(553, 372, 539),
(554, 372, 540),
(555, 372, 541),
(556, 373, 74),
(557, 373, 175),
(558, 373, 176),
(559, 373, 538),
(560, 373, 542),
(561, 373, 539),
(562, 373, 540),
(563, 373, 541),
(564, 374, 74),
(565, 374, 175),
(566, 374, 176),
(567, 374, 538),
(568, 374, 542),
(569, 374, 539),
(570, 374, 540),
(571, 374, 541),
(572, 375, 74),
(573, 375, 175),
(574, 375, 176),
(575, 375, 538),
(576, 375, 542),
(577, 375, 539),
(578, 375, 540),
(579, 375, 541),
(580, 376, 74),
(581, 376, 175),
(582, 376, 176),
(583, 376, 538),
(584, 376, 542),
(585, 376, 539),
(586, 376, 540),
(587, 376, 541),
(588, 377, 75),
(589, 377, 177),
(590, 377, 178),
(591, 379, 75),
(592, 379, 177),
(593, 379, 178),
(594, 381, 75),
(595, 381, 177),
(596, 381, 178),
(597, 383, 75),
(598, 383, 177),
(599, 383, 178),
(600, 385, 75),
(601, 385, 177),
(602, 385, 178),
(603, 387, 76),
(604, 387, 543),
(605, 387, 179),
(606, 387, 180),
(607, 388, 76),
(608, 388, 543),
(609, 388, 179),
(610, 388, 180),
(611, 389, 76),
(612, 389, 543),
(613, 389, 179),
(614, 389, 180),
(615, 390, 76),
(616, 390, 543),
(617, 390, 179),
(618, 390, 180),
(619, 391, 76),
(620, 391, 543),
(621, 391, 179),
(622, 391, 180),
(623, 392, 76),
(624, 392, 543),
(625, 392, 179),
(626, 392, 180),
(627, 393, 76),
(628, 393, 543),
(629, 393, 179),
(630, 393, 180),
(631, 394, 76),
(632, 394, 543),
(633, 394, 179),
(634, 394, 180),
(635, 395, 76),
(636, 395, 543),
(637, 395, 179),
(638, 395, 180),
(639, 396, 76),
(640, 396, 543),
(641, 396, 179),
(642, 396, 180),
(643, 405, 182),
(644, 405, 181),
(645, 405, 77),
(646, 406, 182),
(647, 406, 181),
(648, 406, 77),
(649, 407, 182),
(650, 407, 181),
(651, 407, 77),
(652, 408, 182),
(653, 408, 181),
(654, 408, 77),
(655, 409, 76),
(656, 409, 543),
(657, 409, 179),
(658, 409, 180),
(659, 410, 76),
(660, 410, 543),
(661, 410, 179),
(662, 410, 180),
(663, 411, 182),
(664, 411, 181),
(665, 411, 77),
(666, 412, 182),
(667, 412, 181),
(668, 412, 77),
(669, 413, 76),
(670, 413, 543),
(671, 413, 179),
(672, 413, 180),
(673, 414, 76),
(674, 414, 543),
(675, 414, 179),
(676, 414, 180),
(677, 415, 76),
(678, 415, 543),
(679, 415, 179),
(680, 415, 180),
(681, 416, 76),
(682, 416, 543),
(683, 416, 179),
(684, 416, 180),
(685, 417, 182),
(686, 417, 181),
(687, 417, 77),
(688, 418, 182),
(689, 418, 181),
(690, 418, 77),
(691, 420, 76),
(692, 420, 543),
(693, 420, 179),
(694, 420, 180),
(695, 421, 76),
(696, 421, 543),
(697, 421, 179),
(698, 421, 180),
(699, 422, 76),
(700, 422, 543),
(701, 422, 179),
(702, 422, 180),
(703, 423, 76),
(704, 423, 543),
(705, 423, 179),
(706, 423, 180),
(707, 424, 76),
(708, 424, 543),
(709, 424, 179),
(710, 424, 180),
(711, 425, 74),
(712, 425, 175),
(713, 425, 176),
(714, 425, 538),
(715, 425, 542),
(716, 425, 539),
(717, 425, 540),
(718, 425, 541),
(719, 426, 74),
(720, 426, 175),
(721, 426, 176),
(722, 426, 538),
(723, 426, 542),
(724, 426, 539),
(725, 426, 540),
(726, 426, 541),
(727, 429, 76),
(728, 429, 543),
(729, 429, 179),
(730, 429, 180),
(731, 440, 76),
(732, 440, 543),
(733, 440, 179),
(734, 440, 180),
(735, 452, 182),
(736, 452, 181),
(737, 452, 77),
(738, 453, 182),
(739, 453, 181),
(740, 453, 77),
(741, 454, 274),
(742, 454, 71),
(743, 454, 273),
(744, 455, 70),
(745, 456, 70),
(746, 457, 201),
(747, 457, 118),
(748, 458, 70),
(749, 459, 70),
(750, 460, 70),
(751, 461, 70),
(752, 462, 270),
(753, 462, 57),
(754, 467, 245),
(755, 467, 38),
(756, 468, 245),
(757, 468, 38),
(758, 469, 245),
(759, 469, 38),
(760, 470, 245),
(761, 470, 38),
(762, 471, 245),
(763, 471, 38),
(764, 472, 245),
(765, 472, 38),
(766, 473, 245),
(767, 473, 38),
(768, 474, 245),
(769, 474, 38),
(770, 475, 245),
(771, 475, 38),
(772, 476, 245),
(773, 476, 38),
(774, 477, 245),
(775, 477, 38),
(776, 478, 245),
(777, 478, 38),
(778, 483, 245),
(779, 483, 38),
(780, 484, 245),
(781, 484, 38),
(782, 485, 245),
(783, 485, 38),
(784, 486, 245),
(785, 486, 38),
(786, 487, 245),
(787, 487, 38),
(788, 488, 39),
(789, 488, 246),
(790, 499, 271),
(791, 499, 59),
(792, 500, 280),
(793, 500, 281),
(794, 500, 58),
(795, 507, 271),
(796, 507, 59),
(797, 508, 280),
(798, 508, 281),
(799, 508, 58),
(800, 511, 270),
(801, 511, 57),
(802, 512, 271),
(803, 512, 59),
(804, 513, 270),
(805, 513, 57),
(806, 515, 270),
(807, 515, 57),
(808, 516, 280),
(809, 516, 281),
(810, 516, 58),
(811, 521, 44),
(812, 521, 250),
(813, 522, 44),
(814, 522, 250),
(815, 523, 44),
(816, 523, 250),
(817, 524, 44),
(818, 524, 250),
(819, 525, 44),
(820, 525, 250),
(821, 526, 44),
(822, 526, 250),
(823, 527, 44),
(824, 527, 250),
(825, 528, 44),
(826, 528, 250),
(827, 529, 44),
(828, 529, 250),
(829, 530, 45),
(830, 530, 251),
(831, 531, 44),
(832, 531, 250),
(833, 532, 45),
(834, 532, 251),
(835, 535, 44),
(836, 535, 250),
(837, 536, 45),
(838, 536, 251),
(839, 537, 44),
(840, 537, 250),
(841, 538, 45),
(842, 538, 251),
(843, 539, 44),
(844, 539, 250),
(845, 540, 45),
(846, 540, 251),
(847, 541, 44),
(848, 541, 250),
(849, 542, 45),
(850, 542, 251),
(851, 563, 76),
(852, 563, 543),
(853, 563, 179),
(854, 563, 180),
(855, 565, 44),
(856, 565, 250),
(857, 566, 44),
(858, 566, 250),
(859, 567, 44),
(860, 567, 250),
(861, 568, 44),
(862, 568, 250),
(863, 569, 44),
(864, 569, 250),
(865, 570, 44),
(866, 570, 250),
(867, 572, 44),
(868, 572, 250),
(869, 573, 44),
(870, 573, 250),
(871, 574, 44),
(872, 574, 250),
(873, 575, 43),
(874, 575, 249),
(875, 576, 43),
(876, 576, 249),
(877, 577, 43),
(878, 577, 249),
(879, 578, 43),
(880, 578, 249),
(881, 579, 43),
(882, 579, 249),
(883, 580, 43),
(884, 580, 249),
(885, 581, 43),
(886, 581, 249),
(887, 582, 43),
(888, 582, 249),
(889, 583, 43),
(890, 583, 249),
(891, 584, 43),
(892, 584, 249),
(893, 585, 43),
(894, 585, 249),
(895, 586, 43),
(896, 586, 249),
(897, 587, 43),
(898, 587, 249),
(899, 590, 43),
(900, 590, 249),
(901, 591, 43),
(902, 591, 249),
(903, 592, 43),
(904, 592, 249),
(905, 593, 43),
(906, 593, 249),
(907, 595, 43),
(908, 595, 249),
(909, 597, 40),
(910, 597, 244),
(911, 598, 40),
(912, 598, 244),
(913, 599, 40),
(914, 599, 244),
(915, 600, 40),
(916, 600, 244),
(917, 601, 40),
(918, 601, 244),
(919, 602, 40),
(920, 602, 244),
(921, 603, 40),
(922, 603, 244),
(923, 604, 40),
(924, 604, 244),
(925, 605, 40),
(926, 605, 244),
(927, 606, 40),
(928, 606, 244),
(929, 607, 40),
(930, 607, 244),
(931, 608, 40),
(932, 608, 244),
(933, 613, 40),
(934, 613, 244),
(935, 614, 40),
(936, 614, 244),
(937, 615, 40),
(938, 615, 244),
(939, 616, 40),
(940, 616, 244),
(941, 617, 40),
(942, 617, 244),
(943, 618, 40),
(944, 618, 244),
(945, 651, 39),
(946, 651, 246),
(947, 652, 39),
(948, 652, 246),
(949, 653, 39),
(950, 653, 246),
(951, 654, 39),
(952, 654, 246),
(953, 655, 39),
(954, 655, 246),
(955, 656, 39),
(956, 656, 246),
(957, 657, 39),
(958, 657, 246),
(959, 658, 39),
(960, 658, 246),
(961, 659, 39),
(962, 659, 246),
(963, 661, 39),
(964, 661, 246),
(965, 662, 39),
(966, 662, 246),
(967, 663, 39),
(968, 663, 246),
(969, 667, 39),
(970, 667, 246),
(971, 668, 39),
(972, 668, 246),
(973, 669, 39),
(974, 669, 246),
(975, 670, 39),
(976, 670, 246),
(977, 671, 39),
(978, 671, 246),
(979, 672, 39),
(980, 672, 246),
(981, 677, 106),
(982, 735, 109),
(983, 736, 109),
(984, 737, 106),
(985, 743, 109),
(986, 744, 109),
(987, 745, 109),
(988, 746, 109),
(989, 747, 109),
(990, 748, 109),
(991, 749, 188),
(992, 749, 83),
(993, 750, 188),
(994, 750, 83),
(995, 751, 188),
(996, 751, 83),
(997, 752, 188),
(998, 752, 83),
(999, 753, 188),
(1000, 753, 83),
(1001, 754, 188),
(1002, 754, 83),
(1003, 755, 188),
(1004, 755, 83),
(1005, 756, 188),
(1006, 756, 83),
(1007, 757, 188),
(1008, 757, 83),
(1009, 758, 188),
(1010, 758, 83),
(1011, 759, 188),
(1012, 759, 83),
(1013, 760, 188),
(1014, 760, 83),
(1015, 761, 188),
(1016, 761, 83),
(1017, 762, 188),
(1018, 762, 83),
(1019, 763, 188),
(1020, 763, 83),
(1021, 764, 188),
(1022, 764, 83),
(1023, 765, 188),
(1024, 765, 83),
(1025, 766, 188),
(1026, 766, 83),
(1027, 767, 545),
(1028, 767, 193),
(1029, 768, 545),
(1030, 768, 193),
(1031, 769, 545),
(1032, 769, 193),
(1033, 771, 545),
(1034, 771, 193),
(1035, 772, 545),
(1036, 772, 193),
(1037, 773, 545),
(1038, 773, 193),
(1039, 774, 545),
(1040, 774, 193),
(1041, 775, 545),
(1042, 775, 193),
(1043, 776, 545),
(1044, 776, 193),
(1045, 777, 545),
(1046, 777, 193),
(1047, 778, 545),
(1048, 778, 193),
(1049, 779, 545),
(1050, 779, 193),
(1051, 780, 545),
(1052, 780, 193),
(1053, 781, 545),
(1054, 781, 193),
(1055, 782, 545),
(1056, 782, 193),
(1057, 783, 545),
(1058, 783, 193),
(1059, 784, 545),
(1060, 784, 193),
(1061, 785, 82),
(1062, 785, 276),
(1063, 786, 82),
(1064, 786, 276),
(1065, 787, 82),
(1066, 787, 276),
(1067, 788, 82),
(1068, 788, 276),
(1069, 789, 82),
(1070, 789, 276),
(1071, 790, 82),
(1072, 790, 276),
(1073, 791, 82),
(1074, 791, 276),
(1075, 792, 82),
(1076, 792, 276),
(1077, 793, 82),
(1078, 793, 276),
(1079, 794, 82),
(1080, 794, 276),
(1081, 795, 82),
(1082, 795, 276),
(1083, 796, 82),
(1084, 796, 276),
(1085, 797, 82),
(1086, 797, 276),
(1087, 798, 82),
(1088, 798, 276),
(1089, 799, 82),
(1090, 799, 276),
(1091, 800, 82),
(1092, 800, 276),
(1093, 801, 82),
(1094, 801, 276),
(1095, 802, 82),
(1096, 802, 276),
(1097, 803, 79),
(1098, 804, 79),
(1099, 805, 79),
(1100, 806, 79),
(1101, 807, 79),
(1102, 808, 79),
(1103, 809, 79),
(1104, 810, 79),
(1105, 811, 79),
(1106, 812, 79),
(1107, 813, 79),
(1108, 814, 79),
(1109, 815, 79),
(1110, 816, 79),
(1111, 821, 192),
(1112, 821, 84),
(1113, 822, 192),
(1114, 822, 84),
(1115, 823, 192),
(1116, 823, 84),
(1117, 824, 81),
(1118, 824, 189),
(1119, 825, 192),
(1120, 825, 84),
(1121, 826, 192),
(1122, 826, 84),
(1123, 827, 192),
(1124, 827, 84),
(1125, 828, 82),
(1126, 828, 276),
(1127, 829, 192),
(1128, 829, 84),
(1129, 830, 192),
(1130, 830, 84),
(1131, 831, 192),
(1132, 831, 84),
(1133, 832, 190),
(1134, 832, 85),
(1135, 833, 192),
(1136, 833, 84),
(1137, 834, 190),
(1138, 834, 85),
(1139, 835, 192),
(1140, 835, 84),
(1141, 837, 192),
(1142, 837, 84),
(1143, 838, 192),
(1144, 838, 84),
(1145, 839, 81),
(1146, 839, 189),
(1147, 840, 81),
(1148, 840, 189),
(1149, 841, 81),
(1150, 841, 189),
(1151, 842, 192),
(1152, 842, 84),
(1153, 844, 82),
(1154, 844, 276),
(1155, 846, 192),
(1156, 846, 84),
(1157, 848, 190),
(1158, 848, 85),
(1159, 850, 192),
(1160, 850, 84),
(1161, 852, 190),
(1162, 852, 85),
(1163, 854, 192),
(1164, 854, 84),
(1165, 856, 190),
(1166, 856, 85),
(1167, 880, 110),
(1168, 880, 202),
(1169, 888, 110),
(1170, 888, 202),
(1171, 901, 109),
(1172, 902, 109),
(1173, 913, 208),
(1174, 913, 114),
(1175, 953, 115),
(1176, 956, 115),
(1177, 957, 115),
(1178, 959, 116),
(1179, 960, 116),
(1180, 961, 116),
(1181, 962, 116),
(1182, 963, 116),
(1183, 964, 116),
(1184, 965, 116),
(1185, 966, 116),
(1186, 967, 116),
(1187, 968, 116),
(1188, 969, 116),
(1189, 970, 116),
(1190, 971, 116),
(1191, 972, 116),
(1192, 973, 201),
(1193, 973, 118),
(1194, 975, 201),
(1195, 975, 118),
(1196, 979, 116),
(1197, 980, 116),
(1198, 986, 111),
(1199, 986, 204),
(1200, 987, 117),
(1201, 988, 111),
(1202, 988, 204),
(1203, 990, 111),
(1204, 990, 204),
(1205, 991, 117),
(1206, 992, 111),
(1207, 992, 204),
(1208, 993, 117),
(1209, 994, 117),
(1210, 995, 117),
(1211, 996, 117),
(1212, 997, 117),
(1213, 998, 117),
(1214, 1002, 111),
(1215, 1002, 204),
(1216, 1004, 206),
(1217, 1004, 113),
(1218, 1005, 117),
(1219, 1006, 117),
(1220, 1007, 117),
(1221, 1008, 117),
(1222, 1009, 117),
(1223, 1010, 117),
(1224, 1011, 31),
(1225, 1012, 31),
(1226, 1013, 31),
(1227, 1014, 31),
(1228, 1015, 31),
(1229, 1016, 31),
(1230, 1018, 31),
(1231, 1020, 31),
(1232, 1030, 37),
(1233, 1030, 257),
(1234, 1031, 53),
(1235, 1032, 53),
(1236, 1033, 53),
(1237, 1034, 54),
(1238, 1035, 37),
(1239, 1035, 257),
(1240, 1036, 54),
(1241, 1037, 53),
(1242, 1038, 53),
(1243, 1039, 255),
(1244, 1039, 35),
(1245, 1040, 255),
(1246, 1040, 35),
(1247, 1041, 255),
(1248, 1041, 35),
(1249, 1042, 255),
(1250, 1042, 35),
(1251, 1043, 255),
(1252, 1043, 35),
(1253, 1044, 264),
(1254, 1044, 34),
(1255, 1045, 264),
(1256, 1045, 34),
(1257, 1046, 264),
(1258, 1046, 34),
(1259, 1047, 264),
(1260, 1047, 34),
(1261, 1048, 264),
(1262, 1048, 34),
(1263, 1049, 264),
(1264, 1049, 34),
(1265, 1050, 33),
(1266, 1050, 263),
(1267, 1051, 32),
(1268, 1418, 159),
(1269, 1419, 159),
(1270, 1479, 33),
(1271, 1479, 263),
(1272, 1494, 143),
(1273, 1512, 101),
(1274, 1535, 44),
(1275, 1535, 250),
(1276, 1560, 103),
(1277, 1569, 101),
(1278, 1570, 102),
(1279, 1571, 208),
(1280, 1571, 114),
(1281, 1574, 100),
(1282, 1619, 101),
(1283, 1629, 255),
(1284, 1629, 35),
(1285, 1630, 81),
(1286, 1630, 189),
(1287, 1631, 81),
(1288, 1631, 189),
(1289, 1641, 157),
(1290, 1657, 169),
(1291, 1657, 5),
(1292, 1662, 103),
(1293, 1663, 105),
(1294, 1666, 43),
(1295, 1666, 249),
(1296, 1716, 50),
(1297, 1716, 278),
(1298, 1716, 279),
(1299, 1748, 104),
(1300, 1749, 104),
(1301, 1750, 104),
(1302, 1751, 104),
(1303, 1752, 105),
(1304, 1753, 104),
(1305, 1754, 105),
(1306, 1755, 104),
(1307, 1756, 104),
(1308, 1757, 105),
(1309, 1758, 104),
(1310, 1808, 82),
(1311, 1808, 276),
(1312, 1809, 100),
(1313, 1810, 100),
(1314, 1811, 100),
(1315, 1812, 169),
(1316, 1812, 5),
(1317, 1813, 169),
(1318, 1813, 5),
(1319, 1818, 169),
(1320, 1818, 5),
(1321, 1822, 545),
(1322, 1822, 193),
(1323, 1823, 6),
(1324, 1823, 163),
(1325, 1831, 100),
(1326, 1832, 169),
(1327, 1832, 5),
(1328, 1833, 545),
(1329, 1833, 193),
(1330, 1835, 545),
(1331, 1835, 193),
(1332, 1837, 169),
(1333, 1837, 5),
(1334, 1847, 277),
(1335, 1847, 48),
(1336, 1847, 49),
(1337, 1850, 100),
(1338, 1858, 37),
(1339, 1858, 257),
(1340, 1859, 39),
(1341, 1859, 246),
(1342, 1860, 194),
(1343, 1860, 87),
(1344, 1861, 50),
(1345, 1861, 278),
(1346, 1861, 279),
(1347, 1862, 56),
(1348, 1862, 253),
(1349, 1862, 254),
(1350, 1867, 51),
(1351, 1867, 259),
(1352, 1867, 258),
(1353, 1871, 115),
(1354, 1874, 75),
(1355, 1874, 177),
(1356, 1874, 178),
(1357, 1875, 125),
(1358, 1877, 194),
(1359, 1877, 87),
(1360, 1878, 190),
(1361, 1878, 85),
(1362, 1890, 106),
(1363, 1891, 277),
(1364, 1891, 48),
(1365, 1891, 49),
(1366, 1892, 47),
(1367, 1892, 287),
(1368, 1892, 286),
(1369, 1893, 50),
(1370, 1893, 278),
(1371, 1893, 279),
(1372, 1895, 166),
(1373, 1895, 3),
(1374, 1897, 105),
(1375, 1898, 104),
(1376, 1901, 50),
(1377, 1901, 278),
(1378, 1901, 279),
(1379, 1903, 105),
(1380, 1904, 51),
(1381, 1904, 259),
(1382, 1904, 258),
(1383, 1909, 15),
(1384, 1923, 81),
(1385, 1923, 189),
(1386, 1931, 51),
(1387, 1931, 259),
(1388, 1931, 258),
(1389, 1932, 105),
(1390, 1933, 100),
(1391, 1945, 247),
(1392, 1945, 41),
(1393, 1949, 75),
(1394, 1949, 177),
(1395, 1949, 178),
(1396, 1950, 6),
(1397, 1950, 163),
(1398, 1951, 125),
(1399, 1957, 265),
(1400, 1957, 266),
(1401, 1957, 267),
(1402, 1957, 65),
(1403, 1958, 201),
(1404, 1958, 118),
(1405, 1967, 50),
(1406, 1967, 278),
(1407, 1967, 279),
(1408, 1969, 88),
(1409, 1969, 185),
(1410, 1971, 88),
(1411, 1971, 185),
(1412, 1975, 50),
(1413, 1975, 278),
(1414, 1975, 279),
(1415, 1976, 208),
(1416, 1976, 114),
(1417, 1981, 265),
(1418, 1981, 266),
(1419, 1981, 267),
(1420, 1981, 65),
(1421, 1989, 115),
(1422, 1990, 208),
(1423, 1990, 114),
(1424, 1992, 190),
(1425, 1992, 85),
(1426, 1993, 115),
(1427, 1995, 75),
(1428, 1995, 177),
(1429, 1995, 178),
(1430, 1997, 56),
(1431, 1997, 253),
(1432, 1997, 254),
(1433, 1998, 74),
(1434, 1998, 175),
(1435, 1998, 176),
(1436, 1998, 538),
(1437, 1998, 542),
(1438, 1998, 539),
(1439, 1998, 540),
(1440, 1998, 541),
(1441, 2000, 74),
(1442, 2000, 175),
(1443, 2000, 176),
(1444, 2000, 538),
(1445, 2000, 542),
(1446, 2000, 539),
(1447, 2000, 540),
(1448, 2000, 541),
(1449, 2003, 190),
(1450, 2003, 85),
(1451, 2004, 194),
(1452, 2004, 87),
(1453, 2010, 50),
(1454, 2010, 278),
(1455, 2010, 279),
(1456, 2012, 47),
(1457, 2012, 287),
(1458, 2012, 286),
(1459, 2013, 51),
(1460, 2013, 259),
(1461, 2013, 258),
(1462, 2015, 50),
(1463, 2015, 278),
(1464, 2015, 279),
(1465, 2017, 236),
(1466, 2017, 146),
(1467, 2018, 51),
(1468, 2018, 259),
(1469, 2018, 258),
(1470, 2027, 50),
(1471, 2027, 278),
(1472, 2027, 279),
(1473, 2028, 51),
(1474, 2028, 259),
(1475, 2028, 258),
(1476, 2029, 201),
(1477, 2029, 118),
(1478, 2031, 50),
(1479, 2031, 278),
(1480, 2031, 279),
(1481, 2035, 54),
(1482, 2042, 7),
(1483, 2042, 165),
(1484, 2045, 277),
(1485, 2045, 48),
(1486, 2045, 49),
(1487, 2047, 47),
(1488, 2047, 287),
(1489, 2047, 286),
(1490, 2048, 50),
(1491, 2048, 278),
(1492, 2048, 279),
(1493, 2051, 51),
(1494, 2051, 259),
(1495, 2051, 258),
(1496, 2052, 265),
(1497, 2052, 266),
(1498, 2052, 267),
(1499, 2052, 65),
(1500, 2053, 51),
(1501, 2053, 259),
(1502, 2053, 258),
(1503, 2054, 50),
(1504, 2054, 278),
(1505, 2054, 279),
(1506, 2060, 54),
(1507, 2063, 50),
(1508, 2063, 278),
(1509, 2063, 279),
(1510, 2064, 51),
(1511, 2064, 259),
(1512, 2064, 258),
(1513, 2065, 201),
(1514, 2065, 118),
(1515, 2074, 75),
(1516, 2074, 177),
(1517, 2074, 178),
(1518, 2075, 75),
(1519, 2075, 177),
(1520, 2075, 178),
(1521, 2076, 81),
(1522, 2076, 189),
(1523, 2077, 6),
(1524, 2077, 163),
(1525, 2078, 33),
(1526, 2078, 263),
(1527, 2079, 277),
(1528, 2079, 48),
(1529, 2079, 49),
(1530, 2082, 6),
(1531, 2082, 163),
(1532, 2083, 81),
(1533, 2083, 189),
(1534, 2084, 190),
(1535, 2084, 85),
(1536, 2106, 45),
(1537, 2106, 251),
(1538, 2107, 45),
(1539, 2107, 251),
(1540, 2126, 45),
(1541, 2126, 251),
(1542, 2149, 76),
(1543, 2149, 543),
(1544, 2149, 179),
(1545, 2149, 180),
(1546, 2159, 33),
(1547, 2159, 263),
(1548, 2168, 81),
(1549, 2168, 189),
(1550, 2169, 81),
(1551, 2169, 189),
(1552, 2170, 81),
(1553, 2170, 189),
(1554, 2171, 81),
(1555, 2171, 189),
(1556, 2174, 81),
(1557, 2174, 189),
(1558, 2176, 81),
(1559, 2176, 189),
(1560, 2186, 45),
(1561, 2186, 251),
(1562, 2188, 45),
(1563, 2188, 251),
(1564, 2189, 45),
(1565, 2189, 251),
(1566, 2190, 45),
(1567, 2190, 251),
(1568, 2191, 45),
(1569, 2191, 251),
(1570, 2192, 45),
(1571, 2192, 251),
(1572, 2193, 81),
(1573, 2193, 189),
(1574, 2194, 45),
(1575, 2194, 251),
(1576, 2195, 45),
(1577, 2195, 251),
(1578, 2196, 81),
(1579, 2196, 189),
(1580, 2197, 81),
(1581, 2197, 189),
(1582, 2198, 81),
(1583, 2198, 189),
(1584, 2199, 81),
(1585, 2199, 189),
(1586, 2200, 81),
(1587, 2200, 189),
(1588, 2201, 81),
(1589, 2201, 189),
(1590, 2202, 81),
(1591, 2202, 189),
(1592, 2203, 32),
(1593, 2204, 37),
(1594, 2204, 257),
(1595, 2206, 37),
(1596, 2206, 257),
(1597, 2208, 37),
(1598, 2208, 257),
(1599, 2212, 37),
(1600, 2212, 257),
(1601, 2215, 32),
(1602, 2216, 37),
(1603, 2216, 257),
(1604, 2217, 32),
(1605, 2219, 32),
(1606, 2222, 264),
(1607, 2222, 34),
(1608, 2244, 248),
(1609, 2244, 42),
(1610, 2245, 248),
(1611, 2245, 42),
(1612, 2262, 248),
(1613, 2262, 42),
(1614, 2265, 248),
(1615, 2265, 42),
(1616, 2266, 248),
(1617, 2266, 42),
(1618, 2267, 248),
(1619, 2267, 42),
(1620, 2268, 248),
(1621, 2268, 42),
(1622, 2287, 248),
(1623, 2287, 42),
(1624, 2288, 248),
(1625, 2288, 42),
(1626, 2291, 248),
(1627, 2291, 42),
(1628, 2306, 54),
(1629, 2307, 127),
(1630, 2313, 54),
(1631, 2363, 76),
(1632, 2363, 543),
(1633, 2363, 179),
(1634, 2363, 180),
(1635, 2400, 53),
(1636, 2403, 54),
(1637, 2404, 126),
(1638, 2404, 237),
(1639, 2426, 81),
(1640, 2426, 189),
(1641, 2446, 162),
(1642, 2446, 9),
(1643, 2447, 37),
(1644, 2447, 257),
(1645, 2516, 51),
(1646, 2516, 259),
(1647, 2516, 258),
(1648, 2518, 248),
(1649, 2518, 42),
(1650, 2522, 50),
(1651, 2522, 278),
(1652, 2522, 279),
(1653, 2524, 82),
(1654, 2524, 276),
(1655, 2529, 106),
(1656, 2530, 50),
(1657, 2530, 278),
(1658, 2530, 279),
(1659, 2531, 159),
(1660, 2534, 47),
(1661, 2534, 287),
(1662, 2534, 286),
(1663, 2537, 7),
(1664, 2537, 165),
(1665, 2542, 43),
(1666, 2542, 249),
(1667, 2543, 39),
(1668, 2543, 246),
(1669, 2549, 89),
(1670, 2549, 195),
(1671, 2550, 51),
(1672, 2550, 259),
(1673, 2550, 258),
(1674, 2551, 545),
(1675, 2551, 193),
(1676, 2552, 545),
(1677, 2552, 193),
(1678, 2553, 43),
(1679, 2553, 249),
(1680, 2555, 194),
(1681, 2555, 87),
(1682, 2557, 100),
(1683, 2558, 32),
(1684, 2562, 293),
(1685, 2562, 294),
(1686, 2562, 295),
(1687, 2562, 292),
(1688, 2562, 68),
(1689, 2563, 159),
(1690, 2564, 183),
(1691, 2564, 73),
(1692, 2564, 184),
(1693, 2565, 183),
(1694, 2565, 73),
(1695, 2565, 184),
(1696, 2568, 53),
(1697, 2576, 183),
(1698, 2576, 73),
(1699, 2576, 184),
(1700, 2583, 54),
(1701, 2591, 166),
(1702, 2591, 3),
(1703, 2592, 183),
(1704, 2592, 73),
(1705, 2592, 184),
(1706, 2593, 188),
(1707, 2593, 83),
(1708, 2594, 277),
(1709, 2594, 48),
(1710, 2594, 49),
(1711, 2603, 82),
(1712, 2603, 276),
(1713, 2604, 159),
(1714, 2605, 255),
(1715, 2605, 35),
(1716, 2606, 194),
(1717, 2606, 87),
(1718, 2610, 82),
(1719, 2610, 276),
(1720, 2611, 111),
(1721, 2611, 204),
(1722, 2612, 111),
(1723, 2612, 204),
(1724, 2613, 111),
(1725, 2613, 204),
(1726, 2616, 103),
(1727, 2618, 105),
(1728, 2619, 37),
(1729, 2619, 257),
(1730, 2625, 82),
(1731, 2625, 276),
(1732, 2627, 6),
(1733, 2627, 163),
(1734, 2628, 6),
(1735, 2628, 163),
(1736, 2630, 111),
(1737, 2630, 204),
(1738, 2634, 100),
(1739, 2638, 206),
(1740, 2638, 113),
(1741, 2644, 277),
(1742, 2644, 48),
(1743, 2644, 49),
(1744, 2649, 208),
(1745, 2649, 114),
(1746, 2652, 108),
(1747, 2661, 32),
(1748, 2662, 54),
(1749, 2663, 208),
(1750, 2663, 114),
(1751, 2669, 45),
(1752, 2669, 251),
(1753, 2671, 54),
(1754, 2672, 50),
(1755, 2672, 278),
(1756, 2672, 279),
(1757, 2673, 98),
(1758, 2674, 98),
(1759, 2686, 108),
(1760, 2688, 208),
(1761, 2688, 114),
(1762, 2692, 111),
(1763, 2692, 204),
(1764, 2694, 208),
(1765, 2694, 114),
(1766, 2701, 194),
(1767, 2701, 87),
(1768, 2703, 183),
(1769, 2703, 73),
(1770, 2703, 184),
(1771, 2704, 183),
(1772, 2704, 73),
(1773, 2704, 184),
(1774, 2706, 115),
(1775, 2707, 208),
(1776, 2707, 114),
(1777, 2708, 4),
(1778, 2708, 167),
(1779, 2715, 183),
(1780, 2715, 73),
(1781, 2715, 184),
(1782, 2718, 208),
(1783, 2718, 114),
(1784, 2731, 39),
(1785, 2731, 246),
(1786, 3257, 16),
(1787, 3258, 16),
(1788, 3260, 18),
(1789, 3261, 18),
(1790, 3269, 182),
(1791, 3269, 181),
(1792, 3269, 77),
(1793, 3270, 269),
(1794, 3270, 80),
(1795, 3280, 192),
(1796, 3280, 84),
(1797, 3282, 18),
(1798, 3283, 17),
(1799, 3284, 141),
(1800, 3285, 33),
(1801, 3285, 263),
(1802, 3303, 191),
(1803, 3303, 86),
(1804, 3304, 191),
(1805, 3304, 86),
(1806, 3308, 255),
(1807, 3308, 35),
(1808, 3309, 255),
(1809, 3309, 35),
(1810, 3313, 17),
(1811, 3314, 17),
(1812, 3320, 188),
(1813, 3320, 83),
(1814, 3324, 17),
(1815, 3325, 17),
(1816, 3337, 208),
(1817, 3337, 114),
(1818, 3338, 115),
(1819, 3343, 45),
(1820, 3343, 251),
(1821, 3354, 17),
(1822, 3358, 252),
(1823, 3358, 52),
(1824, 3360, 10),
(1825, 3361, 12),
(1826, 3362, 13),
(1827, 3364, 32),
(1828, 3366, 252),
(1829, 3366, 52),
(1830, 3368, 99),
(1831, 3369, 99),
(1832, 3370, 99),
(1833, 3371, 99),
(1834, 3372, 108),
(1835, 3374, 108),
(1836, 3375, 192),
(1837, 3375, 84),
(1838, 3376, 192),
(1839, 3376, 84),
(1840, 3389, 191),
(1841, 3389, 86),
(1842, 3390, 191),
(1843, 3390, 86),
(1844, 3391, 191),
(1845, 3391, 86),
(1846, 3392, 191),
(1847, 3392, 86),
(1848, 3393, 191),
(1849, 3393, 86),
(1850, 3395, 81),
(1851, 3395, 189),
(1852, 3396, 191),
(1853, 3396, 86),
(1854, 3397, 191),
(1855, 3397, 86),
(1856, 3398, 191),
(1857, 3398, 86),
(1858, 3399, 191),
(1859, 3399, 86),
(1860, 3400, 191),
(1861, 3400, 86),
(1862, 3401, 81),
(1863, 3401, 189),
(1864, 3402, 81),
(1865, 3402, 189),
(1866, 3403, 191),
(1867, 3403, 86),
(1868, 3404, 191),
(1869, 3404, 86),
(1870, 3405, 191),
(1871, 3405, 86),
(1872, 3406, 191),
(1873, 3406, 86),
(1874, 3407, 191),
(1875, 3407, 86),
(1876, 3408, 191),
(1877, 3408, 86),
(1878, 3409, 89),
(1879, 3409, 195),
(1880, 3410, 89),
(1881, 3410, 195),
(1882, 3411, 19),
(1883, 3411, 288),
(1884, 3412, 19),
(1885, 3412, 288),
(1886, 3413, 19),
(1887, 3413, 288),
(1888, 3414, 19),
(1889, 3414, 288),
(1890, 3415, 19),
(1891, 3415, 288),
(1892, 3417, 20),
(1893, 3418, 20),
(1894, 3419, 20),
(1895, 3420, 20),
(1896, 3421, 20),
(1897, 3422, 17),
(1898, 3423, 17),
(1899, 3426, 18),
(1900, 3428, 18),
(1901, 3429, 18),
(1902, 3430, 18),
(1903, 3431, 18),
(1904, 3432, 15),
(1905, 3433, 15),
(1906, 3444, 252),
(1907, 3444, 52),
(1908, 3446, 252),
(1909, 3446, 52),
(1910, 3449, 252),
(1911, 3449, 52),
(1912, 3451, 51),
(1913, 3451, 259),
(1914, 3451, 258),
(1915, 3452, 51),
(1916, 3452, 259),
(1917, 3452, 258),
(1918, 3456, 51),
(1919, 3456, 259),
(1920, 3456, 258),
(1921, 3459, 70),
(1922, 3460, 265),
(1923, 3460, 266),
(1924, 3460, 267),
(1925, 3460, 65),
(1926, 3461, 293),
(1927, 3461, 294),
(1928, 3461, 295),
(1929, 3461, 292),
(1930, 3461, 68),
(1931, 3462, 67),
(1932, 3463, 67),
(1933, 3465, 74),
(1934, 3465, 175),
(1935, 3465, 176),
(1936, 3465, 538),
(1937, 3465, 542),
(1938, 3465, 539),
(1939, 3465, 540),
(1940, 3465, 541),
(1941, 3467, 72),
(1942, 3467, 242),
(1943, 3467, 243),
(1944, 3468, 72),
(1945, 3468, 242),
(1946, 3468, 243),
(1947, 3469, 72),
(1948, 3469, 242),
(1949, 3469, 243),
(1950, 3470, 72),
(1951, 3470, 242),
(1952, 3470, 243),
(1953, 3473, 72),
(1954, 3473, 242),
(1955, 3473, 243),
(1956, 3474, 72),
(1957, 3474, 242),
(1958, 3474, 243),
(1959, 3475, 72),
(1960, 3475, 242),
(1961, 3475, 243),
(1962, 3476, 72),
(1963, 3476, 242),
(1964, 3476, 243),
(1965, 3477, 72),
(1966, 3477, 242),
(1967, 3477, 243),
(1968, 3478, 72),
(1969, 3478, 242),
(1970, 3478, 243),
(1971, 3479, 72),
(1972, 3479, 242),
(1973, 3479, 243),
(1974, 3480, 72),
(1975, 3480, 242),
(1976, 3480, 243),
(1977, 3481, 72),
(1978, 3481, 242),
(1979, 3481, 243),
(1980, 3482, 72),
(1981, 3482, 242),
(1982, 3482, 243),
(1983, 3483, 72),
(1984, 3483, 242),
(1985, 3483, 243),
(1986, 3484, 72),
(1987, 3484, 242),
(1988, 3484, 243),
(1989, 3485, 72),
(1990, 3485, 242),
(1991, 3485, 243),
(1992, 3486, 72),
(1993, 3486, 242),
(1994, 3486, 243),
(1995, 3487, 192),
(1996, 3487, 84),
(1997, 3488, 192),
(1998, 3488, 84),
(1999, 3489, 192),
(2000, 3489, 84),
(2001, 3494, 188),
(2002, 3494, 83),
(2003, 3495, 188),
(2004, 3495, 83),
(2005, 3496, 188),
(2006, 3496, 83),
(2007, 3497, 188),
(2008, 3497, 83),
(2009, 3503, 190),
(2010, 3503, 85),
(2011, 3504, 190),
(2012, 3504, 85),
(2013, 3505, 190),
(2014, 3505, 85),
(2015, 3506, 190),
(2016, 3506, 85),
(2017, 3507, 190),
(2018, 3507, 85),
(2019, 3508, 190),
(2020, 3508, 85),
(2021, 3509, 190),
(2022, 3509, 85),
(2023, 3510, 190),
(2024, 3510, 85),
(2025, 3511, 82),
(2026, 3511, 276),
(2027, 3512, 82),
(2028, 3512, 276),
(2029, 3513, 82),
(2030, 3513, 276),
(2031, 3516, 545),
(2032, 3516, 193),
(2033, 3518, 545),
(2034, 3518, 193),
(2035, 3520, 545),
(2036, 3520, 193),
(2037, 3522, 545),
(2038, 3522, 193),
(2039, 3524, 545),
(2040, 3524, 193),
(2041, 3525, 545),
(2042, 3525, 193),
(2043, 3528, 545),
(2044, 3528, 193),
(2045, 3530, 545),
(2046, 3530, 193),
(2047, 3532, 545),
(2048, 3532, 193),
(2049, 3534, 545),
(2050, 3534, 193),
(2051, 3547, 26),
(2052, 3550, 26),
(2053, 3551, 26),
(2054, 3552, 26),
(2055, 3559, 26),
(2056, 3561, 26),
(2057, 3562, 26),
(2058, 3563, 26),
(2059, 3592, 149),
(2060, 3593, 149),
(2061, 3594, 149),
(2062, 3603, 24),
(2063, 3604, 24),
(2064, 3605, 23),
(2065, 3606, 24),
(2066, 3607, 24),
(2067, 3608, 23),
(2068, 3609, 24),
(2069, 3610, 24),
(2070, 3611, 23),
(2071, 3612, 24),
(2072, 3613, 24),
(2073, 3614, 23),
(2074, 3615, 24),
(2075, 3616, 23),
(2076, 3617, 24),
(2077, 3618, 24),
(2078, 3619, 24),
(2079, 3621, 24),
(2080, 3622, 24),
(2081, 3623, 23),
(2082, 3624, 25),
(2083, 3625, 25),
(2084, 3627, 25),
(2085, 3628, 25),
(2086, 3631, 25),
(2087, 3632, 25),
(2088, 3634, 25),
(2089, 3635, 25),
(2090, 3637, 226),
(2091, 3637, 225),
(2092, 3637, 223),
(2093, 3637, 28),
(2094, 3637, 224),
(2095, 3638, 226),
(2096, 3638, 225),
(2097, 3638, 223),
(2098, 3638, 28),
(2099, 3638, 224),
(2100, 3640, 226),
(2101, 3640, 225),
(2102, 3640, 223),
(2103, 3640, 28),
(2104, 3640, 224),
(2105, 3641, 226),
(2106, 3641, 225),
(2107, 3641, 223),
(2108, 3641, 28),
(2109, 3641, 224),
(2110, 3646, 226),
(2111, 3646, 225),
(2112, 3646, 223),
(2113, 3646, 28),
(2114, 3646, 224),
(2115, 3647, 226),
(2116, 3647, 225),
(2117, 3647, 223),
(2118, 3647, 28),
(2119, 3647, 224),
(2120, 3732, 228),
(2121, 3732, 230),
(2122, 3732, 229),
(2123, 3732, 29),
(2124, 3732, 227),
(2125, 3733, 228),
(2126, 3733, 230),
(2127, 3733, 229),
(2128, 3733, 29),
(2129, 3733, 227),
(2130, 3735, 228),
(2131, 3735, 230),
(2132, 3735, 229),
(2133, 3735, 29),
(2134, 3735, 227),
(2135, 3736, 228),
(2136, 3736, 230),
(2137, 3736, 229),
(2138, 3736, 29),
(2139, 3736, 227),
(2140, 3737, 228),
(2141, 3737, 230),
(2142, 3737, 229),
(2143, 3737, 29),
(2144, 3737, 227),
(2145, 3739, 228),
(2146, 3739, 230),
(2147, 3739, 229),
(2148, 3739, 29),
(2149, 3739, 227),
(2150, 3740, 22),
(2151, 3741, 22),
(2152, 3742, 22),
(2153, 3743, 22),
(2154, 3744, 22),
(2155, 3745, 22),
(2156, 3746, 22),
(2157, 3747, 22),
(2158, 3748, 22),
(2159, 3749, 22),
(2160, 3750, 210),
(2161, 3750, 122),
(2162, 3752, 210),
(2163, 3752, 122),
(2164, 3753, 210),
(2165, 3753, 122),
(2166, 3754, 210),
(2167, 3754, 122),
(2168, 3755, 210),
(2169, 3755, 122),
(2170, 3756, 210),
(2171, 3756, 122),
(2172, 3757, 210),
(2173, 3757, 122),
(2174, 3759, 210),
(2175, 3759, 122),
(2176, 3760, 209),
(2177, 3760, 120),
(2178, 3761, 209),
(2179, 3761, 120),
(2180, 3762, 209),
(2181, 3762, 120),
(2182, 3763, 209),
(2183, 3763, 120),
(2184, 3769, 207),
(2185, 3769, 121),
(2186, 3770, 207),
(2187, 3770, 121),
(2188, 3771, 207),
(2189, 3771, 121),
(2190, 3772, 207),
(2191, 3772, 121),
(2192, 3773, 207),
(2193, 3773, 121),
(2194, 3774, 207),
(2195, 3774, 121),
(2196, 3775, 207),
(2197, 3775, 121),
(2198, 3776, 207),
(2199, 3776, 121),
(2200, 3797, 19),
(2201, 3797, 288),
(2202, 3798, 19),
(2203, 3798, 288),
(2204, 3799, 19),
(2205, 3799, 288),
(2206, 3800, 19),
(2207, 3800, 288),
(2208, 3801, 19),
(2209, 3801, 288),
(2210, 3802, 20),
(2211, 3803, 20),
(2212, 3804, 20),
(2213, 3805, 20),
(2214, 3806, 20),
(2215, 3807, 12),
(2216, 3808, 12),
(2217, 3809, 12),
(2218, 3810, 12),
(2219, 3811, 12),
(2220, 3812, 123),
(2221, 3813, 123),
(2222, 3814, 123),
(2223, 3815, 123),
(2224, 3816, 210),
(2225, 3816, 122),
(2226, 3817, 14),
(2227, 3818, 14),
(2228, 3819, 14),
(2229, 3820, 14),
(2230, 3821, 14),
(2231, 3822, 14),
(2232, 3823, 14),
(2233, 3824, 14),
(2234, 3825, 14),
(2235, 3826, 14),
(2236, 3827, 128),
(2237, 3828, 12),
(2238, 3829, 12),
(2239, 3830, 12),
(2240, 3831, 12),
(2241, 3832, 12),
(2242, 3833, 12),
(2243, 3834, 12),
(2244, 3836, 142),
(2245, 3837, 148),
(2246, 3838, 148),
(2247, 3839, 148),
(2248, 3840, 214),
(2249, 3840, 216),
(2250, 3841, 214),
(2251, 3841, 216),
(2252, 3842, 214),
(2253, 3842, 216),
(2254, 3843, 214),
(2255, 3843, 216),
(2256, 3844, 214),
(2257, 3844, 216),
(2258, 3845, 214),
(2259, 3845, 216),
(2260, 3846, 214),
(2261, 3846, 216),
(2262, 3847, 214),
(2263, 3847, 216),
(2264, 3848, 217),
(2265, 3848, 60),
(2266, 3849, 217),
(2267, 3849, 60),
(2268, 3850, 217),
(2269, 3850, 60),
(2270, 3851, 217),
(2271, 3851, 60),
(2272, 3852, 217),
(2273, 3852, 60),
(2274, 3853, 217),
(2275, 3853, 60),
(2276, 3854, 217),
(2277, 3854, 60),
(2278, 3855, 217),
(2279, 3855, 60),
(2280, 3856, 16),
(2281, 3857, 10),
(2282, 3858, 10),
(2283, 3859, 10),
(2284, 3861, 16),
(2285, 3862, 16),
(2286, 3863, 16),
(2287, 3864, 16),
(2288, 3882, 203),
(2289, 3882, 119),
(2290, 3883, 203),
(2291, 3883, 119),
(2292, 3884, 203),
(2293, 3884, 119),
(2294, 3885, 203),
(2295, 3885, 119),
(2296, 3890, 203),
(2297, 3890, 119),
(2298, 3891, 203),
(2299, 3891, 119),
(2300, 3892, 203),
(2301, 3892, 119),
(2302, 3893, 203),
(2303, 3893, 119),
(2304, 3894, 209),
(2305, 3894, 120),
(2306, 3895, 209),
(2307, 3895, 120),
(2308, 3896, 209),
(2309, 3896, 120),
(2310, 3897, 209),
(2311, 3897, 120),
(2312, 3913, 162),
(2313, 3913, 9),
(2314, 3914, 162),
(2315, 3914, 9),
(2316, 3915, 162),
(2317, 3915, 9),
(2318, 3916, 162),
(2319, 3916, 9),
(2320, 3917, 162),
(2321, 3917, 9),
(2322, 3918, 162),
(2323, 3918, 9),
(2324, 3919, 162),
(2325, 3919, 9),
(2326, 3920, 162),
(2327, 3920, 9),
(2328, 3921, 162),
(2329, 3921, 9),
(2330, 3922, 162),
(2331, 3922, 9),
(2332, 3923, 156),
(2333, 3923, 282),
(2334, 3927, 30),
(2335, 3928, 30),
(2336, 3929, 30),
(2337, 3930, 30),
(2338, 3931, 30),
(2339, 3932, 30),
(2340, 3933, 30),
(2341, 3934, 30),
(2342, 11468, 198),
(2343, 11468, 199),
(2344, 11468, 200),
(2345, 11469, 544),
(2346, 11470, 147),
(2347, 11471, 198),
(2348, 11471, 199),
(2349, 11471, 200),
(2350, 11492, 110),
(2351, 11492, 202),
(2352, 11493, 110),
(2353, 11493, 202),
(2354, 11494, 110),
(2355, 11494, 202),
(2356, 11495, 110),
(2357, 11495, 202),
(2358, 11501, 112),
(2359, 11501, 205),
(2360, 11502, 112),
(2361, 11502, 205),
(2362, 11503, 112),
(2363, 11503, 205),
(2364, 11504, 112),
(2365, 11504, 205),
(2366, 11505, 112),
(2367, 11505, 205),
(2368, 11506, 112),
(2369, 11506, 205),
(2370, 11507, 112),
(2371, 11507, 205),
(2372, 11508, 112),
(2373, 11508, 205),
(2374, 11509, 111),
(2375, 11509, 204),
(2376, 11510, 112),
(2377, 11510, 205),
(2378, 11511, 112),
(2379, 11511, 205),
(2380, 11512, 112),
(2381, 11512, 205),
(2382, 11513, 112),
(2383, 11513, 205),
(2384, 11514, 112),
(2385, 11514, 205),
(2386, 11515, 206),
(2387, 11515, 113),
(2388, 11516, 206),
(2389, 11516, 113),
(2390, 11517, 206),
(2391, 11517, 113),
(2392, 11518, 206),
(2393, 11518, 113),
(2394, 11519, 206),
(2395, 11519, 113),
(2396, 11520, 206),
(2397, 11520, 113),
(2398, 11521, 206),
(2399, 11521, 113),
(2400, 11522, 206),
(2401, 11522, 113),
(2402, 11523, 206),
(2403, 11523, 113),
(2404, 11524, 206),
(2405, 11524, 113),
(2406, 11525, 206),
(2407, 11525, 113),
(2408, 11526, 206),
(2409, 11526, 113),
(2410, 11527, 206),
(2411, 11527, 113),
(2412, 11528, 206),
(2413, 11528, 113),
(2414, 11529, 135),
(2415, 11535, 150),
(2416, 11542, 150),
(2417, 11545, 150),
(2418, 11546, 150),
(2419, 11562, 151),
(2420, 11563, 151),
(2421, 11564, 151),
(2422, 11586, 155),
(2423, 11587, 155),
(2424, 11592, 131),
(2425, 11593, 217),
(2426, 11593, 60),
(2427, 11594, 217),
(2428, 11594, 60),
(2429, 11595, 217),
(2430, 11595, 60),
(2431, 11596, 217),
(2432, 11596, 60),
(2433, 11597, 217),
(2434, 11597, 60),
(2435, 11598, 217),
(2436, 11598, 60),
(2437, 11599, 217),
(2438, 11599, 60),
(2439, 11600, 217),
(2440, 11600, 60),
(2441, 11601, 217),
(2442, 11601, 60),
(2443, 11602, 219),
(2444, 11602, 61),
(2445, 11603, 219),
(2446, 11603, 61),
(2447, 11604, 219),
(2448, 11604, 61),
(2449, 11605, 219),
(2450, 11605, 61),
(2451, 11606, 219),
(2452, 11606, 61),
(2453, 11607, 219),
(2454, 11607, 61),
(2455, 11608, 219),
(2456, 11608, 61),
(2457, 11609, 219),
(2458, 11609, 61),
(2459, 11610, 219),
(2460, 11610, 61),
(2461, 11611, 219),
(2462, 11611, 61),
(2463, 11612, 219),
(2464, 11612, 61),
(2465, 11613, 219),
(2466, 11613, 61),
(2467, 11614, 219),
(2468, 11614, 61),
(2469, 11615, 219),
(2470, 11615, 61),
(2471, 11616, 219),
(2472, 11616, 61),
(2473, 11617, 219),
(2474, 11617, 61),
(2475, 11618, 219),
(2476, 11618, 61),
(2477, 11619, 219),
(2478, 11619, 61),
(2479, 11620, 220),
(2480, 11620, 221),
(2481, 11621, 220),
(2482, 11621, 221),
(2483, 11622, 220),
(2484, 11622, 221),
(2485, 11623, 220),
(2486, 11623, 221),
(2487, 11624, 220),
(2488, 11624, 221),
(2489, 11625, 220),
(2490, 11625, 221),
(2491, 11626, 220),
(2492, 11626, 221),
(2493, 11627, 220),
(2494, 11627, 221),
(2495, 11628, 220),
(2496, 11628, 221),
(2497, 11629, 220),
(2498, 11629, 221),
(2499, 11630, 220),
(2500, 11630, 221),
(2501, 11631, 220),
(2502, 11631, 221),
(2503, 11632, 220),
(2504, 11632, 221),
(2505, 11633, 220),
(2506, 11633, 221),
(2507, 11634, 220),
(2508, 11634, 221),
(2509, 11635, 220),
(2510, 11635, 221),
(2511, 11636, 220),
(2512, 11636, 221),
(2513, 11637, 220),
(2514, 11637, 221),
(2515, 11638, 218),
(2516, 11638, 212),
(2517, 11639, 218),
(2518, 11639, 212),
(2519, 11640, 218),
(2520, 11640, 212),
(2521, 11641, 218),
(2522, 11641, 212),
(2523, 11642, 218),
(2524, 11642, 212),
(2525, 11643, 218),
(2526, 11643, 212),
(2527, 11644, 218),
(2528, 11644, 212),
(2529, 11645, 218),
(2530, 11645, 212),
(2531, 11646, 218),
(2532, 11646, 212),
(2533, 11647, 218),
(2534, 11647, 212),
(2535, 11648, 218),
(2536, 11648, 212),
(2537, 11649, 218),
(2538, 11649, 212),
(2539, 11650, 218),
(2540, 11650, 212),
(2541, 11651, 218),
(2542, 11651, 212),
(2543, 11652, 218),
(2544, 11652, 212),
(2545, 11653, 218),
(2546, 11653, 212),
(2547, 11654, 218),
(2548, 11654, 212),
(2549, 11655, 218),
(2550, 11655, 212),
(2551, 11656, 64),
(2552, 11657, 64),
(2553, 11658, 64),
(2554, 11659, 64),
(2555, 11660, 64),
(2556, 11661, 64),
(2557, 11662, 64),
(2558, 11663, 64),
(2559, 11664, 64),
(2560, 11665, 64),
(2561, 11666, 63),
(2562, 11666, 213),
(2563, 11667, 63),
(2564, 11667, 213),
(2565, 11668, 63),
(2566, 11668, 213),
(2567, 11669, 63),
(2568, 11669, 213),
(2569, 11670, 63),
(2570, 11670, 213),
(2571, 11671, 63),
(2572, 11671, 213),
(2573, 11672, 63),
(2574, 11672, 213),
(2575, 11673, 63),
(2576, 11673, 213),
(2577, 11674, 211),
(2578, 11675, 211),
(2579, 11676, 211),
(2580, 11677, 211),
(2581, 11678, 211),
(2582, 11679, 211),
(2583, 11680, 211),
(2584, 11681, 211),
(2585, 11682, 13),
(2586, 11683, 13),
(2587, 11684, 13),
(2588, 11686, 13),
(2589, 11687, 13),
(2590, 11688, 13),
(2591, 11689, 13),
(2592, 11690, 13),
(2593, 11693, 12),
(2594, 11694, 12),
(2595, 11695, 14),
(2596, 11696, 14),
(2597, 11697, 14),
(2598, 11698, 14),
(2599, 11699, 14),
(2600, 11700, 16),
(2601, 11701, 16),
(2602, 11702, 16),
(2603, 11703, 16),
(2604, 11704, 16),
(2605, 11705, 16),
(2606, 11706, 16),
(2607, 11707, 16),
(2608, 11708, 16),
(2609, 11709, 18),
(2610, 11710, 18),
(2611, 11711, 17),
(2612, 11712, 17),
(2613, 11713, 17),
(2614, 11714, 17),
(2615, 11715, 17),
(2616, 11716, 17),
(2617, 11717, 16),
(2618, 11718, 16),
(2619, 11719, 13),
(2620, 11720, 173),
(2621, 11720, 174),
(2622, 11720, 172),
(2623, 11720, 171),
(2624, 11721, 173),
(2625, 11721, 174),
(2626, 11721, 172),
(2627, 11721, 171),
(2628, 11722, 173),
(2629, 11722, 174),
(2630, 11722, 172),
(2631, 11722, 171),
(2632, 11723, 173),
(2633, 11723, 174),
(2634, 11723, 172),
(2635, 11723, 171),
(2636, 11724, 173),
(2637, 11724, 174),
(2638, 11724, 172),
(2639, 11724, 171),
(2640, 11725, 173),
(2641, 11725, 174),
(2642, 11725, 172),
(2643, 11725, 171),
(2644, 11726, 173),
(2645, 11726, 174),
(2646, 11726, 172),
(2647, 11726, 171),
(2648, 11727, 173),
(2649, 11727, 174),
(2650, 11727, 172),
(2651, 11727, 171),
(2652, 11728, 173),
(2653, 11728, 174),
(2654, 11728, 172),
(2655, 11728, 171),
(2656, 11738, 168),
(2657, 11739, 222),
(2658, 11739, 231),
(2659, 11739, 232),
(2660, 11739, 233),
(2661, 11739, 234),
(2662, 11739, 235),
(2663, 11740, 222),
(2664, 11740, 231),
(2665, 11740, 232),
(2666, 11740, 233),
(2667, 11740, 234),
(2668, 11740, 235),
(2669, 11741, 222),
(2670, 11741, 231),
(2671, 11741, 232),
(2672, 11741, 233),
(2673, 11741, 234),
(2674, 11741, 235),
(2675, 11742, 222),
(2676, 11742, 231),
(2677, 11742, 232),
(2678, 11742, 233),
(2679, 11742, 234),
(2680, 11742, 235),
(2681, 11745, 222),
(2682, 11745, 231),
(2683, 11745, 232),
(2684, 11745, 233),
(2685, 11745, 234),
(2686, 11745, 235),
(2687, 11746, 222),
(2688, 11746, 231),
(2689, 11746, 232),
(2690, 11746, 233),
(2691, 11746, 234),
(2692, 11746, 235),
(2693, 11747, 95),
(2694, 11748, 289),
(2695, 11748, 290),
(2696, 11748, 291),
(2697, 11749, 40),
(2698, 11749, 244),
(2699, 11750, 44),
(2700, 11750, 250),
(2701, 11751, 44),
(2702, 11751, 250),
(2703, 11752, 44),
(2704, 11752, 250),
(2705, 11753, 44),
(2706, 11753, 250),
(2707, 11754, 44),
(2708, 11754, 250),
(2709, 11755, 44),
(2710, 11755, 250),
(2711, 11756, 39),
(2712, 11756, 246),
(2713, 11757, 39),
(2714, 11757, 246),
(2715, 11758, 39),
(2716, 11758, 246),
(2717, 11759, 39),
(2718, 11759, 246),
(2719, 11760, 39),
(2720, 11760, 246),
(2721, 11761, 39),
(2722, 11761, 246),
(2723, 11762, 39),
(2724, 11762, 246),
(2725, 11763, 39),
(2726, 11763, 246),
(2727, 11764, 39),
(2728, 11764, 246),
(2729, 11765, 39),
(2730, 11765, 246),
(2731, 11766, 39),
(2732, 11766, 246),
(2733, 11767, 45),
(2734, 11767, 251),
(2735, 11768, 45),
(2736, 11768, 251),
(2737, 11769, 45),
(2738, 11769, 251),
(2739, 11770, 45),
(2740, 11770, 251),
(2741, 11771, 45),
(2742, 11771, 251),
(2743, 11772, 45),
(2744, 11772, 251),
(2745, 11773, 45),
(2746, 11773, 251),
(2747, 11774, 45),
(2748, 11774, 251),
(2749, 11775, 45),
(2750, 11775, 251),
(2751, 11776, 45),
(2752, 11776, 251),
(2753, 11777, 45),
(2754, 11777, 251),
(2755, 11778, 45),
(2756, 11778, 251),
(2757, 11779, 245),
(2758, 11779, 38),
(2759, 11780, 245),
(2760, 11780, 38),
(2761, 11781, 245),
(2762, 11781, 38),
(2763, 11782, 245),
(2764, 11782, 38),
(2765, 11783, 245),
(2766, 11783, 38),
(2767, 11784, 245),
(2768, 11784, 38),
(2769, 11785, 245),
(2770, 11785, 38),
(2771, 11786, 245),
(2772, 11786, 38),
(2773, 11787, 245),
(2774, 11787, 38),
(2775, 11788, 245),
(2776, 11788, 38),
(2777, 11789, 245),
(2778, 11789, 38),
(2779, 11790, 247),
(2780, 11790, 41),
(2781, 11791, 247),
(2782, 11791, 41),
(2783, 11792, 247),
(2784, 11792, 41),
(2785, 11793, 247),
(2786, 11793, 41),
(2787, 11794, 247),
(2788, 11794, 41),
(2789, 11795, 247),
(2790, 11795, 41),
(2791, 11796, 247),
(2792, 11796, 41),
(2793, 11797, 247),
(2794, 11797, 41),
(2795, 11798, 247),
(2796, 11798, 41),
(2797, 11799, 247),
(2798, 11799, 41),
(2799, 11800, 247),
(2800, 11800, 41),
(2801, 11801, 248),
(2802, 11801, 42),
(2803, 11802, 248),
(2804, 11802, 42),
(2805, 11803, 248),
(2806, 11803, 42),
(2807, 11804, 248),
(2808, 11804, 42),
(2809, 11805, 248),
(2810, 11805, 42),
(2811, 11806, 248),
(2812, 11806, 42),
(2813, 11807, 248),
(2814, 11807, 42),
(2815, 11808, 248),
(2816, 11808, 42),
(2817, 11809, 248),
(2818, 11809, 42),
(2819, 11810, 248),
(2820, 11810, 42),
(2821, 11811, 248),
(2822, 11811, 42),
(2823, 11812, 43),
(2824, 11812, 249),
(2825, 11813, 43),
(2826, 11813, 249),
(2827, 11814, 43),
(2828, 11814, 249),
(2829, 11815, 43),
(2830, 11815, 249),
(2831, 11816, 43),
(2832, 11816, 249),
(2833, 11817, 43),
(2834, 11817, 249),
(2835, 11818, 43),
(2836, 11818, 249),
(2837, 11819, 43),
(2838, 11819, 249),
(2839, 11820, 43),
(2840, 11820, 249),
(2841, 11821, 43),
(2842, 11821, 249),
(2843, 11822, 43),
(2844, 11822, 249),
(2845, 11823, 274),
(2846, 11823, 71),
(2847, 11823, 273),
(2848, 11824, 274),
(2849, 11824, 71),
(2850, 11824, 273),
(2851, 11825, 274),
(2852, 11825, 71),
(2853, 11825, 273),
(2854, 11826, 274),
(2855, 11826, 71),
(2856, 11826, 273),
(2857, 11827, 67),
(2858, 11828, 67),
(2859, 11833, 284),
(2860, 11833, 283),
(2861, 11833, 66),
(2862, 11833, 285),
(2863, 11834, 284),
(2864, 11834, 283),
(2865, 11834, 66),
(2866, 11834, 285),
(2867, 11835, 284),
(2868, 11835, 283),
(2869, 11835, 66),
(2870, 11835, 285),
(2871, 11836, 284),
(2872, 11836, 283),
(2873, 11836, 66),
(2874, 11836, 285),
(2875, 11841, 8),
(2876, 11841, 164),
(2877, 11842, 8),
(2878, 11842, 164),
(2879, 11843, 8),
(2880, 11843, 164),
(2881, 11844, 8),
(2882, 11844, 164),
(2883, 11845, 8),
(2884, 11845, 164),
(2885, 11846, 7),
(2886, 11846, 165),
(2887, 11847, 7),
(2888, 11847, 165),
(2889, 11848, 7),
(2890, 11848, 165),
(2891, 11849, 7),
(2892, 11849, 165),
(2893, 11850, 7),
(2894, 11850, 165),
(2895, 11851, 7),
(2896, 11851, 165),
(2897, 11852, 7),
(2898, 11852, 165),
(2899, 11853, 166),
(2900, 11853, 3),
(2901, 11854, 166),
(2902, 11854, 3),
(2903, 11855, 4),
(2904, 11855, 167),
(2905, 11856, 4),
(2906, 11856, 167),
(2907, 11857, 107),
(2908, 11858, 107),
(2909, 11859, 107),
(2910, 11860, 107),
(2911, 11861, 107),
(2912, 11862, 107),
(2913, 11863, 107),
(2914, 11864, 107),
(2915, 11865, 262),
(2916, 11867, 262),
(2917, 11868, 262),
(2918, 11869, 262),
(2919, 11870, 262),
(2920, 11871, 10),
(2921, 11872, 10),
(2922, 11873, 10),
(2923, 11874, 10),
(2924, 11875, 10),
(2925, 11876, 241),
(2926, 11877, 8),
(2927, 11877, 164),
(2928, 11878, 8),
(2929, 11878, 164),
(2930, 11879, 8),
(2931, 11879, 164),
(2932, 11880, 8),
(2933, 11880, 164),
(2934, 11881, 8),
(2935, 11881, 164),
(2936, 11882, 145),
(2937, 11883, 134),
(2938, 11884, 130),
(2939, 11885, 144),
(2940, 11886, 129),
(2941, 11887, 137),
(2942, 11888, 132),
(2943, 11889, 239),
(2944, 11889, 240),
(2945, 11889, 238),
(2946, 11890, 124),
(2947, 11891, 133),
(2948, 11892, 158),
(2949, 11893, 158),
(2950, 11894, 136),
(2951, 11895, 272),
(2952, 11895, 138),
(2953, 11896, 277),
(2954, 11896, 48),
(2955, 11896, 49),
(2956, 11897, 277),
(2957, 11897, 48),
(2958, 11897, 49),
(2959, 11898, 277),
(2960, 11898, 48),
(2961, 11898, 49),
(2962, 11899, 277),
(2963, 11899, 48),
(2964, 11899, 49),
(2965, 11900, 277),
(2966, 11900, 48),
(2967, 11900, 49),
(2968, 11901, 277),
(2969, 11901, 48),
(2970, 11901, 49),
(2971, 11902, 277),
(2972, 11902, 48),
(2973, 11902, 49),
(2974, 11903, 284),
(2975, 11903, 283),
(2976, 11903, 66),
(2977, 11903, 285),
(2978, 11904, 284),
(2979, 11904, 283),
(2980, 11904, 66),
(2981, 11904, 285),
(2982, 11905, 284),
(2983, 11905, 283),
(2984, 11905, 66),
(2985, 11905, 285),
(2986, 11906, 284),
(2987, 11906, 283),
(2988, 11906, 66),
(2989, 11906, 285),
(2990, 11907, 284),
(2991, 11907, 283),
(2992, 11907, 66),
(2993, 11907, 285),
(2994, 11908, 284),
(2995, 11908, 283),
(2996, 11908, 66),
(2997, 11908, 285),
(2998, 11909, 284),
(2999, 11909, 283),
(3000, 11909, 66),
(3001, 11909, 285),
(3002, 11910, 284),
(3003, 11910, 283),
(3004, 11910, 66),
(3005, 11910, 285),
(3006, 11916, 21),
(3007, 11917, 21),
(3008, 11918, 21),
(3009, 11919, 21),
(3010, 11920, 21),
(3011, 11921, 21),
(3012, 11922, 21),
(3013, 11923, 21),
(3014, 11924, 21),
(3015, 11925, 21),
(3016, 11926, 11),
(3017, 11927, 11),
(3018, 11928, 11),
(3019, 11929, 11),
(3020, 11930, 102),
(3021, 11931, 293),
(3022, 11931, 294),
(3023, 11931, 295),
(3024, 11931, 292),
(3025, 11931, 68),
(3026, 11932, 293),
(3027, 11932, 294),
(3028, 11932, 295),
(3029, 11932, 292),
(3030, 11932, 68),
(3031, 11933, 293),
(3032, 11933, 294),
(3033, 11933, 295),
(3034, 11933, 292),
(3035, 11933, 68),
(3036, 11934, 293),
(3037, 11934, 294),
(3038, 11934, 295),
(3039, 11934, 292),
(3040, 11934, 68),
(3041, 11935, 296),
(3042, 11935, 69),
(3043, 11940, 545),
(3044, 11940, 193),
(3045, 11941, 160),
(3046, 11942, 160),
(3047, 11943, 160),
(3048, 11944, 160),
(3049, 11945, 160),
(3050, 11946, 160),
(3051, 11947, 46),
(3052, 11947, 261),
(3053, 11947, 260),
(3054, 11948, 36),
(3055, 11948, 256),
(3056, 11949, 268),
(3057, 11949, 78),
(3058, 11950, 269),
(3059, 11950, 80),
(3060, 11951, 62),
(3061, 11951, 215),
(3062, 11952, 46),
(3063, 11952, 261),
(3064, 11952, 260),
(3065, 11955, 1),
(3066, 11956, 145),
(3069, 11958, 558),
(3070, 11958, 559),
(3071, 11958, 560),
(3072, 11958, 561),
(3073, 11958, 562),
(3074, 11955, 563),
(3075, 11876, 564),
(3076, 11876, 565),
(3077, 11959, 566),
(3078, 11959, 567),
(3079, 11959, 568),
(3080, 11960, 569),
(3081, 11960, 570),
(3082, 11960, 571),
(3083, 11961, 572),
(3084, 11961, 573),
(3085, 11961, 574),
(3086, 11921, 575),
(3087, 11962, 576),
(3088, 11962, 577),
(3089, 11876, 578),
(3090, 11876, 579),
(3091, 11876, 580),
(3092, 2307, 581);

-- --------------------------------------------------------

--
-- Table structure for table `purchase_orders`
--

DROP TABLE IF EXISTS `purchase_orders`;
CREATE TABLE IF NOT EXISTS `purchase_orders` (
  `id` bigint(20) UNSIGNED NOT NULL AUTO_INCREMENT,
  `supplier_id` int(10) UNSIGNED NOT NULL,
  `po_date` date NOT NULL,
  `po_no` varchar(191) COLLATE utf8mb4_unicode_ci NOT NULL,
  `total_amount` decimal(15,2) NOT NULL,
  `tax_percentage` decimal(15,2) NOT NULL,
  `tax_amount` decimal(15,2) NOT NULL,
  `gross_amount` decimal(15,2) NOT NULL,
  `po_status` enum('Pending','Sent','Receiving','Completed') COLLATE utf8mb4_unicode_ci NOT NULL DEFAULT 'Pending',
  `po_completed_date` date DEFAULT NULL,
  `remark` text COLLATE utf8mb4_unicode_ci DEFAULT NULL,
  `is_read_token` varchar(191) COLLATE utf8mb4_unicode_ci NOT NULL,
  `is_read_status` tinyint(1) NOT NULL DEFAULT 0,
  `created_at` timestamp NULL DEFAULT NULL,
  `updated_at` timestamp NULL DEFAULT NULL,
  `deleted_at` timestamp NULL DEFAULT NULL,
  PRIMARY KEY (`id`),
  UNIQUE KEY `purchase_orders_po_no_unique` (`po_no`),
  UNIQUE KEY `purchase_orders_is_read_token_unique` (`is_read_token`),
  KEY `purchase_orders_supplier_id_foreign` (`supplier_id`)
) ENGINE=MyISAM AUTO_INCREMENT=4 DEFAULT CHARSET=utf8mb4 COLLATE=utf8mb4_unicode_ci;

--
-- Dumping data for table `purchase_orders`
--

INSERT INTO `purchase_orders` (`id`, `supplier_id`, `po_date`, `po_no`, `total_amount`, `tax_percentage`, `tax_amount`, `gross_amount`, `po_status`, `po_completed_date`, `remark`, `is_read_token`, `is_read_status`, `created_at`, `updated_at`, `deleted_at`) VALUES
(1, 1, '2020-07-29', 'PO-101', '0.00', '0.00', '0.00', '0.00', 'Pending', NULL, 'Test remark', '', 0, NULL, '2020-07-30 03:40:29', '2020-07-30 03:40:29'),
(2, 1, '2020-07-29', 'DORMI000102', '4125.00', '10.00', '412.50', '4537.50', 'Completed', '2020-07-30', 'test', 'sJhuc1u9zcN2HEoDOCfn01zMcV3MXuToACkRLxzv', 0, '2020-07-29 08:29:25', '2020-07-30 06:03:45', NULL),
(3, 1, '2020-07-30', 'DORMI000103', '170.00', '10.00', '17.00', '187.00', 'Receiving', NULL, NULL, '1q8IHysSQ8VAc2i6ALbBOKARxRNetnuErx8o9k92', 0, '2020-07-30 03:16:34', '2020-07-31 01:57:03', NULL);

-- --------------------------------------------------------

--
-- Table structure for table `purchase_order_products`
--

DROP TABLE IF EXISTS `purchase_order_products`;
CREATE TABLE IF NOT EXISTS `purchase_order_products` (
  `id` bigint(20) UNSIGNED NOT NULL AUTO_INCREMENT,
  `purchase_order_id` int(10) UNSIGNED NOT NULL,
  `producto_id` int(10) UNSIGNED NOT NULL,
  `required_qty` decimal(9,2) NOT NULL,
  `price` decimal(9,2) NOT NULL,
  `accept_qty` decimal(9,2) NOT NULL DEFAULT 0.00,
  `return_qty` decimal(9,2) NOT NULL DEFAULT 0.00,
  `receiving_status` enum('Pending','Process','Completed') COLLATE utf8mb4_unicode_ci DEFAULT 'Pending',
  `complete_date` date DEFAULT NULL,
  `created_at` timestamp NULL DEFAULT NULL,
  `updated_at` timestamp NULL DEFAULT NULL,
  `deleted_at` timestamp NULL DEFAULT NULL,
  PRIMARY KEY (`id`),
  KEY `purchase_order_products_purchase_order_id_foreign` (`purchase_order_id`),
  KEY `purchase_order_products_producto_id_foreign` (`producto_id`)
) ENGINE=MyISAM AUTO_INCREMENT=5 DEFAULT CHARSET=utf8mb4 COLLATE=utf8mb4_unicode_ci;

--
-- Dumping data for table `purchase_order_products`
--

INSERT INTO `purchase_order_products` (`id`, `purchase_order_id`, `producto_id`, `required_qty`, `price`, `accept_qty`, `return_qty`, `receiving_status`, `complete_date`, `created_at`, `updated_at`, `deleted_at`) VALUES
(1, 2, 31, '10.00', '100.00', '10.00', '0.00', 'Completed', NULL, '2020-07-29 08:29:25', '2020-07-30 05:45:54', NULL),
(2, 2, 59, '25.00', '125.00', '25.00', '0.00', 'Completed', NULL, '2020-07-29 08:29:25', '2020-07-30 06:03:45', NULL),
(3, 3, 31, '10.00', '5.00', '5.00', '4.00', 'Process', NULL, '2020-07-30 03:16:34', '2020-07-31 03:34:00', NULL),
(4, 3, 32, '12.00', '10.00', '0.00', '0.00', 'Process', NULL, '2020-07-30 03:16:34', '2020-07-31 01:57:03', NULL);

-- --------------------------------------------------------

--
-- Table structure for table `purchase_order_receivings`
--

DROP TABLE IF EXISTS `purchase_order_receivings`;
CREATE TABLE IF NOT EXISTS `purchase_order_receivings` (
  `id` bigint(20) UNSIGNED NOT NULL AUTO_INCREMENT,
  `purchase_order_id` int(10) UNSIGNED NOT NULL,
  `purchase_order_product_id` int(10) UNSIGNED NOT NULL,
  `producto_id` int(10) UNSIGNED NOT NULL,
  `receiving_token` varchar(50) COLLATE utf8mb4_unicode_ci NOT NULL,
  `received_qty` decimal(9,2) NOT NULL,
  `created_at` timestamp NULL DEFAULT NULL,
  `updated_at` timestamp NULL DEFAULT NULL,
  `deleted_at` timestamp NULL DEFAULT NULL,
  PRIMARY KEY (`id`),
  KEY `purchase_order_receivings_purchase_order_id_foreign` (`purchase_order_id`),
  KEY `purchase_order_receivings_purchase_order_product_id_foreign` (`purchase_order_product_id`),
  KEY `purchase_order_receivings_producto_id_foreign` (`producto_id`)
) ENGINE=MyISAM AUTO_INCREMENT=7 DEFAULT CHARSET=utf8mb4 COLLATE=utf8mb4_unicode_ci;

--
-- Dumping data for table `purchase_order_receivings`
--

INSERT INTO `purchase_order_receivings` (`id`, `purchase_order_id`, `purchase_order_product_id`, `producto_id`, `receiving_token`, `received_qty`, `created_at`, `updated_at`, `deleted_at`) VALUES
(1, 2, 1, 31, '1111111', '5.00', '2020-07-30 05:45:21', '2020-07-30 05:45:21', NULL),
(2, 2, 1, 31, '2222222', '5.00', '2020-07-30 05:45:54', '2020-07-30 05:45:54', NULL),
(3, 2, 2, 59, '3333333', '5.00', '2020-07-30 06:01:25', '2020-07-30 06:01:25', NULL),
(4, 2, 2, 59, '4444444', '20.00', '2020-07-30 06:03:45', '2020-07-30 06:03:45', NULL),
(5, 3, 3, 31, 'coN0S1crOU3EWRO', '5.00', '2020-07-31 01:57:03', '2020-07-31 01:57:03', NULL);

-- --------------------------------------------------------

--
-- Table structure for table `purchase_order_returns`
--

DROP TABLE IF EXISTS `purchase_order_returns`;
CREATE TABLE IF NOT EXISTS `purchase_order_returns` (
  `id` bigint(20) UNSIGNED NOT NULL AUTO_INCREMENT,
  `purchase_order_id` int(10) UNSIGNED NOT NULL,
  `purchase_order_product_id` int(10) UNSIGNED NOT NULL,
  `producto_id` int(10) UNSIGNED NOT NULL,
  `return_token` varchar(50) COLLATE utf8mb4_unicode_ci NOT NULL,
  `return_qty` decimal(9,2) NOT NULL,
  `return_note` text COLLATE utf8mb4_unicode_ci DEFAULT NULL,
  `created_at` timestamp NULL DEFAULT NULL,
  `updated_at` timestamp NULL DEFAULT NULL,
  `deleted_at` timestamp NULL DEFAULT NULL,
  PRIMARY KEY (`id`),
  KEY `purchase_order_returns_purchase_order_id_foreign` (`purchase_order_id`),
  KEY `purchase_order_returns_purchase_order_product_id_foreign` (`purchase_order_product_id`),
  KEY `purchase_order_returns_producto_id_foreign` (`producto_id`)
) ENGINE=MyISAM AUTO_INCREMENT=4 DEFAULT CHARSET=utf8mb4 COLLATE=utf8mb4_unicode_ci;

--
-- Dumping data for table `purchase_order_returns`
--

INSERT INTO `purchase_order_returns` (`id`, `purchase_order_id`, `purchase_order_product_id`, `producto_id`, `return_token`, `return_qty`, `return_note`, `created_at`, `updated_at`, `deleted_at`) VALUES
(1, 3, 3, 31, 'Smr4AHxyW4YCkVy', '2.00', NULL, '2020-07-31 02:52:37', '2020-07-31 02:52:37', NULL),
(2, 3, 3, 31, 'mPDLq90ORsNuQl1', '1.00', NULL, '2020-07-31 03:06:42', '2020-07-31 03:06:42', NULL),
(3, 3, 3, 31, 'H9w3aYfeemrWYgE', '1.00', 'test note', '2020-07-31 03:33:59', '2020-07-31 03:33:59', NULL);

-- --------------------------------------------------------

--
-- Table structure for table `roles`
--

DROP TABLE IF EXISTS `roles`;
CREATE TABLE IF NOT EXISTS `roles` (
  `id` bigint(20) UNSIGNED NOT NULL AUTO_INCREMENT,
  `name` varchar(191) COLLATE utf8mb4_unicode_ci NOT NULL,
  `guard_name` varchar(191) COLLATE utf8mb4_unicode_ci NOT NULL,
  `created_at` timestamp NULL DEFAULT NULL,
  `updated_at` timestamp NULL DEFAULT NULL,
  PRIMARY KEY (`id`)
) ENGINE=MyISAM AUTO_INCREMENT=3 DEFAULT CHARSET=utf8mb4 COLLATE=utf8mb4_unicode_ci;

--
-- Dumping data for table `roles`
--

INSERT INTO `roles` (`id`, `name`, `guard_name`, `created_at`, `updated_at`) VALUES
(1, 'admin', 'web', '2020-07-27 06:41:38', '2020-07-27 06:41:38'),
(2, 'employee', 'web', '2020-07-27 06:41:39', '2020-07-27 06:41:39');

-- --------------------------------------------------------

--
-- Table structure for table `role_has_permissions`
--

DROP TABLE IF EXISTS `role_has_permissions`;
CREATE TABLE IF NOT EXISTS `role_has_permissions` (
  `permission_id` bigint(20) UNSIGNED NOT NULL,
  `role_id` bigint(20) UNSIGNED NOT NULL,
  PRIMARY KEY (`permission_id`,`role_id`),
  KEY `role_has_permissions_role_id_foreign` (`role_id`)
) ENGINE=MyISAM DEFAULT CHARSET=utf8mb4 COLLATE=utf8mb4_unicode_ci;

--
-- Dumping data for table `role_has_permissions`
--

INSERT INTO `role_has_permissions` (`permission_id`, `role_id`) VALUES
(1, 1),
(2, 1),
(3, 1),
(4, 1),
(5, 1),
(6, 1),
(7, 1),
(8, 1),
(9, 1),
(10, 1),
(11, 1),
(12, 1),
(13, 1),
(14, 1),
(15, 1),
(16, 1),
(17, 1),
(18, 1),
(19, 1),
(20, 1),
(21, 1),
(22, 1),
(23, 1),
(24, 1),
(25, 1),
(26, 1),
(27, 1),
(28, 1),
(29, 1),
(30, 1),
(31, 1),
(32, 1),
(33, 1),
(34, 1),
(35, 1),
(36, 1),
(37, 1);

-- --------------------------------------------------------

--
-- Table structure for table `sessions`
--

DROP TABLE IF EXISTS `sessions`;
CREATE TABLE IF NOT EXISTS `sessions` (
  `id` varchar(200) COLLATE utf8mb4_unicode_ci NOT NULL,
  `user_id` int(10) UNSIGNED DEFAULT NULL,
  `ip_address` varchar(45) COLLATE utf8mb4_unicode_ci DEFAULT NULL,
  `user_agent` text COLLATE utf8mb4_unicode_ci DEFAULT NULL,
  `payload` text COLLATE utf8mb4_unicode_ci NOT NULL,
  `last_activity` int(11) NOT NULL,
  UNIQUE KEY `sessions_id_unique` (`id`)
) ENGINE=MyISAM DEFAULT CHARSET=utf8mb4 COLLATE=utf8mb4_unicode_ci;

-- --------------------------------------------------------

--
-- Table structure for table `suppliers`
--

DROP TABLE IF EXISTS `suppliers`;
CREATE TABLE IF NOT EXISTS `suppliers` (
  `id` bigint(20) UNSIGNED NOT NULL AUTO_INCREMENT,
  `name` varchar(191) COLLATE utf8mb4_unicode_ci NOT NULL,
  `email` varchar(191) COLLATE utf8mb4_unicode_ci NOT NULL,
  `company_name` varchar(191) COLLATE utf8mb4_unicode_ci DEFAULT NULL,
  `address` varchar(191) COLLATE utf8mb4_unicode_ci NOT NULL,
  `city` varchar(191) COLLATE utf8mb4_unicode_ci NOT NULL,
  `state` varchar(191) COLLATE utf8mb4_unicode_ci NOT NULL,
  `phone` varchar(191) COLLATE utf8mb4_unicode_ci NOT NULL,
  `vat_number` varchar(191) COLLATE utf8mb4_unicode_ci DEFAULT NULL,
  `status` enum('0','1','2') COLLATE utf8mb4_unicode_ci NOT NULL DEFAULT '1' COMMENT '0:Inactive, 1:Active, 2:Delete',
  `created_at` timestamp NULL DEFAULT NULL,
  `updated_at` timestamp NULL DEFAULT NULL,
  PRIMARY KEY (`id`)
) ENGINE=MyISAM AUTO_INCREMENT=3 DEFAULT CHARSET=utf8mb4 COLLATE=utf8mb4_unicode_ci;

--
-- Dumping data for table `suppliers`
--

INSERT INTO `suppliers` (`id`, `name`, `email`, `company_name`, `address`, `city`, `state`, `phone`, `vat_number`, `status`, `created_at`, `updated_at`) VALUES
(1, 'Supplier11', 'supplier1@mail.com', 'XYZ', 'Arera Colony', 'Bhopal', 'MP', '852147850', '1235ASDD895', '1', '2020-07-28 06:40:28', '2020-07-28 06:44:19'),
(2, 'New Supplier', 'newsupplier@mail.com', 'Test Com', 'Test', 'city', 'state', '7412589630', '1236547890', '1', '2020-07-31 07:51:50', '2020-07-31 07:51:50');

-- --------------------------------------------------------

--
-- Table structure for table `tecnologias`
--

DROP TABLE IF EXISTS `tecnologias`;
CREATE TABLE IF NOT EXISTS `tecnologias` (
  `id` int(10) UNSIGNED NOT NULL AUTO_INCREMENT,
  `nombre` varchar(50) COLLATE utf8_unicode_ci NOT NULL,
  `tecnologia_padre` int(10) UNSIGNED NOT NULL,
  PRIMARY KEY (`id`),
  UNIQUE KEY `nombre_unique` (`nombre`),
  UNIQUE KEY `tecnologias_nombre_unique` (`nombre`)
) ENGINE=InnoDB AUTO_INCREMENT=26 DEFAULT CHARSET=utf8 COLLATE=utf8_unicode_ci;

--
-- Dumping data for table `tecnologias`
--

INSERT INTO `tecnologias` (`id`, `nombre`, `tecnologia_padre`) VALUES
(1, 'Con Resortes', 0),
(2, 'Solo Espuma', 0),
(3, 'Resortes Pocket', 1),
(4, 'Resortes Bicónicos', 1),
(5, 'Resortes Contínuos', 1),
(6, 'Resortes Inyectados', 1),
(7, 'Espuma (densidad 22 Kg)', 2),
(8, 'Espuma (densidad 24 kg)', 2),
(9, 'Espuma (densidad 26 kg)', 2),
(10, 'Espuma (densidad 30 kg)', 2),
(11, 'Espuma (densidad 35 kg)', 2),
(12, 'Espuma (densidad 60 kg)', 2),
(13, 'Latex Natural', 2),
(14, 'Espuma Viscoelástica', 2),
(15, 'Espuma (densidad 20 kg)', 2),
(16, 'Espuma HR High Resistence', 2),
(17, 'Fibras 100 % Siliconadas', 0),
(18, 'Plumas', 0),
(19, 'Microfibras', 0),
(20, 'Hilados', 0),
(21, 'Muebles Tapizados', 0),
(22, 'Espuma (densidad 33 kg)', 2),
(23, 'Alma de espuma Soft', 0),
(24, 'Alma de resortes', 0),
(25, 'testttttt ashok', 2);

-- --------------------------------------------------------

--
-- Table structure for table `users`
--

DROP TABLE IF EXISTS `users`;
CREATE TABLE IF NOT EXISTS `users` (
  `id` int(10) UNSIGNED NOT NULL AUTO_INCREMENT,
  `userType` enum('0','1','2') COLLATE utf8mb4_unicode_ci NOT NULL DEFAULT '1' COMMENT '0:Admin, 1:Customer, 2:Employee',
  `uid` varchar(255) COLLATE utf8mb4_unicode_ci DEFAULT NULL,
  `login_through` enum('website','facebook','google') COLLATE utf8mb4_unicode_ci DEFAULT 'website',
  `name` varchar(100) COLLATE utf8mb4_unicode_ci NOT NULL,
  `lastname` varchar(50) COLLATE utf8mb4_unicode_ci DEFAULT NULL,
  `email` varchar(100) COLLATE utf8mb4_unicode_ci NOT NULL,
  `password` varchar(255) COLLATE utf8mb4_unicode_ci NOT NULL,
  `companyname` varchar(50) COLLATE utf8mb4_unicode_ci DEFAULT NULL,
  `address1` text COLLATE utf8mb4_unicode_ci DEFAULT NULL,
  `address2` text COLLATE utf8mb4_unicode_ci DEFAULT NULL,
  `city` varchar(50) COLLATE utf8mb4_unicode_ci DEFAULT NULL,
  `state` varchar(50) COLLATE utf8mb4_unicode_ci DEFAULT NULL,
  `country` varchar(50) COLLATE utf8mb4_unicode_ci DEFAULT NULL,
  `postcode` varchar(10) COLLATE utf8mb4_unicode_ci DEFAULT NULL,
  `phone` varchar(15) COLLATE utf8mb4_unicode_ci DEFAULT NULL,
  `status` enum('0','1','2') COLLATE utf8mb4_unicode_ci NOT NULL DEFAULT '0' COMMENT '0:Active, 1:Inactive, 2:Delete',
  `doc_type` enum('DNI','CUIT','PASSPORT') COLLATE utf8mb4_unicode_ci DEFAULT NULL,
  `doc_number` varchar(191) COLLATE utf8mb4_unicode_ci DEFAULT NULL,
  `locktimeout` varchar(191) COLLATE utf8mb4_unicode_ci NOT NULL DEFAULT '30' COMMENT 'System auto logout if no activity found.',
  `remember_token` varchar(100) COLLATE utf8mb4_unicode_ci DEFAULT NULL,
  `created_at` timestamp NULL DEFAULT NULL,
  `updated_at` timestamp NULL DEFAULT NULL,
  PRIMARY KEY (`id`)
) ENGINE=InnoDB AUTO_INCREMENT=14 DEFAULT CHARSET=utf8mb4 COLLATE=utf8mb4_unicode_ci;

--
-- Dumping data for table `users`
--

INSERT INTO `users` (`id`, `userType`, `uid`, `login_through`, `name`, `lastname`, `email`, `password`, `companyname`, `address1`, `address2`, `city`, `state`, `country`, `postcode`, `phone`, `status`, `doc_type`, `doc_number`, `locktimeout`, `remember_token`, `created_at`, `updated_at`) VALUES
(1, '0', NULL, 'website', 'Jagai Berlinsky', NULL, 'jagaiberlinsky@gmail.com', '$2y$10$MFvZU57gejAN3iJjQq2Slu.carhwTozpF9Tl4eb31/M6DjHqACrBq', 'Dormicentro', 'Berline', NULL, 'Berline', NULL, NULL, NULL, '741258963', '0', NULL, NULL, '30', '1essIZvhAVRM3mQImBy0RyxPAl2aqPNgGM8p8r0gXjA10ArQ0qXa7tsRgXgR', NULL, '2020-07-27 06:41:38'),
(2, '1', NULL, 'website', 'Ashok', 'Sahu', 'ashok@nrt.co.in', '$2y$10$c1hO2GOkDNYbllQk6PEX1.beyXHeoXLXbGqx0w6SBGlJFuMcgGCEa', 'NRT', 'GARCIA DEL RIO 4041', 'GARCIA DEL RIO 4042', 'Buenos Aires', 'BA', 'AR', '1427', '9713753131', '0', 'DNI', '123456', '30', 'ctoZiMYe7OmPTET2eWf1awj0hqEKMrLloF8c4DQzPOSXmmhMkCJRhE4Gz9NO', NULL, '2020-07-29 05:17:20'),
(3, '1', NULL, 'website', 'prashant', NULL, 'prashant.pandey@nrt.co.in', '$2y$10$sFmHrlDgSbZpCSxnZJBJGeSmwKUEU7WM5jPqbVwtGv2E4P8Sl2wjG', NULL, NULL, NULL, NULL, NULL, NULL, NULL, '435345435', '0', NULL, NULL, '30', NULL, NULL, NULL),
(4, '1', NULL, 'website', 'Rakesh', NULL, 'ralesh@nrt.co.in', '$2y$10$kSUngE1FrV7eR0dbU0w.Q.NJ.duC13UdO0s5rIiQiRcW7Skn/ov6W', NULL, NULL, NULL, NULL, NULL, NULL, NULL, '43534543557', '0', NULL, NULL, '30', NULL, NULL, '2020-07-28 07:31:41'),
(5, '1', NULL, 'website', 'sonam', NULL, 'sonampatel0112@gmail.com', '$2y$10$jgsncCKuJk8H9Ior.ZvlOO8yCh9tFDP8HufEJL0jsG1hLqp1PiPr6', NULL, NULL, NULL, NULL, NULL, NULL, NULL, '43534543578', '0', NULL, NULL, '30', 'fAmMGcBK7rv6I29orgad7nYBXfj08p0lUzCa8e8PFvKmKHjqQvGnAwnkOzPS', NULL, '2020-07-28 07:31:41'),
(6, '1', NULL, 'website', 'Rakesh', NULL, 'admin@oms.com', '$2y$10$BTvX7rIYcsrU9HFJCy3YPuOxSV3ExZuRY/M/zG6VSYFDpMzMNlgOO', NULL, NULL, NULL, NULL, NULL, NULL, NULL, '43534543589', '0', NULL, NULL, '30', NULL, NULL, '2020-07-28 07:31:41'),
(8, '1', '10209979605767054', 'facebook', 'Er Ashok Sahu', NULL, 'ashoksahu.baba@gmail.com', '$2y$10$RA5yOe7TLi6S6LzwlOIhAuoxbiMFlgcKwUCnzyvz9PogVEgvL8r1G', NULL, NULL, NULL, NULL, NULL, NULL, NULL, '43534543598', '0', NULL, NULL, '30', 'sQ1JtRvc7e4N80iMiVGXbquf6SSkIimKpT7Qng7LFHuUjUrmWNlh3ALPl07z', NULL, '2020-07-27 07:40:34'),
(12, '2', NULL, 'website', 'Ashok Sahu N', NULL, 'admin@nrtsms.com', '$2y$10$97gxgk6uqJbCd/pzw6QHT.4yUAEsP85db8fP.iWUVe2c1sUi44RU6', NULL, 'Bhopal', NULL, NULL, NULL, NULL, NULL, '9632587410', '0', NULL, NULL, '30', NULL, '2020-07-27 07:32:07', '2020-07-27 07:42:32'),
(13, '1', NULL, 'website', 'test new', 'customer', 'testnew@mail.com', '$2y$10$5GREQ5p4ls4.ZNJw2d1n1.FchkcwnVSRiDzA28.FYRGniaQ1vahsS', 'Test company', '-', '-', '-', '-', '-', '-', '4124525485', '0', 'PASSPORT', '125125151503', '30', NULL, '2020-07-31 07:58:22', '2020-07-31 07:58:22');

-- --------------------------------------------------------

--
-- Table structure for table `websitesettings`
--

DROP TABLE IF EXISTS `websitesettings`;
CREATE TABLE IF NOT EXISTS `websitesettings` (
  `id` int(10) UNSIGNED NOT NULL AUTO_INCREMENT,
  `website_name` varchar(255) COLLATE utf8mb4_unicode_ci DEFAULT NULL,
  `website_logo` varchar(255) COLLATE utf8mb4_unicode_ci DEFAULT NULL,
  `website_title` varchar(255) COLLATE utf8mb4_unicode_ci DEFAULT NULL,
  `email` varchar(255) COLLATE utf8mb4_unicode_ci DEFAULT NULL,
  `locktimeout` varchar(255) COLLATE utf8mb4_unicode_ci DEFAULT NULL,
  `address` varchar(255) COLLATE utf8mb4_unicode_ci DEFAULT NULL,
  `mobilenum` varchar(255) COLLATE utf8mb4_unicode_ci DEFAULT NULL,
  `facebook` varchar(255) COLLATE utf8mb4_unicode_ci DEFAULT NULL,
  `twitter` varchar(255) COLLATE utf8mb4_unicode_ci DEFAULT NULL,
  `googlePlus` varchar(255) COLLATE utf8mb4_unicode_ci DEFAULT NULL,
  `applyCommType` varchar(50) COLLATE utf8mb4_unicode_ci DEFAULT NULL,
  `applyComm` decimal(9,2) DEFAULT NULL,
  `day_1` varchar(255) COLLATE utf8mb4_unicode_ci DEFAULT NULL COMMENT 'For Monday',
  `day_2` varchar(255) COLLATE utf8mb4_unicode_ci DEFAULT NULL COMMENT 'For Tuesday',
  `day_3` varchar(255) COLLATE utf8mb4_unicode_ci DEFAULT NULL COMMENT 'For Wednesday',
  `day_4` varchar(255) COLLATE utf8mb4_unicode_ci DEFAULT NULL COMMENT 'For Thursday',
  `day_5` varchar(255) COLLATE utf8mb4_unicode_ci DEFAULT NULL COMMENT 'For Friday',
  `day_6` varchar(255) COLLATE utf8mb4_unicode_ci DEFAULT NULL COMMENT 'For Saturday',
  `day_7` varchar(255) COLLATE utf8mb4_unicode_ci DEFAULT NULL COMMENT 'For Sunday',
  `created_at` timestamp NULL DEFAULT NULL,
  `updated_at` timestamp NULL DEFAULT NULL,
  PRIMARY KEY (`id`)
) ENGINE=MyISAM AUTO_INCREMENT=2 DEFAULT CHARSET=utf8mb4 COLLATE=utf8mb4_unicode_ci;

--
-- Dumping data for table `websitesettings`
--

INSERT INTO `websitesettings` (`id`, `website_name`, `website_logo`, `website_title`, `email`, `locktimeout`, `address`, `mobilenum`, `facebook`, `twitter`, `googlePlus`, `applyCommType`, `applyComm`, `day_1`, `day_2`, `day_3`, `day_4`, `day_5`, `day_6`, `day_7`, `created_at`, `updated_at`) VALUES
(1, 'dormicentro', 'logo-d.png', 'dormicentro.com', NULL, '10', NULL, NULL, NULL, NULL, NULL, 'percent', '0.00', 'yes', NULL, NULL, 'yes', 'yes', 'yes', 'yes', NULL, '2018-11-28 22:25:18');

--
-- Indexes for dumped tables
--

--
-- Indexes for table `productos`
--
ALTER TABLE `productos` ADD FULLTEXT KEY `nombre` (`nombre`);

--
-- Constraints for dumped tables
--

--
-- Constraints for table `items`
--
ALTER TABLE `items`
  ADD CONSTRAINT `items_imagen_id_foreign` FOREIGN KEY (`imagen_id`) REFERENCES `imagens` (`id`),
  ADD CONSTRAINT `items_marca_id_foreign` FOREIGN KEY (`marca_id`) REFERENCES `marcas` (`id`),
  ADD CONSTRAINT `items_postura_id_foreign` FOREIGN KEY (`postura_id`) REFERENCES `posturas` (`id`),
  ADD CONSTRAINT `items_tecnologia_id_foreign` FOREIGN KEY (`tecnologia_id`) REFERENCES `tecnologias` (`id`);

--
-- Constraints for table `modelos`
--
ALTER TABLE `modelos`
  ADD CONSTRAINT `modelos_garantia_id_foreign` FOREIGN KEY (`garantia_id`) REFERENCES `garantias` (`id`),
  ADD CONSTRAINT `modelos_item_id_foreign` FOREIGN KEY (`item_id`) REFERENCES `items` (`id`),
  ADD CONSTRAINT `modelos_postura_id_foreign` FOREIGN KEY (`postura_id`) REFERENCES `posturas` (`id`),
  ADD CONSTRAINT `modelos_tecnologia_id_foreign` FOREIGN KEY (`tecnologia_id`) REFERENCES `tecnologias` (`id`);

--
-- Constraints for table `productos`
--
ALTER TABLE `productos`
  ADD CONSTRAINT `productos_altura_id_foreign` FOREIGN KEY (`altura_id`) REFERENCES `alturas` (`id`),
  ADD CONSTRAINT `productos_categoria_id_foreign` FOREIGN KEY (`categoria_id`) REFERENCES `categorias` (`id`),
  ADD CONSTRAINT `productos_garantia_id_foreign` FOREIGN KEY (`garantia_id`) REFERENCES `garantias` (`id`),
  ADD CONSTRAINT `productos_item_id_foreign` FOREIGN KEY (`item_id`) REFERENCES `items` (`id`),
  ADD CONSTRAINT `productos_marca_id_foreign` FOREIGN KEY (`marca_id`) REFERENCES `marcas` (`id`),
  ADD CONSTRAINT `productos_medida_id_foreign` FOREIGN KEY (`medida_id`) REFERENCES `medidas` (`id`),
  ADD CONSTRAINT `productos_modelo_id_foreign` FOREIGN KEY (`modelo_id`) REFERENCES `modelos` (`id`),
  ADD CONSTRAINT `productos_postura_id_foreign` FOREIGN KEY (`postura_id`) REFERENCES `posturas` (`id`),
  ADD CONSTRAINT `productos_tecnologia_id_foreign` FOREIGN KEY (`tecnologia_id`) REFERENCES `tecnologias` (`id`);

--
-- Constraints for table `producto_imagen`
--
ALTER TABLE `producto_imagen`
  ADD CONSTRAINT `producto_imagen_imagen_id_foreign` FOREIGN KEY (`imagen_id`) REFERENCES `imagens` (`id`),
  ADD CONSTRAINT `producto_imagen_producto_id_foreign` FOREIGN KEY (`producto_id`) REFERENCES `productos` (`id`);
COMMIT;

/*!40101 SET CHARACTER_SET_CLIENT=@OLD_CHARACTER_SET_CLIENT */;
/*!40101 SET CHARACTER_SET_RESULTS=@OLD_CHARACTER_SET_RESULTS */;
/*!40101 SET COLLATION_CONNECTION=@OLD_COLLATION_CONNECTION */;
